{
"type": "FeatureCollection",
"name": "multi_matches",
"crs": { "type": "name", "properties": { "name": "urn:ogc:def:crs:EPSG::3857" } },
"features": [
{ "type": "Feature", "properties": { "facility_id": "COM01350.00", "facility_name": "Waihi", "facility_other_names": null, "facility_type": "Mine", "primary_commodity": "Gold", "commodities_products": "Gold", "facility_equipment": "Open Pit, Underground", "production_start": 1988.0, "production_end": null, "activity_status": null, "activity_status_year": null, "surface_area_sq_km": null, "concession_area_sq_km": null, "country": "New Zealand", "GID_0": "NZL", "GID_1": "NZL.17_1", "GID_2": "NZL.17.2_1", "GID_3": null, "GID_4": null, "source_id": "det_1359", "comment": null, "Reserves_data": [ { "id": 982, "year": 2014, "material": "O.Au", "commodity": "Me.Au", "mineral_value_tonnes": 2200000.0, "commodity_value_tonnes": 10.20582828, "grade_ppm": 4.564273223930001, "source_id": "det_1013", "comment": NaN }, { "id": 983, "year": 2019, "material": "O.Au", "commodity": "Me.Ag", "mineral_value_tonnes": 920000.0, "commodity_value_tonnes": 23.246608966600004, "grade_ppm": 27.403260869565216, "source_id": "det_1359", "comment": NaN }, { "id": 984, "year": 2019, "material": "O.Au", "commodity": "Me.Au", "mineral_value_tonnes": 920000.0, "commodity_value_tonnes": 2.8349523130000005, "grade_ppm": 3.375217391304348, "source_id": "det_1359", "comment": NaN } ], "index_right": 10, "ISO3_CODE": "NZL", "COUNTRY_NAME": "New Zealand", "AREA": 0.61785376697094285, "distance": 0.0 }, "geometry": { "type": "MultiPoint", "coordinates": [ [ 19574646.532664813101292, -4493124.478879306465387 ] ] } },
{ "type": "Feature", "properties": { "facility_id": "COM00758.00", "facility_name": "Macraes", "facility_other_names": null, "facility_type": "Mine", "primary_commodity": "Gold", "commodities_products": "Gold, Silver", "facility_equipment": "Open pit, Underground, Pressure oxidation plant", "production_start": 1990.0, "production_end": null, "activity_status": null, "activity_status_year": null, "surface_area_sq_km": null, "concession_area_sq_km": null, "country": "New Zealand", "GID_0": "NZL", "GID_1": "NZL.3_1", "GID_2": "NZL.3.10_1", "GID_3": null, "GID_4": null, "source_id": "det_1359", "comment": null, "Reserves_data": [ { "id": 519, "year": 2019, "material": "O.Au", "commodity": "Me.Au", "mineral_value_tonnes": 34620000.0, "commodity_value_tonnes": 31.184475443, "grade_ppm": 0.98683997689197, "source_id": "det_1359", "comment": NaN } ], "index_right": 81, "ISO3_CODE": "NZL", "COUNTRY_NAME": "New Zealand", "AREA": 18.070774615041, "distance": 0.0 }, "geometry": { "type": "MultiPoint", "coordinates": [ [ 18972039.996741760522127, -5678282.929007897153497 ] ] } },
{ "type": "Feature", "properties": { "facility_id": "COM00664.00", "facility_name": "Koniambo", "facility_other_names": null, "facility_type": "Mine", "primary_commodity": "Nickel", "commodities_products": "Nickel", "facility_equipment": null, "production_start": null, "production_end": null, "activity_status": null, "activity_status_year": null, "surface_area_sq_km": null, "concession_area_sq_km": null, "country": "New Caledonia", "GID_0": "NCL", "GID_1": "NCL.2_1", "GID_2": "NCL.2.18_1", "GID_3": null, "GID_4": null, "source_id": "det_1178", "comment": null, "Reserves_data": [ { "id": 446, "year": 2019, "material": "O.Ni", "commodity": "Me.Ni", "mineral_value_tonnes": 41800000.0, "commodity_value_tonnes": NaN, "grade_ppm": NaN, "source_id": "det_2855", "comment": NaN } ], "index_right": 217, "ISO3_CODE": "NCL", "COUNTRY_NAME": "New Caledonia", "AREA": 9.1873793402132726, "distance": 3989.8810987211673 }, "geometry": { "type": "MultiPoint", "coordinates": [ [ 18337503.470338676124811, -2392672.42946729529649 ] ] } },
{ "type": "Feature", "properties": { "facility_id": "COM00531.00", "facility_name": "Henty", "facility_other_names": null, "facility_type": "Mine", "primary_commodity": "Other mine", "commodities_products": "Gold", "facility_equipment": null, "production_start": null, "production_end": null, "activity_status": null, "activity_status_year": null, "surface_area_sq_km": null, "concession_area_sq_km": null, "country": "Australia", "GID_0": "AUS", "GID_1": "AUS.9_1", "GID_2": "AUS.9.29_1", "GID_3": null, "GID_4": null, "source_id": "det_1041", "comment": null, "Reserves_data": [ { "id": 352, "year": 2007, "material": "O.Au", "commodity": "Me.Au", "mineral_value_tonnes": 626000.0, "commodity_value_tonnes": 4.195729404000001, "grade_ppm": 6.69048745868, "source_id": "det_1041", "comment": NaN } ], "index_right": 258, "ISO3_CODE": "AUS", "COUNTRY_NAME": "Australia", "AREA": 0.052615721239756434, "distance": 0.0 }, "geometry": { "type": "MultiPoint", "coordinates": [ [ 16202679.612944703549147, -5142231.198012101463974 ] ] } },
{ "type": "Feature", "properties": { "facility_id": "COM01097.00", "facility_name": "Rosebery", "facility_other_names": null, "facility_type": "Mine", "primary_commodity": "Zinc", "commodities_products": "Zinc, Lead, Copper, Gold, Silver", "facility_equipment": "Underground", "production_start": 1936.0, "production_end": null, "activity_status": null, "activity_status_year": null, "surface_area_sq_km": null, "concession_area_sq_km": null, "country": "Australia", "GID_0": "AUS", "GID_1": "AUS.9_1", "GID_2": "AUS.9.29_1", "GID_3": null, "GID_4": null, "source_id": "det_1101", "comment": null, "Reserves_data": [ { "id": 795, "year": 2018, "material": "O.bulk", "commodity": "Me.Ag", "mineral_value_tonnes": 5400000.0, "commodity_value_tonnes": NaN, "grade_ppm": NaN, "source_id": "det_2852", "comment": NaN }, { "id": 796, "year": 2018, "material": "O.bulk", "commodity": "Me.Au", "mineral_value_tonnes": 5400000.0, "commodity_value_tonnes": NaN, "grade_ppm": NaN, "source_id": "det_2852", "comment": NaN }, { "id": 797, "year": 2018, "material": "O.bulk", "commodity": "Me.Cu", "mineral_value_tonnes": 5400000.0, "commodity_value_tonnes": NaN, "grade_ppm": NaN, "source_id": "det_2852", "comment": NaN }, { "id": 798, "year": 2018, "material": "O.bulk", "commodity": "Me.Pb", "mineral_value_tonnes": 5400000.0, "commodity_value_tonnes": NaN, "grade_ppm": NaN, "source_id": "det_2852", "comment": NaN }, { "id": 799, "year": 2018, "material": "O.bulk", "commodity": "Me.Zn", "mineral_value_tonnes": 5400000.0, "commodity_value_tonnes": NaN, "grade_ppm": NaN, "source_id": "det_2852", "comment": NaN } ], "index_right": 261, "ISO3_CODE": "AUS", "COUNTRY_NAME": "Australia", "AREA": 1.0328508665356944, "distance": 620.08693010955483 }, "geometry": { "type": "MultiPoint", "coordinates": [ [ 16201473.544185601174831, -5127955.663510187529027 ] ] } },
{ "type": "Feature", "properties": { "facility_id": "COM01081.00", "facility_name": "Renison", "facility_other_names": null, "facility_type": "Mine", "primary_commodity": "Other (poly)-metallic", "commodities_products": "Tin, Copper", "facility_equipment": "Underground, Open pit", "production_start": null, "production_end": null, "activity_status": null, "activity_status_year": null, "surface_area_sq_km": null, "concession_area_sq_km": null, "country": "Australia", "GID_0": "AUS", "GID_1": "AUS.9_1", "GID_2": "AUS.9.29_1", "GID_3": null, "GID_4": null, "source_id": "det_1437", "comment": null, "Reserves_data": [ { "id": 785, "year": 2020, "material": "O.Sn", "commodity": "Me.Cu", "mineral_value_tonnes": 30920000.0, "commodity_value_tonnes": 66000.0, "grade_ppm": 2100.0, "source_id": "det_1437", "comment": NaN }, { "id": 786, "year": 2020, "material": "O.Sn", "commodity": "Me.Sn", "mineral_value_tonnes": 30920000.0, "commodity_value_tonnes": 181000.0, "grade_ppm": 6000.0, "source_id": "det_1437", "comment": NaN } ], "index_right": 271, "ISO3_CODE": "AUS", "COUNTRY_NAME": "Australia", "AREA": 3.7222212006426849, "distance": 0.0 }, "geometry": { "type": "MultiPoint", "coordinates": [ [ 16189839.677786186337471, -5130355.835171553306282 ] ] } },
{ "type": "Feature", "properties": { "facility_id": "COM00794.00", "facility_name": "Metropolitan", "facility_other_names": null, "facility_type": "Mine", "primary_commodity": "Coal", "commodities_products": "Thermal coal, Coking coal, Pulverized Coal Injection", "facility_equipment": "Underground", "production_start": null, "production_end": null, "activity_status": null, "activity_status_year": null, "surface_area_sq_km": null, "concession_area_sq_km": null, "country": "Australia", "GID_0": "AUS", "GID_1": "AUS.5_1", "GID_2": "AUS.5.149_1", "GID_3": null, "GID_4": null, "source_id": "det_1390", "comment": null, "Reserves_data": [ { "id": 550, "year": 2019, "material": "F.coc", "commodity": NaN, "mineral_value_tonnes": 9979200.0, "commodity_value_tonnes": NaN, "grade_ppm": NaN, "source_id": "det_2144", "comment": NaN } ], "index_right": 286, "ISO3_CODE": "AUS", "COUNTRY_NAME": "Australia", "AREA": 0.12370632996082541, "distance": 12.390920082980767 }, "geometry": { "type": "MultiPoint", "coordinates": [ [ 16808469.287121385335922, -4053917.879969052504748 ] ] } },
{ "type": "Feature", "properties": { "facility_id": "COM00554.00", "facility_name": "Illawarra", "facility_other_names": null, "facility_type": "Mine", "primary_commodity": "Coal", "commodities_products": "Thermal coal, Metallurgical coal", "facility_equipment": null, "production_start": null, "production_end": null, "activity_status": null, "activity_status_year": null, "surface_area_sq_km": null, "concession_area_sq_km": null, "country": "Australia", "GID_0": "AUS", "GID_1": "AUS.5_1", "GID_2": "AUS.5.149_1", "GID_3": null, "GID_4": null, "source_id": "det_1136", "comment": null, "Reserves_data": [ { "id": 372, "year": 2019, "material": "F.coal", "commodity": NaN, "mineral_value_tonnes": 16000000.0, "commodity_value_tonnes": NaN, "grade_ppm": NaN, "source_id": "det_1147", "comment": NaN }, { "id": 373, "year": 2019, "material": "F.stc", "commodity": NaN, "mineral_value_tonnes": 114000000.0, "commodity_value_tonnes": NaN, "grade_ppm": NaN, "source_id": "det_1147", "comment": NaN } ], "index_right": 307, "ISO3_CODE": "AUS", "COUNTRY_NAME": "Australia", "AREA": 1.6756459208239756, "distance": 4937.0838314391349 }, "geometry": { "type": "MultiPoint", "coordinates": [ [ 16780489.294564947485924, -4092549.561838857363909 ] ] } },
{ "type": "Feature", "properties": { "facility_id": "COM01231.00", "facility_name": "Stratford Duralie", "facility_other_names": "Gloucester", "facility_type": "Mine", "primary_commodity": "Coal", "commodities_products": "Semi-soft coking coal, Thermal coal", "facility_equipment": "Open cut", "production_start": null, "production_end": null, "activity_status": null, "activity_status_year": null, "surface_area_sq_km": null, "concession_area_sq_km": null, "country": "Australia", "GID_0": "AUS", "GID_1": "AUS.5_1", "GID_2": "AUS.5.54_1", "GID_3": null, "GID_4": null, "source_id": "det_1487", "comment": null, "Reserves_data": [ { "id": 884, "year": 2020, "material": "F.coal", "commodity": NaN, "mineral_value_tonnes": 19000000.0, "commodity_value_tonnes": NaN, "grade_ppm": NaN, "source_id": "det_1486", "comment": NaN } ], "index_right": 321, "ISO3_CODE": "AUS", "COUNTRY_NAME": "Australia", "AREA": 5.9004907494220902, "distance": 0.0 }, "geometry": { "type": "MultiPoint", "coordinates": [ [ 16914020.231652222573757, -3803130.285536313895136 ] ] } },
{ "type": "Feature", "properties": { "facility_id": "COM00571.00", "facility_name": "Integra Coal", "facility_other_names": null, "facility_type": "Mine", "primary_commodity": "Coal", "commodities_products": "Thermal coal, Metallurgical coal", "facility_equipment": "Open Pit, Underground", "production_start": null, "production_end": null, "activity_status": null, "activity_status_year": null, "surface_area_sq_km": null, "concession_area_sq_km": null, "country": "Australia", "GID_0": "AUS", "GID_1": "AUS.5_1", "GID_2": "AUS.5.118_1", "GID_3": null, "GID_4": null, "source_id": "det_1162", "comment": null, "Reserves_data": [ { "id": 379, "year": 2013, "material": "F.coal", "commodity": NaN, "mineral_value_tonnes": 55800000.0, "commodity_value_tonnes": NaN, "grade_ppm": NaN, "source_id": "det_1162", "comment": NaN } ], "index_right": 345, "ISO3_CODE": "AUS", "COUNTRY_NAME": "Australia", "AREA": 0.89852334258728739, "distance": 0.0 }, "geometry": { "type": "MultiPoint", "coordinates": [ [ 16823796.719447996467352, -3824470.863147917203605 ] ] } },
{ "type": "Feature", "properties": { "facility_id": "COM01354.00", "facility_name": "Watagan", "facility_other_names": null, "facility_type": "Company", "primary_commodity": "Coal", "commodities_products": "Semi-soft coking coal, Semi-hard coking coal", "facility_equipment": null, "production_start": null, "production_end": null, "activity_status": null, "activity_status_year": null, "surface_area_sq_km": null, "concession_area_sq_km": null, "country": "Australia", "GID_0": "AUS", "GID_1": "AUS.5_1", "GID_2": "AUS.5.32_1 ; AUS.5.118_1", "GID_3": null, "GID_4": null, "source_id": "det_1487", "comment": null, "Reserves_data": [ { "id": 987, "year": 2020, "material": "F.coal", "commodity": NaN, "mineral_value_tonnes": 158200000.0, "commodity_value_tonnes": NaN, "grade_ppm": NaN, "source_id": "det_1486", "comment": NaN } ], "index_right": 369, "ISO3_CODE": "AUS", "COUNTRY_NAME": "Australia", "AREA": 1.0437011412121497, "distance": 0.0 }, "geometry": { "type": "MultiPoint", "coordinates": [ [ 16818353.219429522752762, -3824825.441430195700377 ] ] } },
{ "type": "Feature", "properties": { "facility_id": "COM00190.00", "facility_name": "Cadia", "facility_other_names": null, "facility_type": "Mine", "primary_commodity": "Gold", "commodities_products": "Gold, Copper, Silver", "facility_equipment": "Underground, Open pit", "production_start": null, "production_end": null, "activity_status": null, "activity_status_year": null, "surface_area_sq_km": null, "concession_area_sq_km": null, "country": "Australia", "GID_0": "AUS", "GID_1": "AUS.5_1", "GID_2": "AUS.5.14_1 ; AUS.5.25_1", "GID_3": null, "GID_4": null, "source_id": "det_1096", "comment": null, "Reserves_data": [ { "id": 106, "year": 2018, "material": "O.bulk", "commodity": "Me.Ag", "mineral_value_tonnes": 1400000000.0, "commodity_value_tonnes": 1020.58283268, "grade_ppm": 0.78, "source_id": "det_2841", "comment": NaN }, { "id": 107, "year": 2018, "material": "O.bulk", "commodity": "Me.Au", "mineral_value_tonnes": 1480000000.0, "commodity_value_tonnes": 635.029318112, "grade_ppm": 0.4737837837837838, "source_id": "det_2841", "comment": NaN }, { "id": 108, "year": 2018, "material": "O.bulk", "commodity": "Me.Cu", "mineral_value_tonnes": 1480000000.0, "commodity_value_tonnes": 4330000.0, "grade_ppm": 2989.189189189189, "source_id": "det_2841", "comment": NaN } ], "index_right": 433, "ISO3_CODE": "AUS", "COUNTRY_NAME": "Australia", "AREA": 29.764002832668325, "distance": 0.0 }, "geometry": { "type": "MultiPoint", "coordinates": [ [ 16586221.222545279189944, -3956249.481041797436774 ] ] } },
{ "type": "Feature", "properties": { "facility_id": "COM01373.00", "facility_name": "Wilpinjong", "facility_other_names": null, "facility_type": "Mine", "primary_commodity": "Coal", "commodities_products": "Thermal coal", "facility_equipment": "Surface", "production_start": 2006.0, "production_end": null, "activity_status": null, "activity_status_year": null, "surface_area_sq_km": null, "concession_area_sq_km": null, "country": "Australia", "GID_0": "AUS", "GID_1": "AUS.5_1", "GID_2": "AUS.5.90_1", "GID_3": null, "GID_4": null, "source_id": "det_1389", "comment": null, "Reserves_data": [ { "id": 995, "year": 2019, "material": "F.stc", "commodity": NaN, "mineral_value_tonnes": 94348800.0, "commodity_value_tonnes": NaN, "grade_ppm": NaN, "source_id": "det_2144", "comment": NaN } ], "index_right": 440, "ISO3_CODE": "AUS", "COUNTRY_NAME": "Australia", "AREA": 20.539802354394279, "distance": 0.0 }, "geometry": { "type": "MultiPoint", "coordinates": [ [ 16682947.028658181428909, -3805311.80550398863852 ] ] } },
{ "type": "Feature", "properties": { "facility_id": "COM01359.00", "facility_name": "Werris Creek", "facility_other_names": null, "facility_type": "Mine", "primary_commodity": "Coal", "commodities_products": "Coal", "facility_equipment": "Open cut", "production_start": 2005.0, "production_end": null, "activity_status": "active", "activity_status_year": 2020.0, "surface_area_sq_km": null, "concession_area_sq_km": null, "country": "Australia", "GID_0": "AUS", "GID_1": "AUS.5_1", "GID_2": "AUS.5.85_1", "GID_3": null, "GID_4": null, "source_id": "det_1542", "comment": null, "Reserves_data": [ { "id": 989, "year": 2020, "material": "F.coal", "commodity": NaN, "mineral_value_tonnes": 7500000.0, "commodity_value_tonnes": NaN, "grade_ppm": NaN, "source_id": "det_1542", "comment": NaN } ], "index_right": 444, "ISO3_CODE": "AUS", "COUNTRY_NAME": "Australia", "AREA": 6.286890184132842, "distance": 0.0 }, "geometry": { "type": "MultiPoint", "coordinates": [ [ 16768428.436971705406904, -3682899.648693040944636 ] ] } },
{ "type": "Feature", "properties": { "facility_id": "COM00836.00", "facility_name": "Moolarben", "facility_other_names": null, "facility_type": "Mine", "primary_commodity": "Coal", "commodities_products": "Thermal coal", "facility_equipment": "Open cut, Underground", "production_start": null, "production_end": null, "activity_status": null, "activity_status_year": null, "surface_area_sq_km": null, "concession_area_sq_km": null, "country": "Australia", "GID_0": "AUS", "GID_1": "AUS.5_1", "GID_2": "AUS.5.90_1", "GID_3": null, "GID_4": null, "source_id": "det_1486", "comment": null, "Reserves_data": [ { "id": 583, "year": 2020, "material": "F.stc", "commodity": NaN, "mineral_value_tonnes": 263000000.0, "commodity_value_tonnes": NaN, "grade_ppm": NaN, "source_id": "det_1486", "comment": NaN } ], "index_right": 457, "ISO3_CODE": "AUS", "COUNTRY_NAME": "Australia", "AREA": 26.821624897449244, "distance": 0.0 }, "geometry": { "type": "MultiPoint", "coordinates": [ [ 16671632.471086157485843, -3800292.581537355668843 ] ] } },
{ "type": "Feature", "properties": { "facility_id": "COM00850.00", "facility_name": "Mount Arthur", "facility_other_names": "New South Wales Energy Coal", "facility_type": "Mine", "primary_commodity": "Coal", "commodities_products": "Thermal bituminous coal", "facility_equipment": "Open pit", "production_start": 2002.0, "production_end": null, "activity_status": null, "activity_status_year": null, "surface_area_sq_km": null, "concession_area_sq_km": null, "country": "Australia", "GID_0": "AUS", "GID_1": "AUS.5_1", "GID_2": "AUS.5.95_1", "GID_3": null, "GID_4": null, "source_id": "det_1135", "comment": null, "Reserves_data": [ { "id": 596, "year": 2019, "material": "F.stc", "commodity": NaN, "mineral_value_tonnes": 591000000.0, "commodity_value_tonnes": NaN, "grade_ppm": NaN, "source_id": "det_1135", "comment": NaN } ], "index_right": 472, "ISO3_CODE": "AUS", "COUNTRY_NAME": "Australia", "AREA": 65.459552277322558, "distance": 0.0 }, "geometry": { "type": "MultiPoint", "coordinates": [ [ 16794247.728721406310797, -3805679.538743176031858 ] ] } },
{ "type": "Feature", "properties": { "facility_id": "COM01351.00", "facility_name": "Wambo", "facility_other_names": null, "facility_type": "Mine", "primary_commodity": "Coal", "commodities_products": "Thermal coal, Coking coal", "facility_equipment": "Surface, Underground", "production_start": null, "production_end": null, "activity_status": null, "activity_status_year": null, "surface_area_sq_km": null, "concession_area_sq_km": null, "country": "Australia", "GID_0": "AUS", "GID_1": "AUS.5_1", "GID_2": "AUS.5.118_1", "GID_3": null, "GID_4": null, "source_id": "det_1390", "comment": null, "Reserves_data": [ { "id": 985, "year": 2019, "material": "F.stc", "commodity": NaN, "mineral_value_tonnes": 162388800.0, "commodity_value_tonnes": NaN, "grade_ppm": NaN, "source_id": "det_2144", "comment": NaN } ], "index_right": 478, "ISO3_CODE": "AUS", "COUNTRY_NAME": "Australia", "AREA": 21.516015229927095, "distance": 0.0 }, "geometry": { "type": "MultiPoint", "coordinates": [ [ 16810416.840231332927942, -3839756.037220616359264 ] ] } },
{ "type": "Feature", "properties": { "facility_id": "COM00297.00", "facility_name": "Cowal", "facility_other_names": null, "facility_type": "Mine", "primary_commodity": "Gold", "commodities_products": "Gold", "facility_equipment": null, "production_start": null, "production_end": null, "activity_status": null, "activity_status_year": null, "surface_area_sq_km": null, "concession_area_sq_km": null, "country": "Australia", "GID_0": "AUS", "GID_1": "AUS.5_1", "GID_2": "AUS.5.13_1", "GID_3": null, "GID_4": null, "source_id": "det_1036", "comment": null, "Reserves_data": [ { "id": 206, "year": 2014, "material": "O.Au", "commodity": "Me.Au", "mineral_value_tonnes": 41470000.0, "commodity_value_tonnes": 44.083508265, "grade_ppm": 1.17, "source_id": "det_1036", "comment": NaN } ], "index_right": 488, "ISO3_CODE": "AUS", "COUNTRY_NAME": "Australia", "AREA": 20.269988774529729, "distance": 0.0 }, "geometry": { "type": "MultiPoint", "coordinates": [ [ 16408445.613685268908739, -3980646.015454913955182 ] ] } },
{ "type": "Feature", "properties": { "facility_id": "COM00783.00", "facility_name": "Maules Creek", "facility_other_names": null, "facility_type": "Mine", "primary_commodity": "Coal", "commodities_products": "Coal", "facility_equipment": "Open cut", "production_start": 2015.0, "production_end": null, "activity_status": "active", "activity_status_year": 2020.0, "surface_area_sq_km": null, "concession_area_sq_km": null, "country": "Australia", "GID_0": "AUS", "GID_1": "AUS.5_1", "GID_2": "AUS.5.97_1", "GID_3": null, "GID_4": null, "source_id": "det_1539", "comment": null, "Reserves_data": [ { "id": 540, "year": 2020, "material": "F.coal", "commodity": NaN, "mineral_value_tonnes": 450000000.0, "commodity_value_tonnes": NaN, "grade_ppm": NaN, "source_id": "det_1542", "comment": NaN } ], "index_right": 490, "ISO3_CODE": "AUS", "COUNTRY_NAME": "Australia", "AREA": 15.747758606076703, "distance": 0.0 }, "geometry": { "type": "MultiPoint", "coordinates": [ [ 16711808.966220794245601, -3576001.366027898620814 ] ] } },
{ "type": "Feature", "properties": { "facility_id": "COM00512.00", "facility_name": "Gunnedah", "facility_other_names": null, "facility_type": "Mine, Refinery", "primary_commodity": "Coal", "commodities_products": "Coal", "facility_equipment": "Open cut", "production_start": 2002.0, "production_end": null, "activity_status": "active", "activity_status_year": 2020.0, "surface_area_sq_km": null, "concession_area_sq_km": null, "country": "Australia", "GID_0": "AUS", "GID_1": "AUS.5_1", "GID_2": "AUS.5.59_1 ; AUS.5.97_1", "GID_3": null, "GID_4": null, "source_id": "det_1541", "comment": null, "Reserves_data": [ { "id": 338, "year": 2020, "material": "F.coal", "commodity": NaN, "mineral_value_tonnes": 35000000.0, "commodity_value_tonnes": NaN, "grade_ppm": NaN, "source_id": "det_1542", "comment": NaN } ], "index_right": 491, "ISO3_CODE": "AUS", "COUNTRY_NAME": "Australia", "AREA": 22.676694523971879, "distance": 1215.2130570639365 }, "geometry": { "type": "MultiPoint", "coordinates": [ [ 16719549.544175578281283, -3585001.620387968607247 ] ] } },
{ "type": "Feature", "properties": { "facility_id": "COM00885.00", "facility_name": "Narrabri", "facility_other_names": null, "facility_type": "Mine", "primary_commodity": "Coal", "commodities_products": "Coal", "facility_equipment": "Underground", "production_start": 2012.0, "production_end": null, "activity_status": "active", "activity_status_year": 2020.0, "surface_area_sq_km": null, "concession_area_sq_km": null, "country": "Australia", "GID_0": "AUS", "GID_1": "AUS.5_1", "GID_2": "AUS.5.97_1", "GID_3": null, "GID_4": null, "source_id": "det_1540", "comment": null, "Reserves_data": [ { "id": 620, "year": 2020, "material": "F.coal", "commodity": NaN, "mineral_value_tonnes": 223000000.0, "commodity_value_tonnes": NaN, "grade_ppm": NaN, "source_id": "det_1542", "comment": NaN } ], "index_right": 497, "ISO3_CODE": "AUS", "COUNTRY_NAME": "Australia", "AREA": 3.5750793769844376, "distance": 0.0 }, "geometry": { "type": "MultiPoint", "coordinates": [ [ 16686258.113532477989793, -3570492.59433649899438 ] ] } },
{ "type": "Feature", "properties": { "facility_id": "COM01295.00", "facility_name": "Tritton", "facility_other_names": "Tritton Copper Operations", "facility_type": "Mine", "primary_commodity": "Copper", "commodities_products": "Copper, Gold, Silver", "facility_equipment": "Underground", "production_start": 2004.0, "production_end": null, "activity_status": null, "activity_status_year": null, "surface_area_sq_km": null, "concession_area_sq_km": null, "country": "Australia", "GID_0": "AUS", "GID_1": "AUS.5_1", "GID_2": "AUS.5.16_1", "GID_3": null, "GID_4": null, "source_id": "det_1433", "comment": null, "Reserves_data": [ { "id": 949, "year": 2020, "material": "O.Cu", "commodity": "Me.Ag", "mineral_value_tonnes": 4900000.0, "commodity_value_tonnes": 19.135928025, "grade_ppm": 4.753061224489796, "source_id": "det_2215", "comment": NaN }, { "id": 950, "year": 2020, "material": "O.Cu", "commodity": "Me.Au", "mineral_value_tonnes": 5600000.0, "commodity_value_tonnes": 1.304078058, "grade_ppm": 0.2464285714285714, "source_id": "det_2215", "comment": NaN }, { "id": 951, "year": 2020, "material": "O.Cu", "commodity": "Me.Cu", "mineral_value_tonnes": 5600000.0, "commodity_value_tonnes": 85000.0, "grade_ppm": 15321.42857142857, "source_id": "det_2215", "comment": NaN } ], "index_right": 597, "ISO3_CODE": "AUS", "COUNTRY_NAME": "Australia", "AREA": 4.4094864621005474, "distance": 0.0 }, "geometry": { "type": "MultiPoint", "coordinates": [ [ 16333059.293743293732405, -3684446.229636589996517 ] ] } },
{ "type": "Feature", "properties": { "facility_id": "COM00143.00", "facility_name": "Blackwater", "facility_other_names": null, "facility_type": "Mine", "primary_commodity": "Coal", "commodities_products": "Metallurgical bituminous coal", "facility_equipment": "Open pit", "production_start": 1967.0, "production_end": null, "activity_status": null, "activity_status_year": null, "surface_area_sq_km": null, "concession_area_sq_km": null, "country": "Australia", "GID_0": "AUS", "GID_1": "AUS.7_1", "GID_2": "AUS.7.16_1", "GID_3": null, "GID_4": null, "source_id": "det_1135", "comment": null, "Reserves_data": [ { "id": 78, "year": 2019, "material": "F.coal", "commodity": NaN, "mineral_value_tonnes": 419000000.0, "commodity_value_tonnes": NaN, "grade_ppm": NaN, "source_id": "det_1135", "comment": NaN } ], "index_right": 652, "ISO3_CODE": "AUS", "COUNTRY_NAME": "Australia", "AREA": 108.5586360377762, "distance": 0.0 }, "geometry": { "type": "MultiPoint", "coordinates": [ [ 16564379.703930541872978, -2715298.158796704839915 ] ] } },
{ "type": "Feature", "properties": { "facility_id": "COM00309.00", "facility_name": "Curragh", "facility_other_names": null, "facility_type": "Mine", "primary_commodity": "Coal", "commodities_products": "Coking coal, Pulverized Coal Injection, Thermal coal", "facility_equipment": "Open pit", "production_start": null, "production_end": null, "activity_status": null, "activity_status_year": null, "surface_area_sq_km": null, "concession_area_sq_km": null, "country": "Australia", "GID_0": "AUS", "GID_1": "AUS.7_1", "GID_2": "AUS.7.16_1", "GID_3": null, "GID_4": null, "source_id": "det_1426", "comment": null, "Reserves_data": [ { "id": 218, "year": 2019, "material": "F.coal", "commodity": NaN, "mineral_value_tonnes": 238000000.0, "commodity_value_tonnes": NaN, "grade_ppm": NaN, "source_id": "det_1426", "comment": "10.0% moisture basis at Curragh" } ], "index_right": 667, "ISO3_CODE": "AUS", "COUNTRY_NAME": "Australia", "AREA": 67.280017663400471, "distance": 0.0 }, "geometry": { "type": "MultiPoint", "coordinates": [ [ 16569331.050165688619018, -2692283.804901922121644 ] ] } },
{ "type": "Feature", "properties": { "facility_id": "COM00633.00", "facility_name": "Kestrel", "facility_other_names": null, "facility_type": "Mine", "primary_commodity": "Coal", "commodities_products": "Thermal coal, Hard coking coal", "facility_equipment": null, "production_start": null, "production_end": null, "activity_status": null, "activity_status_year": null, "surface_area_sq_km": null, "concession_area_sq_km": null, "country": "Australia", "GID_0": "AUS", "GID_1": "AUS.7_1", "GID_2": "AUS.7.16_1", "GID_3": null, "GID_4": null, "source_id": "det_1065", "comment": null, "Reserves_data": [ { "id": 422, "year": 2017, "material": "F.coal", "commodity": NaN, "mineral_value_tonnes": 146000000.0, "commodity_value_tonnes": NaN, "grade_ppm": NaN, "source_id": "det_1065", "comment": NaN }, { "id": 423, "year": 2019, "material": "F.coal", "commodity": NaN, "mineral_value_tonnes": 144600000.0, "commodity_value_tonnes": NaN, "grade_ppm": NaN, "source_id": "det_1508", "comment": NaN } ], "index_right": 678, "ISO3_CODE": "AUS", "COUNTRY_NAME": "Australia", "AREA": 3.8417510046398342, "distance": 0.0 }, "geometry": { "type": "MultiPoint", "coordinates": [ [ 16516086.715080285444856, -2660457.284072365611792 ] ] } },
{ "type": "Feature", "properties": { "facility_id": "COM01395.00", "facility_name": "Yarrabee", "facility_other_names": null, "facility_type": "Mine", "primary_commodity": "Coal", "commodities_products": "Semi-anthracite pulverised coal injection (PCI) coal", "facility_equipment": "Open cut", "production_start": null, "production_end": null, "activity_status": null, "activity_status_year": null, "surface_area_sq_km": null, "concession_area_sq_km": null, "country": "Australia", "GID_0": "AUS", "GID_1": "AUS.7_1", "GID_2": "AUS.7.16_1", "GID_3": null, "GID_4": null, "source_id": "det_1488", "comment": null, "Reserves_data": [ { "id": 1011, "year": 2020, "material": "F.coal", "commodity": NaN, "mineral_value_tonnes": 51000000.0, "commodity_value_tonnes": NaN, "grade_ppm": NaN, "source_id": "det_1486", "comment": NaN } ], "index_right": 682, "ISO3_CODE": "AUS", "COUNTRY_NAME": "Australia", "AREA": 40.15115258411042, "distance": 0.0 }, "geometry": { "type": "MultiPoint", "coordinates": [ [ 16572239.616953084245324, -2670918.43892775895074 ] ] } },
{ "type": "Feature", "properties": { "facility_id": "COM00924.00", "facility_name": "Norwich Park", "facility_other_names": null, "facility_type": "Mine", "primary_commodity": "Coal", "commodities_products": "Metallurgical bituminous coal", "facility_equipment": "Open pit", "production_start": 1979.0, "production_end": 2012.0, "activity_status": null, "activity_status_year": null, "surface_area_sq_km": null, "concession_area_sq_km": null, "country": "Australia", "GID_0": "AUS", "GID_1": "AUS.7_1", "GID_2": "AUS.7.34_1", "GID_3": null, "GID_4": null, "source_id": "det_1135", "comment": null, "Reserves_data": [ { "id": 653, "year": 2019, "material": "F.coc", "commodity": NaN, "mineral_value_tonnes": 229000000.0, "commodity_value_tonnes": NaN, "grade_ppm": NaN, "source_id": "det_1135", "comment": NaN } ], "index_right": 686, "ISO3_CODE": "AUS", "COUNTRY_NAME": "Australia", "AREA": 11.11068710592523, "distance": 5827.1090055840505 }, "geometry": { "type": "MultiPoint", "coordinates": [ [ 16521405.081676578149199, -2595893.55859692953527 ] ] } },
{ "type": "Feature", "properties": { "facility_id": "COM00937.00", "facility_name": "Olympic Dam", "facility_other_names": null, "facility_type": "Mine, Refinery, Smelter", "primary_commodity": "Copper", "commodities_products": "Copper, Coper Anodes, Copper cathodes, Uranium oxide, Gold, Silver", "facility_equipment": "Underground, Flash Furnace, SX-EW, Grinding circuits", "production_start": 1988.0, "production_end": null, "activity_status": "active", "activity_status_year": 2019.0, "surface_area_sq_km": null, "concession_area_sq_km": null, "country": "Australia", "GID_0": "AUS", "GID_1": "AUS.8_1", "GID_2": "AUS.8.61_1", "GID_3": null, "GID_4": null, "source_id": "det_1134", "comment": null, "Reserves_data": [ { "id": 660, "year": 2019, "material": "O.bulk", "commodity": "Me.Ag", "mineral_value_tonnes": 561000000.0, "commodity_value_tonnes": NaN, "grade_ppm": NaN, "source_id": "det_1135", "comment": NaN }, { "id": 661, "year": 2019, "material": "O.bulk", "commodity": "Me.Au", "mineral_value_tonnes": 561000000.0, "commodity_value_tonnes": NaN, "grade_ppm": NaN, "source_id": "det_1135", "comment": NaN }, { "id": 662, "year": 2019, "material": "O.bulk", "commodity": "Me.Cu", "mineral_value_tonnes": 561000000.0, "commodity_value_tonnes": NaN, "grade_ppm": NaN, "source_id": "det_1135", "comment": NaN }, { "id": 663, "year": 2019, "material": "O.bulk", "commodity": "Me.U", "mineral_value_tonnes": 561000000.0, "commodity_value_tonnes": NaN, "grade_ppm": NaN, "source_id": "det_1135", "comment": NaN } ], "index_right": 687, "ISO3_CODE": "AUS", "COUNTRY_NAME": "Australia", "AREA": 42.402899433479448, "distance": 0.0 }, "geometry": { "type": "MultiPoint", "coordinates": [ [ 15236310.839626584202051, -3561064.029979343526065 ] ] } },
{ "type": "Feature", "properties": { "facility_id": "COM00808.00", "facility_name": "Middlemount", "facility_other_names": null, "facility_type": "Mine", "primary_commodity": "Coal", "commodities_products": "Coking coal, Pulverized Coal Injection", "facility_equipment": "Surface", "production_start": 2011.0, "production_end": null, "activity_status": null, "activity_status_year": null, "surface_area_sq_km": null, "concession_area_sq_km": null, "country": "Australia", "GID_0": "AUS", "GID_1": "AUS.7_1", "GID_2": "AUS.7.34_1", "GID_3": null, "GID_4": null, "source_id": "det_1390", "comment": null, "Reserves_data": [ { "id": 561, "year": 2019, "material": "F.coc", "commodity": NaN, "mineral_value_tonnes": 39916800.0, "commodity_value_tonnes": NaN, "grade_ppm": NaN, "source_id": "det_2144", "comment": NaN } ], "index_right": 690, "ISO3_CODE": "AUS", "COUNTRY_NAME": "Australia", "AREA": 2.4077684000434725, "distance": 0.0 }, "geometry": { "type": "MultiPoint", "coordinates": [ [ 16546372.930266601964831, -2617677.13789189234376 ] ] } },
{ "type": "Feature", "properties": { "facility_id": "COM00144.00", "facility_name": "Blair Athol", "facility_other_names": null, "facility_type": "Mine", "primary_commodity": "Coal", "commodities_products": "Thermal coal", "facility_equipment": null, "production_start": null, "production_end": null, "activity_status": null, "activity_status_year": null, "surface_area_sq_km": null, "concession_area_sq_km": null, "country": "Australia", "GID_0": "AUS", "GID_1": "AUS.7_1", "GID_2": "AUS.7.34_1", "GID_3": null, "GID_4": null, "source_id": "det_1070", "comment": null, "Reserves_data": [ { "id": 79, "year": 2020, "material": "F.stc", "commodity": NaN, "mineral_value_tonnes": 24500000.0, "commodity_value_tonnes": NaN, "grade_ppm": NaN, "source_id": "det_1546", "comment": NaN } ], "index_right": 695, "ISO3_CODE": "AUS", "COUNTRY_NAME": "Australia", "AREA": 28.910142801035217, "distance": 0.0 }, "geometry": { "type": "MultiPoint", "coordinates": [ [ 16424915.390402920544147, -2595420.49093258054927 ] ] } },
{ "type": "Feature", "properties": { "facility_id": "COM00287.00", "facility_name": "Coppabella", "facility_other_names": null, "facility_type": "Mine", "primary_commodity": "Coal", "commodities_products": "Pulverized Coal Injection, PCI Metallurgical coal", "facility_equipment": "Surface", "production_start": null, "production_end": null, "activity_status": null, "activity_status_year": null, "surface_area_sq_km": null, "concession_area_sq_km": null, "country": "Australia", "GID_0": "AUS", "GID_1": "AUS.7_1", "GID_2": "AUS.7.34_1", "GID_3": null, "GID_4": null, "source_id": "det_1390", "comment": null, "Reserves_data": [ { "id": 203, "year": 2019, "material": "F.coc", "commodity": NaN, "mineral_value_tonnes": 29937600.0, "commodity_value_tonnes": NaN, "grade_ppm": NaN, "source_id": "det_2144", "comment": NaN } ], "index_right": 696, "ISO3_CODE": "AUS", "COUNTRY_NAME": "Australia", "AREA": 28.822576453418975, "distance": 0.0 }, "geometry": { "type": "MultiPoint", "coordinates": [ [ 16522695.981572862714529, -2495342.697610064409673 ] ] } },
{ "type": "Feature", "properties": { "facility_id": "COM00215.00", "facility_name": "Caval Ridge", "facility_other_names": null, "facility_type": "Mine", "primary_commodity": "Coal", "commodities_products": "Metallurgical bituminous coal", "facility_equipment": "Open pit", "production_start": 2014.0, "production_end": null, "activity_status": null, "activity_status_year": null, "surface_area_sq_km": null, "concession_area_sq_km": null, "country": "Australia", "GID_0": "AUS", "GID_1": "AUS.7_1", "GID_2": "AUS.7.34_1", "GID_3": null, "GID_4": null, "source_id": "det_1135", "comment": null, "Reserves_data": [ { "id": 132, "year": 2019, "material": "F.coc", "commodity": NaN, "mineral_value_tonnes": 347000000.0, "commodity_value_tonnes": NaN, "grade_ppm": NaN, "source_id": "det_1135", "comment": NaN } ], "index_right": 703, "ISO3_CODE": "AUS", "COUNTRY_NAME": "Australia", "AREA": 201.66290407354705, "distance": 0.0 }, "geometry": { "type": "MultiPoint", "coordinates": [ [ 16481789.3135502692312, -2530342.202524023596197 ] ] } },
{ "type": "Feature", "properties": { "facility_id": "COM00969.00", "facility_name": "Peak Downs", "facility_other_names": null, "facility_type": "Mine", "primary_commodity": "Coal", "commodities_products": "Metallurgical bituminous coal", "facility_equipment": "Open pit", "production_start": 1972.0, "production_end": null, "activity_status": null, "activity_status_year": null, "surface_area_sq_km": null, "concession_area_sq_km": null, "country": "Australia", "GID_0": "AUS", "GID_1": "AUS.7_1", "GID_2": "AUS.7.34_1", "GID_3": null, "GID_4": null, "source_id": "det_1135", "comment": null, "Reserves_data": [ { "id": 684, "year": 2019, "material": "F.coal", "commodity": NaN, "mineral_value_tonnes": 718000000.0, "commodity_value_tonnes": NaN, "grade_ppm": NaN, "source_id": "det_1135", "comment": NaN } ], "index_right": 703, "ISO3_CODE": "AUS", "COUNTRY_NAME": "Australia", "AREA": 201.66290407354705, "distance": 0.0 }, "geometry": { "type": "MultiPoint", "coordinates": [ [ 16495283.95202998444438, -2542156.649474465753883 ] ] } },
{ "type": "Feature", "properties": { "facility_id": "COM01134.00", "facility_name": "Saraji", "facility_other_names": null, "facility_type": "Mine", "primary_commodity": "Coal", "commodities_products": "Metallurgical bituminous coal", "facility_equipment": "Open pit", "production_start": 1974.0, "production_end": null, "activity_status": null, "activity_status_year": null, "surface_area_sq_km": null, "concession_area_sq_km": null, "country": "Australia", "GID_0": "AUS", "GID_1": "AUS.7_1", "GID_2": "AUS.7.34_1", "GID_3": null, "GID_4": null, "source_id": "det_1135", "comment": null, "Reserves_data": [ { "id": 827, "year": 2019, "material": "F.coc", "commodity": NaN, "mineral_value_tonnes": 502000000.0, "commodity_value_tonnes": NaN, "grade_ppm": NaN, "source_id": "det_1135", "comment": NaN } ], "index_right": 703, "ISO3_CODE": "AUS", "COUNTRY_NAME": "Australia", "AREA": 201.66290407354705, "distance": 0.0 }, "geometry": { "type": "MultiPoint", "coordinates": [ [ 16506516.244498314335942, -2562033.627425258979201 ] ] } },
{ "type": "Feature", "properties": { "facility_id": "COM00502.00", "facility_name": "Gregory", "facility_other_names": null, "facility_type": "Mine", "primary_commodity": "Coal", "commodities_products": "Thermal bituminous coal, Metallurgical coal", "facility_equipment": "Open pit", "production_start": 1979.0, "production_end": 2012.0, "activity_status": null, "activity_status_year": null, "surface_area_sq_km": null, "concession_area_sq_km": null, "country": "Australia", "GID_0": "AUS", "GID_1": "AUS.7_1", "GID_2": "AUS.7.16_1", "GID_3": null, "GID_4": null, "source_id": "det_1135", "comment": null, "Reserves_data": [ { "id": 330, "year": 2016, "material": "F.coc", "commodity": NaN, "mineral_value_tonnes": 6900000.0, "commodity_value_tonnes": NaN, "grade_ppm": NaN, "source_id": "det_1673", "comment": NaN } ], "index_right": 705, "ISO3_CODE": "AUS", "COUNTRY_NAME": "Australia", "AREA": 52.458834919476075, "distance": 0.0 }, "geometry": { "type": "MultiPoint", "coordinates": [ [ 16518936.972718400880694, -2650384.331244604662061 ] ] } },
{ "type": "Feature", "properties": { "facility_id": "COM00201.00", "facility_name": "Capcoal", "facility_other_names": null, "facility_type": "Mine", "primary_commodity": "Coal", "commodities_products": "Metallurgical coal, Thermal coal", "facility_equipment": null, "production_start": null, "production_end": null, "activity_status": null, "activity_status_year": null, "surface_area_sq_km": null, "concession_area_sq_km": null, "country": "Australia", "GID_0": "AUS", "GID_1": "AUS.7_1", "GID_2": "AUS.7.16_1 ; AUS.7.34_1", "GID_3": null, "GID_4": null, "source_id": "det_1115", "comment": null, "Reserves_data": [ { "id": 121, "year": 2020, "material": "F.coc", "commodity": NaN, "mineral_value_tonnes": 84800000.0, "commodity_value_tonnes": NaN, "grade_ppm": NaN, "source_id": "det_1115", "comment": "32.2+46.5 " }, { "id": 122, "year": 2020, "material": "F.stc", "commodity": NaN, "mineral_value_tonnes": 9100000.0, "commodity_value_tonnes": NaN, "grade_ppm": NaN, "source_id": "det_1115", "comment": NaN } ], "index_right": 709, "ISO3_CODE": "AUS", "COUNTRY_NAME": "Australia", "AREA": 55.313670758345133, "distance": 0.0 }, "geometry": { "type": "MultiPoint", "coordinates": [ [ 16537219.615594614297152, -2623110.136570651549846 ] ] } },
{ "type": "Feature", "properties": { "facility_id": "COM00505.00", "facility_name": "Grosvenor", "facility_other_names": null, "facility_type": "Mine", "primary_commodity": "Coal", "commodities_products": "Metallurgical coal", "facility_equipment": null, "production_start": null, "production_end": null, "activity_status": null, "activity_status_year": null, "surface_area_sq_km": null, "concession_area_sq_km": null, "country": "Australia", "GID_0": "AUS", "GID_1": "AUS.7_1", "GID_2": "AUS.7.34_1", "GID_3": null, "GID_4": null, "source_id": "det_1115", "comment": null, "Reserves_data": [ { "id": 331, "year": 2020, "material": "F.coc", "commodity": NaN, "mineral_value_tonnes": 78800000.0, "commodity_value_tonnes": NaN, "grade_ppm": NaN, "source_id": "det_1115", "comment": NaN } ], "index_right": 727, "ISO3_CODE": "AUS", "COUNTRY_NAME": "Australia", "AREA": 4.3710370848664049, "distance": 0.0 }, "geometry": { "type": "MultiPoint", "coordinates": [ [ 16476598.797949643805623, -2508427.886626063846052 ] ] } },
{ "type": "Feature", "properties": { "facility_id": "COM00515.00", "facility_name": "Hail Creek", "facility_other_names": null, "facility_type": "Mine", "primary_commodity": "Coal", "commodities_products": "Thermal coal, Hard coking coal", "facility_equipment": null, "production_start": null, "production_end": null, "activity_status": null, "activity_status_year": null, "surface_area_sq_km": null, "concession_area_sq_km": null, "country": "Australia", "GID_0": "AUS", "GID_1": "AUS.7_1", "GID_2": "AUS.7.34_1", "GID_3": null, "GID_4": null, "source_id": "det_1065", "comment": null, "Reserves_data": [ { "id": 341, "year": 2017, "material": "F.coal", "commodity": NaN, "mineral_value_tonnes": 142000000.0, "commodity_value_tonnes": NaN, "grade_ppm": NaN, "source_id": "det_1065", "comment": NaN } ], "index_right": 733, "ISO3_CODE": "AUS", "COUNTRY_NAME": "Australia", "AREA": 49.48322321692666, "distance": 0.0 }, "geometry": { "type": "MultiPoint", "coordinates": [ [ 16515996.691008079797029, -2450432.997826612088829 ] ] } },
{ "type": "Feature", "properties": { "facility_id": "COM00170.00", "facility_name": "Broadmeadow", "facility_other_names": null, "facility_type": "Mine", "primary_commodity": "Other mine", "commodities_products": "Metallurgical bituminous coal", "facility_equipment": "Underground", "production_start": 2005.0, "production_end": null, "activity_status": null, "activity_status_year": null, "surface_area_sq_km": null, "concession_area_sq_km": null, "country": "Australia", "GID_0": "AUS", "GID_1": "AUS.7_1", "GID_2": "AUS.7.34_1", "GID_3": null, "GID_4": null, "source_id": "det_1135", "comment": null, "Reserves_data": [ { "id": 97, "year": 2019, "material": "F.coc", "commodity": NaN, "mineral_value_tonnes": 181000000.0, "commodity_value_tonnes": NaN, "grade_ppm": NaN, "source_id": "det_1135", "comment": NaN } ], "index_right": 739, "ISO3_CODE": "AUS", "COUNTRY_NAME": "Australia", "AREA": 109.7096161920182, "distance": 0.0 }, "geometry": { "type": "MultiPoint", "coordinates": [ [ 16473167.112175844609737, -2490341.724285574629903 ] ] } },
{ "type": "Feature", "properties": { "facility_id": "COM00489.00", "facility_name": "Goonyella Riverside", "facility_other_names": null, "facility_type": "Mine", "primary_commodity": "Coal", "commodities_products": "Metallurgical bituminous coal, Thermal bituminous coal", "facility_equipment": "Open pit", "production_start": 1971.0, "production_end": null, "activity_status": null, "activity_status_year": null, "surface_area_sq_km": null, "concession_area_sq_km": null, "country": "Australia", "GID_0": "AUS", "GID_1": "AUS.7_1", "GID_2": "AUS.7.34_1", "GID_3": null, "GID_4": null, "source_id": "det_1135", "comment": "Goonyella merged with Riverside Mine in 1989", "Reserves_data": [ { "id": 322, "year": 2019, "material": "F.coc", "commodity": NaN, "mineral_value_tonnes": 549000000.0, "commodity_value_tonnes": NaN, "grade_ppm": NaN, "source_id": "det_1135", "comment": NaN } ], "index_right": 739, "ISO3_CODE": "AUS", "COUNTRY_NAME": "Australia", "AREA": 109.7096161920182, "distance": 0.0 }, "geometry": { "type": "MultiPoint", "coordinates": [ [ 16471734.760251253843307, -2490103.689403414260596 ] ] } },
{ "type": "Feature", "properties": { "facility_id": "COM00915.00", "facility_name": "North Goonyella", "facility_other_names": "Eaglefield, North Goonyella/Eaglefield", "facility_type": "Mine", "primary_commodity": "Coal", "commodities_products": "Coking coal", "facility_equipment": "Underground", "production_start": null, "production_end": null, "activity_status": null, "activity_status_year": null, "surface_area_sq_km": null, "concession_area_sq_km": null, "country": "Australia", "GID_0": "AUS", "GID_1": "AUS.7_1", "GID_2": "AUS.7.34_1", "GID_3": null, "GID_4": null, "source_id": "det_1390", "comment": null, "Reserves_data": [ { "id": 648, "year": 2019, "material": "F.coc", "commodity": NaN, "mineral_value_tonnes": 74390400.0, "commodity_value_tonnes": NaN, "grade_ppm": NaN, "source_id": "det_2144", "comment": NaN } ], "index_right": 739, "ISO3_CODE": "AUS", "COUNTRY_NAME": "Australia", "AREA": 109.7096161920182, "distance": 0.0 }, "geometry": { "type": "MultiPoint", "coordinates": [ [ 16470381.804203428328037, -2471885.489130832254887 ] ] } },
{ "type": "Feature", "properties": { "facility_id": "COM00839.00", "facility_name": "Moranbah", "facility_other_names": "Moranbah North", "facility_type": "Mine", "primary_commodity": "Coal", "commodities_products": "Metallurgical coal", "facility_equipment": null, "production_start": null, "production_end": null, "activity_status": null, "activity_status_year": null, "surface_area_sq_km": null, "concession_area_sq_km": null, "country": "Australia", "GID_0": "AUS", "GID_1": "AUS.7_1", "GID_2": "AUS.7.34_1", "GID_3": null, "GID_4": null, "source_id": "det_1115", "comment": null, "Reserves_data": [ { "id": 586, "year": 2020, "material": "F.coc", "commodity": NaN, "mineral_value_tonnes": 139100000.0, "commodity_value_tonnes": NaN, "grade_ppm": NaN, "source_id": "det_1115", "comment": NaN } ], "index_right": 741, "ISO3_CODE": "AUS", "COUNTRY_NAME": "Australia", "AREA": 7.4417421484369912, "distance": 0.0 }, "geometry": { "type": "MultiPoint", "coordinates": [ [ 16472070.819854082539678, -2497614.183448892552406 ] ] } },
{ "type": "Feature", "properties": { "facility_id": "COM00587.00", "facility_name": "Jacinth-Ambrosia", "facility_other_names": "Jacinth, Ambrosia", "facility_type": "Mine, Refinery", "primary_commodity": "Iron", "commodities_products": "Zircon, Rutile, Ilmenite", "facility_equipment": "Open pit", "production_start": 2009.0, "production_end": null, "activity_status": null, "activity_status_year": null, "surface_area_sq_km": null, "concession_area_sq_km": null, "country": "Australia", "GID_0": "AUS", "GID_1": "AUS.8_1", "GID_2": "AUS.8.61_1", "GID_3": null, "GID_4": null, "source_id": "det_1471", "comment": null, "Reserves_data": [ { "id": 387, "year": 2019, "material": "O.bulk", "commodity": "O.FeTiO3", "mineral_value_tonnes": 87000000.0, "commodity_value_tonnes": NaN, "grade_ppm": NaN, "source_id": "det_2860", "comment": NaN }, { "id": 388, "year": 2019, "material": "O.bulk", "commodity": "O.TiO2", "mineral_value_tonnes": 87000000.0, "commodity_value_tonnes": NaN, "grade_ppm": NaN, "source_id": "det_2860", "comment": NaN }, { "id": 389, "year": 2019, "material": "O.bulk", "commodity": "O.Zr", "mineral_value_tonnes": 87000000.0, "commodity_value_tonnes": NaN, "grade_ppm": NaN, "source_id": "det_2860", "comment": NaN } ], "index_right": 743, "ISO3_CODE": "AUS", "COUNTRY_NAME": "Australia", "AREA": 5.5564931629365875, "distance": 0.0 }, "geometry": { "type": "MultiPoint", "coordinates": [ [ 14718957.463342202827334, -3620812.215247084852308 ] ] } },
{ "type": "Feature", "properties": { "facility_id": "COM01067.00", "facility_name": "Ravenswood", "facility_other_names": null, "facility_type": "Mine", "primary_commodity": "Gold", "commodities_products": "Gold", "facility_equipment": "Open pit, Underground", "production_start": null, "production_end": null, "activity_status": null, "activity_status_year": null, "surface_area_sq_km": null, "concession_area_sq_km": null, "country": "Australia", "GID_0": "AUS", "GID_1": "AUS.7_1", "GID_2": "AUS.7.17_1", "GID_3": null, "GID_4": null, "source_id": "det_1529", "comment": null, "Reserves_data": [ { "id": 775, "year": 2020, "material": "O.Au", "commodity": "Me.Au", "mineral_value_tonnes": NaN, "commodity_value_tonnes": 73.708760138, "grade_ppm": NaN, "source_id": "det_1529", "comment": NaN } ], "index_right": 759, "ISO3_CODE": "AUS", "COUNTRY_NAME": "Australia", "AREA": 3.7558767164752176, "distance": 8.6813102713877957 }, "geometry": { "type": "MultiPoint", "coordinates": [ [ 16352550.406588116660714, -2286499.667295075953007 ] ] } },
{ "type": "Feature", "properties": { "facility_id": "COM01066.00", "facility_name": "Ravensthorpe", "facility_other_names": null, "facility_type": "Mine", "primary_commodity": "Nickel", "commodities_products": "Nickel, Cobalt", "facility_equipment": null, "production_start": null, "production_end": null, "activity_status": null, "activity_status_year": null, "surface_area_sq_km": null, "concession_area_sq_km": null, "country": "Australia", "GID_0": "AUS", "GID_1": "AUS.11_1", "GID_2": "AUS.11.106_1", "GID_3": null, "GID_4": null, "source_id": "det_1089", "comment": null, "Reserves_data": [ { "id": 771, "year": 2017, "material": "O.bulk", "commodity": "Me.Ca", "mineral_value_tonnes": 184600000.0, "commodity_value_tonnes": NaN, "grade_ppm": NaN, "source_id": "det_2877", "comment": NaN }, { "id": 772, "year": 2017, "material": "O.bulk", "commodity": "Me.Co", "mineral_value_tonnes": 184600000.0, "commodity_value_tonnes": NaN, "grade_ppm": NaN, "source_id": "det_2877", "comment": NaN }, { "id": 773, "year": 2017, "material": "O.bulk", "commodity": "Me.Mg", "mineral_value_tonnes": 184600000.0, "commodity_value_tonnes": NaN, "grade_ppm": NaN, "source_id": "det_2877", "comment": NaN }, { "id": 774, "year": 2017, "material": "O.bulk", "commodity": "Me.Ni", "mineral_value_tonnes": 184600000.0, "commodity_value_tonnes": NaN, "grade_ppm": NaN, "source_id": "det_2877", "comment": NaN } ], "index_right": 773, "ISO3_CODE": "AUS", "COUNTRY_NAME": "Australia", "AREA": 24.388734710028558, "distance": 0.0 }, "geometry": { "type": "MultiPoint", "coordinates": [ [ 13403054.900017093867064, -3981227.629860633052886 ] ] } },
{ "type": "Feature", "properties": { "facility_id": "COM00862.00", "facility_name": "Mt Cattlin", "facility_other_names": null, "facility_type": "Mine", "primary_commodity": "Other (poly)-metallic", "commodities_products": "Spodumene, Lithium", "facility_equipment": "Open pit", "production_start": 2011.0, "production_end": null, "activity_status": null, "activity_status_year": null, "surface_area_sq_km": null, "concession_area_sq_km": null, "country": "Australia", "GID_0": "AUS", "GID_1": "AUS.11_1", "GID_2": "AUS.11.106_1", "GID_3": null, "GID_4": null, "source_id": "det_1470", "comment": null, "Reserves_data": [ { "id": 603, "year": 2019, "material": "O.Li", "commodity": "Me.Li2O", "mineral_value_tonnes": 8199999.999999999, "commodity_value_tonnes": NaN, "grade_ppm": NaN, "source_id": "det_1470", "comment": NaN } ], "index_right": 781, "ISO3_CODE": "AUS", "COUNTRY_NAME": "Australia", "AREA": 3.1067555313097834, "distance": 0.0 }, "geometry": { "type": "MultiPoint", "coordinates": [ [ 13360407.255859564989805, -3970039.54112831922248 ] ] } },
{ "type": "Feature", "properties": { "facility_id": "COM00944.00", "facility_name": "Osbourne", "facility_other_names": null, "facility_type": "Mine", "primary_commodity": "Other mine", "commodities_products": "Gold", "facility_equipment": null, "production_start": null, "production_end": null, "activity_status": null, "activity_status_year": null, "surface_area_sq_km": null, "concession_area_sq_km": null, "country": "Australia", "GID_0": "AUS", "GID_1": "AUS.7_1", "GID_2": "AUS.7.19_1", "GID_3": null, "GID_4": null, "source_id": "det_1041", "comment": null, "Reserves_data": [ { "id": 669, "year": 2007, "material": "O.Au", "commodity": "Me.Au", "mineral_value_tonnes": 4181000.0, "commodity_value_tonnes": 2.324660886, "grade_ppm": 0.5669904626000001, "source_id": "det_1041", "comment": NaN } ], "index_right": 844, "ISO3_CODE": "AUS", "COUNTRY_NAME": "Australia", "AREA": 4.8788256752604857, "distance": 0.0 }, "geometry": { "type": "MultiPoint", "coordinates": [ [ 15649683.466956937685609, -2522901.486655510496348 ] ] } },
{ "type": "Feature", "properties": { "facility_id": "COM00198.00", "facility_name": "Cannington", "facility_other_names": null, "facility_type": "Mine", "primary_commodity": "Silver", "commodities_products": "Silver, Lead, Zinc", "facility_equipment": "Underground", "production_start": null, "production_end": null, "activity_status": null, "activity_status_year": null, "surface_area_sq_km": null, "concession_area_sq_km": null, "country": "Australia", "GID_0": "AUS", "GID_1": "AUS.7_1", "GID_2": "AUS.7.43_1", "GID_3": null, "GID_4": null, "source_id": "det_1147", "comment": null, "Reserves_data": [ { "id": 118, "year": 2019, "material": "O.bulk", "commodity": "Me.Au", "mineral_value_tonnes": 21000000.0, "commodity_value_tonnes": NaN, "grade_ppm": NaN, "source_id": "det_1147", "comment": NaN }, { "id": 119, "year": 2019, "material": "O.bulk", "commodity": "Me.Pb", "mineral_value_tonnes": 21000000.0, "commodity_value_tonnes": NaN, "grade_ppm": NaN, "source_id": "det_1147", "comment": NaN }, { "id": 120, "year": 2019, "material": "O.bulk", "commodity": "Me.Zn", "mineral_value_tonnes": 21000000.0, "commodity_value_tonnes": NaN, "grade_ppm": NaN, "source_id": "det_1147", "comment": NaN } ], "index_right": 857, "ISO3_CODE": "AUS", "COUNTRY_NAME": "Australia", "AREA": 5.1151259333167829, "distance": 0.0 }, "geometry": { "type": "MultiPoint", "coordinates": [ [ 15685690.490962663665414, -2494234.862502782139927 ] ] } },
{ "type": "Feature", "properties": { "facility_id": "COM01214.00", "facility_name": "South Walker Creek", "facility_other_names": null, "facility_type": "Mine", "primary_commodity": "Coal", "commodities_products": "Metallurgical bituminous coal", "facility_equipment": "Open pit", "production_start": 1996.0, "production_end": null, "activity_status": null, "activity_status_year": null, "surface_area_sq_km": null, "concession_area_sq_km": null, "country": "Australia", "GID_0": "AUS", "GID_1": "AUS.7_1", "GID_2": "AUS.7.34_1", "GID_3": null, "GID_4": null, "source_id": "det_1135", "comment": null, "Reserves_data": [ { "id": 880, "year": 2019, "material": "F.coal", "commodity": NaN, "mineral_value_tonnes": 137000000.0, "commodity_value_tonnes": NaN, "grade_ppm": NaN, "source_id": "det_1135", "comment": NaN } ], "index_right": 943, "ISO3_CODE": "AUS", "COUNTRY_NAME": "Australia", "AREA": 22.938979517454115, "distance": 0.0 }, "geometry": { "type": "MultiPoint", "coordinates": [ [ 16528894.552957916632295, -2484798.398114566225559 ] ] } },
{ "type": "Feature", "properties": { "facility_id": "COM00203.00", "facility_name": "Carborough Downs", "facility_other_names": null, "facility_type": "Mine", "primary_commodity": "Coal", "commodities_products": "Metallurgical coal", "facility_equipment": null, "production_start": null, "production_end": null, "activity_status": null, "activity_status_year": null, "surface_area_sq_km": null, "concession_area_sq_km": null, "country": "Australia", "GID_0": "AUS", "GID_1": "AUS.7_1", "GID_2": "AUS.7.34_1", "GID_3": null, "GID_4": null, "source_id": "det_1162", "comment": null, "Reserves_data": [ { "id": 123, "year": 2013, "material": "F.coal", "commodity": NaN, "mineral_value_tonnes": 26800000.0, "commodity_value_tonnes": NaN, "grade_ppm": NaN, "source_id": "det_1162", "comment": NaN } ], "index_right": 944, "ISO3_CODE": "AUS", "COUNTRY_NAME": "Australia", "AREA": 2.3456404665492618, "distance": 0.0 }, "geometry": { "type": "MultiPoint", "coordinates": [ [ 16498441.305982369929552, -2505675.01454349514097 ] ] } },
{ "type": "Feature", "properties": { "facility_id": "COM01378.00", "facility_name": "Worsley", "facility_other_names": "Boddington Bauxite mine", "facility_type": "Mine, Refinery", "primary_commodity": "Other mine", "commodities_products": "Alumina, Bauxite", "facility_equipment": null, "production_start": null, "production_end": null, "activity_status": null, "activity_status_year": null, "surface_area_sq_km": null, "concession_area_sq_km": null, "country": "Australia", "GID_0": "AUS", "GID_1": "AUS.11_1", "GID_2": "AUS.11.27_1", "GID_3": null, "GID_4": null, "source_id": "det_1147", "comment": null, "Reserves_data": [ { "id": 997, "year": 2019, "material": "M.lat", "commodity": "Me.Al2O3", "mineral_value_tonnes": 270000000.0, "commodity_value_tonnes": NaN, "grade_ppm": NaN, "source_id": "det_1147", "comment": NaN }, { "id": 998, "year": 2019, "material": "M.lat", "commodity": "Nm.SiO2", "mineral_value_tonnes": 270000000.0, "commodity_value_tonnes": NaN, "grade_ppm": NaN, "source_id": "det_1147", "comment": NaN } ], "index_right": 1010, "ISO3_CODE": "AUS", "COUNTRY_NAME": "Australia", "AREA": 26.706407060150074, "distance": 0.0 }, "geometry": { "type": "MultiPoint", "coordinates": [ [ 12921372.433433869853616, -3927389.424305115826428 ] ] } },
{ "type": "Feature", "properties": { "facility_id": "COM01296.00", "facility_name": "Tropicana", "facility_other_names": null, "facility_type": "Mine", "primary_commodity": "Gold", "commodities_products": "Gold", "facility_equipment": null, "production_start": null, "production_end": null, "activity_status": null, "activity_status_year": null, "surface_area_sq_km": null, "concession_area_sq_km": null, "country": "Australia", "GID_0": "AUS", "GID_1": "AUS.11_1", "GID_2": "AUS.11.77_1", "GID_3": null, "GID_4": null, "source_id": "det_1057", "comment": null, "Reserves_data": [ { "id": 952, "year": 2018, "material": "O.Au", "commodity": "Me.Au", "mineral_value_tonnes": 65671428.571428575, "commodity_value_tonnes": 106.1082151437143, "grade_ppm": 1.77, "source_id": "det_2833", "comment": NaN } ], "index_right": 1045, "ISO3_CODE": "AUS", "COUNTRY_NAME": "Australia", "AREA": 22.88053476673139, "distance": 0.0 }, "geometry": { "type": "MultiPoint", "coordinates": [ [ 13863762.745845682919025, -3406287.064006292261183 ] ] } },
{ "type": "Feature", "properties": { "facility_id": "COM00208.00", "facility_name": "Carosue Dam", "facility_other_names": "CDO", "facility_type": "Mine", "primary_commodity": "Gold", "commodities_products": "Gold", "facility_equipment": null, "production_start": 2010.0, "production_end": null, "activity_status": null, "activity_status_year": null, "surface_area_sq_km": null, "concession_area_sq_km": null, "country": "Australia", "GID_0": "AUS", "GID_1": "AUS.11_1", "GID_2": "AUS.11.61_1", "GID_3": null, "GID_4": null, "source_id": "det_1499", "comment": null, "Reserves_data": [ { "id": 127, "year": 2020, "material": "O.Au", "commodity": "Me.Au", "mineral_value_tonnes": 33000000.0, "commodity_value_tonnes": 56.699046, "grade_ppm": 1.9, "source_id": "det_1499", "comment": NaN } ], "index_right": 1062, "ISO3_CODE": "AUS", "COUNTRY_NAME": "Australia", "AREA": 6.2178949788576183, "distance": 0.0 }, "geometry": { "type": "MultiPoint", "coordinates": [ [ 13620046.331497251987457, -3523305.392726950813085 ] ] } },
{ "type": "Feature", "properties": { "facility_id": "COM00920.00", "facility_name": "Northern Star Kalgoorlie Operations", "facility_other_names": null, "facility_type": "Mine", "primary_commodity": "Gold", "commodities_products": "Gold", "facility_equipment": null, "production_start": null, "production_end": null, "activity_status": null, "activity_status_year": null, "surface_area_sq_km": null, "concession_area_sq_km": null, "country": "Australia", "GID_0": "AUS", "GID_1": "AUS.11_1", "GID_2": "AUS.11.28_1", "GID_3": null, "GID_4": null, "source_id": "det_1492", "comment": "Includes the Kanowna Belle Operations and Kundana from 2017 onwards, and the South Kalgoorlie Operations from 2018 onwards", "Reserves_data": [ { "id": 651, "year": 2020, "material": "O.Au", "commodity": "Me.Au", "mineral_value_tonnes": 2177000.0, "commodity_value_tonnes": 8.193012147000001, "grade_ppm": 4.1, "source_id": "det_2862", "comment": NaN } ], "index_right": 1083, "ISO3_CODE": "AUS", "COUNTRY_NAME": "Australia", "AREA": 5.0707338890577116, "distance": 0.0 }, "geometry": { "type": "MultiPoint", "coordinates": [ [ 13494590.964494163170457, -3594740.183835374657065 ] ] } },
{ "type": "Feature", "properties": { "facility_id": "COM00617.00", "facility_name": "Kanowna Belle", "facility_other_names": "Kanowa", "facility_type": "Mine", "primary_commodity": "Gold", "commodities_products": "Gold", "facility_equipment": null, "production_start": null, "production_end": null, "activity_status": null, "activity_status_year": null, "surface_area_sq_km": null, "concession_area_sq_km": null, "country": "Australia", "GID_0": "AUS", "GID_1": "AUS.11_1", "GID_2": "AUS.11.61_1", "GID_3": null, "GID_4": null, "source_id": "det_1037", "comment": null, "Reserves_data": [ { "id": 407, "year": 2013, "material": "O.Au", "commodity": "Me.Au", "mineral_value_tonnes": 2884000.0, "commodity_value_tonnes": 11.566605384, "grade_ppm": 3.9972827613299993, "source_id": "det_1037", "comment": NaN }, { "id": 408, "year": 2020, "material": "O.Au", "commodity": "Me.Au", "mineral_value_tonnes": 8249000.0, "commodity_value_tonnes": 20.553404175, "grade_ppm": 2.7, "source_id": "det_2862", "comment": NaN } ], "index_right": 1085, "ISO3_CODE": "AUS", "COUNTRY_NAME": "Australia", "AREA": 6.6772980010955996, "distance": 0.0 }, "geometry": { "type": "MultiPoint", "coordinates": [ [ 13533787.732723049819469, -3581546.720819416921586 ] ] } },
{ "type": "Feature", "properties": { "facility_id": "COM00314.00", "facility_name": "Darling Range Mines", "facility_other_names": "ML1SA, Darling Range Mines ML1SA", "facility_type": "Mine", "primary_commodity": "Aluminium", "commodities_products": "Bauxite", "facility_equipment": "Open pit", "production_start": 1963.0, "production_end": null, "activity_status": null, "activity_status_year": null, "surface_area_sq_km": null, "concession_area_sq_km": 7128.81, "country": "Australia", "GID_0": "AUS", "GID_1": "AUS.11_1", "GID_2": "AUS.11.128_1", "GID_3": null, "GID_4": null, "source_id": "det_1269", "comment": null, "Reserves_data": [ { "id": 219, "year": 2019, "material": "O.Al", "commodity": "Me.Al2O3", "mineral_value_tonnes": 128200000.0, "commodity_value_tonnes": NaN, "grade_ppm": NaN, "source_id": "det_1270", "comment": "56.6 (probable) + 71.6 (proven)" }, { "id": 220, "year": 2019, "material": "O.Al", "commodity": "Nm.SiO2", "mineral_value_tonnes": 128200000.0, "commodity_value_tonnes": NaN, "grade_ppm": NaN, "source_id": "det_1270", "comment": "56.6 (probable) + 71.6 (proven)" } ], "index_right": 1096, "ISO3_CODE": "AUS", "COUNTRY_NAME": "Australia", "AREA": 0.73970756371994895, "distance": 1486.3460913122492 }, "geometry": { "type": "MultiPoint", "coordinates": [ [ 12916544.759242450818419, -3884362.349040017463267 ] ] } },
{ "type": "Feature", "properties": { "facility_id": "COM00151.00", "facility_name": "Boddington", "facility_other_names": null, "facility_type": "Mine", "primary_commodity": "Gold", "commodities_products": "Gold, Copper", "facility_equipment": "Open pit", "production_start": 2009.0, "production_end": null, "activity_status": null, "activity_status_year": null, "surface_area_sq_km": null, "concession_area_sq_km": null, "country": "Australia", "GID_0": "AUS", "GID_1": "AUS.11_1", "GID_2": "AUS.11.9_1", "GID_3": null, "GID_4": null, "source_id": "det_1003", "comment": "not to be mistaken for the Worsley bauxite mine, which is near the town Boddington", "Reserves_data": [ { "id": 83, "year": 2017, "material": "O.bulk", "commodity": "Me.Au", "mineral_value_tonnes": 651000000.0, "commodity_value_tonnes": 358.62146595, "grade_ppm": 0.558934146503149, "source_id": "det_2839", "comment": NaN }, { "id": 84, "year": 2017, "material": "O.bulk", "commodity": "Me.Cu", "mineral_value_tonnes": 651000000.0, "commodity_value_tonnes": 607813.7758, "grade_ppm": NaN, "source_id": "det_2839", "comment": NaN } ], "index_right": 1124, "ISO3_CODE": "AUS", "COUNTRY_NAME": "Australia", "AREA": 24.843405726175082, "distance": 0.0 }, "geometry": { "type": "MultiPoint", "coordinates": [ [ 12955656.823102122172713, -3863969.001918368972838 ] ] } },
{ "type": "Feature", "properties": { "facility_id": "COM00950.00", "facility_name": "Paddington", "facility_other_names": "Norton Gold Fields", "facility_type": "Mine", "primary_commodity": "Gold", "commodities_products": "Gold", "facility_equipment": "Open Pit, Underground", "production_start": null, "production_end": null, "activity_status": null, "activity_status_year": null, "surface_area_sq_km": null, "concession_area_sq_km": null, "country": "Australia", "GID_0": "AUS", "GID_1": "AUS.11_1", "GID_2": "AUS.11.61_1", "GID_3": null, "GID_4": null, "source_id": "det_1314", "comment": null, "Reserves_data": [ { "id": 672, "year": 2018, "material": "O.Au", "commodity": "Me.Au", "mineral_value_tonnes": NaN, "commodity_value_tonnes": 31.339, "grade_ppm": 1.55, "source_id": "det_1332", "comment": NaN } ], "index_right": 1127, "ISO3_CODE": "AUS", "COUNTRY_NAME": "Australia", "AREA": 9.8171625324927216, "distance": 0.0 }, "geometry": { "type": "MultiPoint", "coordinates": [ [ 13508735.122874094173312, -3566924.373313033953309 ] ] } },
{ "type": "Feature", "properties": { "facility_id": "COM00611.00", "facility_name": "Kalgoorlie", "facility_other_names": "Super Pit, KCGM, Kalgoorlie Consolidated Gold Mines Pty Ltd", "facility_type": "Mine", "primary_commodity": "Gold", "commodities_products": "Gold", "facility_equipment": "Open pit, Underground", "production_start": 1989.0, "production_end": null, "activity_status": null, "activity_status_year": null, "surface_area_sq_km": null, "concession_area_sq_km": null, "country": "Australia", "GID_0": "AUS", "GID_1": "AUS.11_1", "GID_2": "AUS.11.61_1", "GID_3": null, "GID_4": null, "source_id": "det_1004", "comment": "Not to be mistaken for the Kalgoorlie Smelter", "Reserves_data": [ { "id": 405, "year": 2017, "material": "O.Au", "commodity": "Me.Au", "mineral_value_tonnes": 218400000.0, "commodity_value_tonnes": 219.42530802, "grade_ppm": 1.0030331278852382, "source_id": "det_2839", "comment": NaN } ], "index_right": 1156, "ISO3_CODE": "AUS", "COUNTRY_NAME": "Australia", "AREA": 34.402325345163455, "distance": 0.0 }, "geometry": { "type": "MultiPoint", "coordinates": [ [ 13525941.052989318966866, -3603904.051031325943768 ] ] } },
{ "type": "Feature", "properties": { "facility_id": "COM00369.00", "facility_name": "Edna May", "facility_other_names": null, "facility_type": "Mine", "primary_commodity": "Gold", "commodities_products": "Gold", "facility_equipment": "Underground, Open pit", "production_start": null, "production_end": null, "activity_status": null, "activity_status_year": null, "surface_area_sq_km": null, "concession_area_sq_km": null, "country": "Australia", "GID_0": "AUS", "GID_1": "AUS.11_1", "GID_2": "AUS.11.130_1", "GID_3": null, "GID_4": null, "source_id": "det_1495", "comment": null, "Reserves_data": [ { "id": 257, "year": 2020, "material": "O.Au", "commodity": "Me.Au", "mineral_value_tonnes": 5800000.0, "commodity_value_tonnes": 12.4089, "grade_ppm": 2.1517241379310343, "source_id": "det_1495", "comment": NaN } ], "index_right": 1218, "ISO3_CODE": "AUS", "COUNTRY_NAME": "Australia", "AREA": 5.9855567207871117, "distance": 0.0 }, "geometry": { "type": "MultiPoint", "coordinates": [ [ 13213060.970719002187252, -3669932.153421776834875 ] ] } },
{ "type": "Feature", "properties": { "facility_id": "COM00232.00", "facility_name": "Cerro Vanguardia", "facility_other_names": null, "facility_type": "Mine", "primary_commodity": "Gold", "commodities_products": "Gold", "facility_equipment": null, "production_start": null, "production_end": null, "activity_status": null, "activity_status_year": null, "surface_area_sq_km": null, "concession_area_sq_km": null, "country": "Argentina", "GID_0": "ARG", "GID_1": "ARG.20_1", "GID_2": "ARG.20.2_1", "GID_3": null, "GID_4": null, "source_id": "det_1057", "comment": null, "Reserves_data": [ { "id": 157, "year": 2018, "material": "O.Au", "commodity": "Me.Ag", "mineral_value_tonnes": 17145945.945945945, "commodity_value_tonnes": 1001.5809901496216, "grade_ppm": 64.08, "source_id": "det_2833", "comment": NaN }, { "id": 158, "year": 2018, "material": "O.Au", "commodity": "Me.Au", "mineral_value_tonnes": 17145945.945945945, "commodity_value_tonnes": 32.79350243145946, "grade_ppm": 2.1, "source_id": "det_2833", "comment": NaN } ], "index_right": 1232, "ISO3_CODE": "ARG", "COUNTRY_NAME": "Argentina", "AREA": 45.913168094039115, "distance": 0.0 }, "geometry": { "type": "MultiPoint", "coordinates": [ [ -7598965.074595971032977, -6171016.98138443287462 ] ] } },
{ "type": "Feature", "properties": { "facility_id": "COM01243.00", "facility_name": "Sunrise Dam", "facility_other_names": null, "facility_type": "Mine", "primary_commodity": "Gold", "commodities_products": "Gold", "facility_equipment": null, "production_start": null, "production_end": null, "activity_status": null, "activity_status_year": null, "surface_area_sq_km": null, "concession_area_sq_km": null, "country": "Australia", "GID_0": "AUS", "GID_1": "AUS.11_1", "GID_2": "AUS.11.71_1", "GID_3": null, "GID_4": null, "source_id": "det_1057", "comment": null, "Reserves_data": [ { "id": 896, "year": 2018, "material": "O.Au", "commodity": "Me.Au", "mineral_value_tonnes": 84000000.0, "commodity_value_tonnes": 165.5612150792, "grade_ppm": 2.16, "source_id": "det_2833", "comment": NaN } ], "index_right": 1255, "ISO3_CODE": "AUS", "COUNTRY_NAME": "Australia", "AREA": 17.097726985982781, "distance": 0.0 }, "geometry": { "type": "MultiPoint", "coordinates": [ [ 13627442.042243186384439, -3385496.046240188647062 ] ] } },
{ "type": "Feature", "properties": { "facility_id": "COM00495.00", "facility_name": "Granny Smith", "facility_other_names": null, "facility_type": "Mine", "primary_commodity": "Other mine", "commodities_products": "Gold", "facility_equipment": null, "production_start": null, "production_end": null, "activity_status": null, "activity_status_year": null, "surface_area_sq_km": null, "concession_area_sq_km": null, "country": "Australia", "GID_0": "AUS", "GID_1": "AUS.11_1", "GID_2": "AUS.11.71_1", "GID_3": null, "GID_4": null, "source_id": "det_1039", "comment": null, "Reserves_data": [ { "id": 327, "year": 2012, "material": "O.Au", "commodity": "Me.Au", "mineral_value_tonnes": 34795000.0, "commodity_value_tonnes": 0.001530874242, "grade_ppm": 52.90021016058, "source_id": "det_2708", "comment": NaN } ], "index_right": 1318, "ISO3_CODE": "AUS", "COUNTRY_NAME": "Australia", "AREA": 10.141621972332725, "distance": 0.0 }, "geometry": { "type": "MultiPoint", "coordinates": [ [ 13627752.406197721138597, -3351597.32889811322093 ] ] } },
{ "type": "Feature", "properties": { "facility_id": "COM00229.00", "facility_name": "Cerro Moro", "facility_other_names": null, "facility_type": "Mine", "primary_commodity": "Gold", "commodities_products": "Gold, Silver, Copper", "facility_equipment": "Open pit, Underground", "production_start": 2018.0, "production_end": null, "activity_status": null, "activity_status_year": null, "surface_area_sq_km": null, "concession_area_sq_km": null, "country": "Argentina", "GID_0": "ARG", "GID_1": "ARG.20_1", "GID_2": "ARG.20.2_1", "GID_3": null, "GID_4": null, "source_id": "det_1209", "comment": null, "Reserves_data": [ { "id": 153, "year": 2019, "material": "O.Au", "commodity": "Me.Ag", "mineral_value_tonnes": 1530000.0, "commodity_value_tonnes": 863.554820103, "grade_ppm": 619.2, "source_id": "det_1917", "comment": NaN }, { "id": 154, "year": 2019, "material": "O.Au", "commodity": "Me.Au", "mineral_value_tonnes": 1530000.0, "commodity_value_tonnes": 14.996897667, "grade_ppm": 10.75, "source_id": "det_1917", "comment": NaN } ], "index_right": 1331, "ISO3_CODE": "ARG", "COUNTRY_NAME": "Argentina", "AREA": 0.44128965561302558, "distance": 0.0 }, "geometry": { "type": "MultiPoint", "coordinates": [ [ -7419859.271940394304693, -6128571.110625246539712 ] ] } },
{ "type": "Feature", "properties": { "facility_id": "COM00230.00", "facility_name": "Cerro Negro", "facility_other_names": null, "facility_type": "Mine", "primary_commodity": "Gold", "commodities_products": "Gold, Silver", "facility_equipment": "Open pit, underground", "production_start": 2014.0, "production_end": null, "activity_status": null, "activity_status_year": null, "surface_area_sq_km": null, "concession_area_sq_km": 215.48, "country": "Argentina", "GID_0": "ARG", "GID_1": "ARG.20_1", "GID_2": "ARG.20.5_1", "GID_3": null, "GID_4": null, "source_id": "det_1152", "comment": null, "Reserves_data": [ { "id": 155, "year": 2019, "material": "O.Au", "commodity": "Me.Au", "mineral_value_tonnes": 9300000.0, "commodity_value_tonnes": 73.70875980000001, "grade_ppm": 8.02291504579, "source_id": "det_1151", "comment": NaN } ], "index_right": 1346, "ISO3_CODE": "ARG", "COUNTRY_NAME": "Argentina", "AREA": 0.98534202540601168, "distance": 0.0 }, "geometry": { "type": "MultiPoint", "coordinates": [ [ -7816883.397328142076731, -5921241.779732875525951 ] ] } },
{ "type": "Feature", "properties": { "facility_id": "COM00721.00", "facility_name": "Leonora", "facility_other_names": "Leonora Operations", "facility_type": "Mine", "primary_commodity": "Gold", "commodities_products": "Gold", "facility_equipment": "Underground, Open pit, Carbon in Pulp circuit", "production_start": 2008.0, "production_end": null, "activity_status": null, "activity_status_year": null, "surface_area_sq_km": null, "concession_area_sq_km": null, "country": "Australia", "GID_0": "AUS", "GID_1": "AUS.11_1", "GID_2": "AUS.11.72_1", "GID_3": null, "GID_4": null, "source_id": "det_1461", "comment": null, "Reserves_data": [ { "id": 500, "year": 2020, "material": "O.Au", "commodity": "Me.Au", "mineral_value_tonnes": 45783000.0, "commodity_value_tonnes": 96.700222953, "grade_ppm": 2.3273463949500908, "source_id": "det_3311", "comment": NaN } ], "index_right": 1360, "ISO3_CODE": "AUS", "COUNTRY_NAME": "Australia", "AREA": 6.5840167290173719, "distance": 0.0 }, "geometry": { "type": "MultiPoint", "coordinates": [ [ 13506436.02791466191411, -3364736.787423118017614 ] ] } },
{ "type": "Feature", "properties": { "facility_id": "COM00352.00", "facility_name": "Dugald River", "facility_other_names": null, "facility_type": "Mine", "primary_commodity": "Zinc", "commodities_products": "Zinc, Lead, Silver", "facility_equipment": null, "production_start": 2018.0, "production_end": null, "activity_status": null, "activity_status_year": null, "surface_area_sq_km": null, "concession_area_sq_km": null, "country": "Australia", "GID_0": "AUS", "GID_1": "AUS.7_1", "GID_2": "AUS.7.19_1", "GID_3": null, "GID_4": null, "source_id": "det_1099", "comment": null, "Reserves_data": [ { "id": 241, "year": 2018, "material": "O.bulk", "commodity": "Me.Ag", "mineral_value_tonnes": 28600000.0, "commodity_value_tonnes": NaN, "grade_ppm": NaN, "source_id": "det_2852", "comment": NaN }, { "id": 242, "year": 2018, "material": "O.bulk", "commodity": "Me.Pb", "mineral_value_tonnes": 28600000.0, "commodity_value_tonnes": NaN, "grade_ppm": NaN, "source_id": "det_2852", "comment": NaN }, { "id": 243, "year": 2018, "material": "O.bulk", "commodity": "Me.Zn", "mineral_value_tonnes": 28600000.0, "commodity_value_tonnes": NaN, "grade_ppm": NaN, "source_id": "det_2852", "comment": NaN } ], "index_right": 1373, "ISO3_CODE": "AUS", "COUNTRY_NAME": "Australia", "AREA": 1.4803596895977253, "distance": 0.0 }, "geometry": { "type": "MultiPoint", "coordinates": [ [ 15601638.329431975260377, -2302616.930565533228219 ] ] } },
{ "type": "Feature", "properties": { "facility_id": "COM00872.00", "facility_name": "Murrin Murrin", "facility_other_names": null, "facility_type": "Mine", "primary_commodity": "Nickel", "commodities_products": "Nickel, Cobalt, Copper", "facility_equipment": "Open pit", "production_start": 1999.0, "production_end": null, "activity_status": null, "activity_status_year": null, "surface_area_sq_km": null, "concession_area_sq_km": null, "country": "Australia", "GID_0": "AUS", "GID_1": "AUS.11_1", "GID_2": "AUS.11.71_1", "GID_3": null, "GID_4": null, "source_id": "det_1178", "comment": null, "Reserves_data": [ { "id": 609, "year": 2019, "material": "O.bulk", "commodity": "Me.Co", "mineral_value_tonnes": 41400000.0, "commodity_value_tonnes": NaN, "grade_ppm": NaN, "source_id": "det_2855", "comment": NaN }, { "id": 610, "year": 2019, "material": "O.bulk", "commodity": "Me.Ni", "mineral_value_tonnes": 41400000.0, "commodity_value_tonnes": NaN, "grade_ppm": NaN, "source_id": "det_2855", "comment": NaN } ], "index_right": 1384, "ISO3_CODE": "AUS", "COUNTRY_NAME": "Australia", "AREA": 45.540221360976211, "distance": 0.0 }, "geometry": { "type": "MultiPoint", "coordinates": [ [ 13569290.68278001062572, -3346102.360756356734782 ] ] } },
{ "type": "Feature", "properties": { "facility_id": "COM00558.00", "facility_name": "Iluka Western Australia", "facility_other_names": null, "facility_type": "Mine, Refinery", "primary_commodity": "Iron", "commodities_products": "Zircon, Rutile, Ilmenite, Refined Zircon, Refined Rutile, Monazite, Synthetic Rutile", "facility_equipment": "Open pit", "production_start": null, "production_end": null, "activity_status": null, "activity_status_year": null, "surface_area_sq_km": null, "concession_area_sq_km": null, "country": "Australia", "GID_0": "AUS", "GID_1": "AUS.11_1", "GID_2": "AUS.11.20_1 ; AUS.11.21_1 ; AUS.11.37_1 ; AUS.11.50_1", "GID_3": null, "GID_4": null, "source_id": "det_1472", "comment": null, "Reserves_data": [ { "id": 374, "year": 2019, "material": "O.bulk", "commodity": "O.FeTiO3", "mineral_value_tonnes": 144000000.0, "commodity_value_tonnes": NaN, "grade_ppm": NaN, "source_id": "det_2860", "comment": NaN }, { "id": 375, "year": 2019, "material": "O.bulk", "commodity": "O.TiO2", "mineral_value_tonnes": 144000000.0, "commodity_value_tonnes": NaN, "grade_ppm": NaN, "source_id": "det_2860", "comment": NaN }, { "id": 376, "year": 2019, "material": "O.bulk", "commodity": "O.Zr", "mineral_value_tonnes": 144000000.0, "commodity_value_tonnes": NaN, "grade_ppm": NaN, "source_id": "det_2860", "comment": NaN } ], "index_right": 1429, "ISO3_CODE": "AUS", "COUNTRY_NAME": "Australia", "AREA": 4.6823358539573992, "distance": 0.0 }, "geometry": { "type": "MultiPoint", "coordinates": [ [ 12861409.140277396887541, -3600730.917663618922234 ] ] } },
{ "type": "Feature", "properties": { "facility_id": "COM00354.00", "facility_name": "Duketon", "facility_other_names": null, "facility_type": "Mine", "primary_commodity": "Gold", "commodities_products": "Gold", "facility_equipment": null, "production_start": 2010.0, "production_end": null, "activity_status": null, "activity_status_year": null, "surface_area_sq_km": null, "concession_area_sq_km": null, "country": "Australia", "GID_0": "AUS", "GID_1": "AUS.11_1", "GID_2": "AUS.11.71_1", "GID_3": null, "GID_4": null, "source_id": "det_1498", "comment": null, "Reserves_data": [ { "id": 245, "year": 2013, "material": "O.Au", "commodity": "Me.Au", "mineral_value_tonnes": 67622950.81967212, "commodity_value_tonnes": 76.97360240778688, "grade_ppm": 1.1339809252000002, "source_id": "det_1012", "comment": NaN }, { "id": 246, "year": 2020, "material": "O.Au", "commodity": "Me.Au", "mineral_value_tonnes": 43000000.0, "commodity_value_tonnes": 45.359236800000005, "grade_ppm": 1.1, "source_id": "det_1498", "comment": NaN } ], "index_right": 1431, "ISO3_CODE": "AUS", "COUNTRY_NAME": "Australia", "AREA": 20.953228592593682, "distance": 0.0 }, "geometry": { "type": "MultiPoint", "coordinates": [ [ 13621452.582837991416454, -3235814.345346269663423 ] ] } },
{ "type": "Feature", "properties": { "facility_id": "COM01278.00", "facility_name": "Thunderbox", "facility_other_names": "TBO", "facility_type": "Mine", "primary_commodity": "Gold", "commodities_products": "Gold", "facility_equipment": null, "production_start": 2016.0, "production_end": null, "activity_status": null, "activity_status_year": null, "surface_area_sq_km": null, "concession_area_sq_km": null, "country": "Australia", "GID_0": "AUS", "GID_1": "AUS.11_1", "GID_2": "AUS.11.72_1", "GID_3": null, "GID_4": null, "source_id": "det_1499", "comment": null, "Reserves_data": [ { "id": 939, "year": 2020, "material": "O.Au", "commodity": "Me.Au", "mineral_value_tonnes": 33000000.0, "commodity_value_tonnes": 48.1941891, "grade_ppm": 1.6, "source_id": "det_1499", "comment": NaN } ], "index_right": 1446, "ISO3_CODE": "AUS", "COUNTRY_NAME": "Australia", "AREA": 6.3281895584760797, "distance": 0.0 }, "geometry": { "type": "MultiPoint", "coordinates": [ [ 13469745.693862732499838, -3271593.824365624692291 ] ] } },
{ "type": "Feature", "properties": { "facility_id": "COM00712.00", "facility_name": "Lawlers", "facility_other_names": null, "facility_type": "Mine", "primary_commodity": "Gold", "commodities_products": "Gold", "facility_equipment": null, "production_start": null, "production_end": null, "activity_status": null, "activity_status_year": null, "surface_area_sq_km": null, "concession_area_sq_km": null, "country": "Australia", "GID_0": "AUS", "GID_1": "AUS.11_1", "GID_2": "AUS.11.72_1", "GID_3": null, "GID_4": null, "source_id": "det_1040", "comment": null, "Reserves_data": [ { "id": 496, "year": 2012, "material": "O.Au", "commodity": "Me.Au", "mineral_value_tonnes": 2963000.0, "commodity_value_tonnes": 10.971265401, "grade_ppm": 3.71378753003, "source_id": "det_2708", "comment": NaN } ], "index_right": 1466, "ISO3_CODE": "AUS", "COUNTRY_NAME": "Australia", "AREA": 3.6020446896799339, "distance": 1437.6656371144293 }, "geometry": { "type": "MultiPoint", "coordinates": [ [ 13415201.281653685495257, -3258957.980792326852679 ] ] } },
{ "type": "Feature", "properties": { "facility_id": "COM00719.00", "facility_name": "Leinster", "facility_other_names": null, "facility_type": "Mine", "primary_commodity": "Other (poly)-metallic", "commodities_products": "Nickel", "facility_equipment": "Open Pit, Underground", "production_start": 1979.0, "production_end": null, "activity_status": null, "activity_status_year": null, "surface_area_sq_km": null, "concession_area_sq_km": null, "country": "Australia", "GID_0": "AUS", "GID_1": "AUS.11_1", "GID_2": "AUS.11.72_1", "GID_3": null, "GID_4": null, "source_id": "det_1135", "comment": null, "Reserves_data": [ { "id": 499, "year": 2019, "material": "O.Ni", "commodity": "Me.Ni", "mineral_value_tonnes": 9400000.0, "commodity_value_tonnes": NaN, "grade_ppm": NaN, "source_id": "det_1135", "comment": NaN } ], "index_right": 1484, "ISO3_CODE": "AUS", "COUNTRY_NAME": "Australia", "AREA": 16.207039648044219, "distance": 0.0 }, "geometry": { "type": "MultiPoint", "coordinates": [ [ 13436371.96969985589385, -3226118.545724849682301 ] ] } },
{ "type": "Feature", "properties": { "facility_id": "COM00315.00", "facility_name": "Darlot", "facility_other_names": null, "facility_type": "Mine", "primary_commodity": "Gold", "commodities_products": "Gold", "facility_equipment": null, "production_start": null, "production_end": null, "activity_status": null, "activity_status_year": null, "surface_area_sq_km": null, "concession_area_sq_km": null, "country": "Australia", "GID_0": "AUS", "GID_1": "AUS.11_1", "GID_2": "AUS.11.72_1", "GID_3": null, "GID_4": null, "source_id": "det_1041", "comment": null, "Reserves_data": [ { "id": 221, "year": 2007, "material": "O.Au", "commodity": "Me.Au", "mineral_value_tonnes": 5208000.0, "commodity_value_tonnes": 18.568937565, "grade_ppm": 3.5720399143800003, "source_id": "det_1041", "comment": NaN }, { "id": 222, "year": 2020, "material": "O.Au", "commodity": "Me.Au", "mineral_value_tonnes": 2690000.0, "commodity_value_tonnes": 6.775535997, "grade_ppm": 2.8, "source_id": "det_1699", "comment": NaN } ], "index_right": 1517, "ISO3_CODE": "AUS", "COUNTRY_NAME": "Australia", "AREA": 4.1626919775167446, "distance": 0.0 }, "geometry": { "type": "MultiPoint", "coordinates": [ [ 13500011.39286689274013, -3235908.252517092507333 ] ] } },
{ "type": "Feature", "properties": { "facility_id": "COM00484.00", "facility_name": "Golden Grove", "facility_other_names": null, "facility_type": "Mine", "primary_commodity": "Copper", "commodities_products": "Zinc, Copper, PGM, Copper, Lead, Gold, Silver", "facility_equipment": "Open pit, Underground", "production_start": 1990.0, "production_end": null, "activity_status": null, "activity_status_year": null, "surface_area_sq_km": null, "concession_area_sq_km": null, "country": "Australia", "GID_0": "AUS", "GID_1": "AUS.11_1", "GID_2": "AUS.11.138_1", "GID_3": null, "GID_4": null, "source_id": "det_1102", "comment": null, "Reserves_data": [ { "id": 312, "year": 2015, "material": "O.bulk", "commodity": "Me.Cu", "mineral_value_tonnes": 300000.0, "commodity_value_tonnes": NaN, "grade_ppm": NaN, "source_id": "det_2846", "comment": "Partial Oxide Copper" }, { "id": 313, "year": 2016, "material": "O.bulk", "commodity": "Me.Ag", "mineral_value_tonnes": 4100000.0, "commodity_value_tonnes": NaN, "grade_ppm": NaN, "source_id": "det_2846", "comment": "Primary Zinc ; Primary Copper ; Oxide Gold" }, { "id": 314, "year": 2016, "material": "O.bulk", "commodity": "Me.Au", "mineral_value_tonnes": 4100000.0, "commodity_value_tonnes": NaN, "grade_ppm": NaN, "source_id": "det_2846", "comment": "Primary Zinc ; Primary Copper ; Oxide Gold" }, { "id": 315, "year": 2016, "material": "O.bulk", "commodity": "Me.Cu", "mineral_value_tonnes": 3900000.0, "commodity_value_tonnes": NaN, "grade_ppm": NaN, "source_id": "det_2846", "comment": "Primary Zinc ; Primary Copper" }, { "id": 316, "year": 2016, "material": "O.bulk", "commodity": "Me.Pb", "mineral_value_tonnes": 1900000.0, "commodity_value_tonnes": NaN, "grade_ppm": NaN, "source_id": "det_2846", "comment": "Primary Zinc" }, { "id": 317, "year": 2016, "material": "O.bulk", "commodity": "Me.Zn", "mineral_value_tonnes": 1900000.0, "commodity_value_tonnes": NaN, "grade_ppm": NaN, "source_id": "det_2846", "comment": "Primary Zinc" } ], "index_right": 1547, "ISO3_CODE": "AUS", "COUNTRY_NAME": "Australia", "AREA": 5.3777121783610342, "distance": 0.0 }, "geometry": { "type": "MultiPoint", "coordinates": [ [ 13018407.286103818565607, -3343271.13316323980689 ] ] } },
{ "type": "Feature", "properties": { "facility_id": "COM00262.00", "facility_name": "Cliffs", "facility_other_names": "Cliffs Mine", "facility_type": "Mine", "primary_commodity": "Other mine", "commodities_products": "Nickel", "facility_equipment": "Underground", "production_start": 2008.0, "production_end": null, "activity_status": null, "activity_status_year": null, "surface_area_sq_km": null, "concession_area_sq_km": null, "country": "Australia", "GID_0": "AUS", "GID_1": "AUS.11_1", "GID_2": "AUS.11.72_1", "GID_3": null, "GID_4": null, "source_id": "det_1135", "comment": null, "Reserves_data": [ { "id": 183, "year": 2019, "material": "O.Ni", "commodity": "Me.Ni", "mineral_value_tonnes": 450000.0, "commodity_value_tonnes": NaN, "grade_ppm": NaN, "source_id": "det_1135", "comment": NaN } ], "index_right": 1548, "ISO3_CODE": "AUS", "COUNTRY_NAME": "Australia", "AREA": 1.5115849926246976, "distance": 0.0 }, "geometry": { "type": "MultiPoint", "coordinates": [ [ 13418553.061384398490191, -3161865.439641838893294 ] ] } },
{ "type": "Feature", "properties": { "facility_id": "COM00326.00", "facility_name": "Deflector", "facility_other_names": null, "facility_type": "Mine", "primary_commodity": "Gold", "commodities_products": "Gold, Copper", "facility_equipment": "Underground", "production_start": 2016.0, "production_end": null, "activity_status": null, "activity_status_year": null, "surface_area_sq_km": null, "concession_area_sq_km": null, "country": "Australia", "GID_0": "AUS", "GID_1": "AUS.11_1", "GID_2": "AUS.11.138_1", "GID_3": null, "GID_4": null, "source_id": "det_1500", "comment": null, "Reserves_data": [ { "id": 228, "year": 2020, "material": "O.bulk", "commodity": "Me.Au", "mineral_value_tonnes": 2225000.0, "commodity_value_tonnes": 12.643887258, "grade_ppm": 6.199999999999999, "source_id": "det_1500", "comment": NaN }, { "id": 229, "year": 2020, "material": "O.bulk", "commodity": "Me.Cu", "mineral_value_tonnes": 2225000.0, "commodity_value_tonnes": 6900.0, "grade_ppm": 3000.0, "source_id": "det_1500", "comment": NaN } ], "index_right": 1556, "ISO3_CODE": "AUS", "COUNTRY_NAME": "Australia", "AREA": 0.28858744951120668, "distance": 0.0 }, "geometry": { "type": "MultiPoint", "coordinates": [ [ 12954732.92698828317225, -3332621.48446578392759 ] ] } },
{ "type": "Feature", "properties": { "facility_id": "COM00853.00", "facility_name": "Mount Keith", "facility_other_names": null, "facility_type": "Mine", "primary_commodity": "Nickel", "commodities_products": "Nickel", "facility_equipment": "Open pit", "production_start": 1995.0, "production_end": null, "activity_status": null, "activity_status_year": null, "surface_area_sq_km": null, "concession_area_sq_km": null, "country": "Australia", "GID_0": "AUS", "GID_1": "AUS.11_1", "GID_2": "AUS.11.133_1", "GID_3": null, "GID_4": null, "source_id": "det_1135", "comment": null, "Reserves_data": [ { "id": 597, "year": 2019, "material": "O.Ni", "commodity": "Me.Ni", "mineral_value_tonnes": 96400000.0, "commodity_value_tonnes": NaN, "grade_ppm": NaN, "source_id": "det_1135", "comment": NaN } ], "index_right": 1560, "ISO3_CODE": "AUS", "COUNTRY_NAME": "Australia", "AREA": 28.556245793617677, "distance": 63.95747230747444 }, "geometry": { "type": "MultiPoint", "coordinates": [ [ 13420259.430030906572938, -3149679.290663138497621 ] ] } },
{ "type": "Feature", "properties": { "facility_id": "COM00864.00", "facility_name": "Mt Magnet", "facility_other_names": null, "facility_type": "Mine", "primary_commodity": "Gold", "commodities_products": "Gold", "facility_equipment": "Underground, Open pit", "production_start": 2012.0, "production_end": null, "activity_status": null, "activity_status_year": null, "surface_area_sq_km": null, "concession_area_sq_km": null, "country": "Australia", "GID_0": "AUS", "GID_1": "AUS.11_1", "GID_2": "AUS.11.83_1", "GID_3": null, "GID_4": null, "source_id": "det_1495", "comment": null, "Reserves_data": [ { "id": 604, "year": 2020, "material": "O.Au", "commodity": "Me.Au", "mineral_value_tonnes": 10810000.0, "commodity_value_tonnes": 23.014, "grade_ppm": 2.0888991674375577, "source_id": "det_1495", "comment": NaN } ], "index_right": 1567, "ISO3_CODE": "AUS", "COUNTRY_NAME": "Australia", "AREA": 23.820962358296406, "distance": 0.0 }, "geometry": { "type": "MultiPoint", "coordinates": [ [ 13115308.09425195120275, -3252422.766693327575922 ] ] } },
{ "type": "Feature", "properties": { "facility_id": "COM01374.00", "facility_name": "Wiluna", "facility_other_names": null, "facility_type": "Mine", "primary_commodity": "Gold", "commodities_products": "Gold", "facility_equipment": "Open pit, Underground", "production_start": 2016.0, "production_end": null, "activity_status": null, "activity_status_year": null, "surface_area_sq_km": null, "concession_area_sq_km": null, "country": "Australia", "GID_0": "AUS", "GID_1": "AUS.11_1", "GID_2": "AUS.11.133_1", "GID_3": null, "GID_4": null, "source_id": "det_1501", "comment": null, "Reserves_data": [ { "id": 996, "year": 2020, "material": "O.Au", "commodity": "Me.Au", "mineral_value_tonnes": 24700000.0, "commodity_value_tonnes": 39.689332382, "grade_ppm": 1.7, "source_id": "det_1501", "comment": NaN } ], "index_right": 1579, "ISO3_CODE": "AUS", "COUNTRY_NAME": "Australia", "AREA": 13.336554421593588, "distance": 0.0 }, "geometry": { "type": "MultiPoint", "coordinates": [ [ 13386806.236021237447858, -3077222.6646319469437 ] ] } },
{ "type": "Feature", "properties": { "facility_id": "COM00605.00", "facility_name": "Jundee", "facility_other_names": null, "facility_type": "Mine", "primary_commodity": "Gold", "commodities_products": "Gold", "facility_equipment": "Open pit, Underground", "production_start": null, "production_end": null, "activity_status": null, "activity_status_year": null, "surface_area_sq_km": null, "concession_area_sq_km": null, "country": "Australia", "GID_0": "AUS", "GID_1": "AUS.11_1", "GID_2": "AUS.11.133_1", "GID_3": null, "GID_4": null, "source_id": "det_1012", "comment": null, "Reserves_data": [ { "id": 401, "year": 2013, "material": "O.Au", "commodity": "Me.Au", "mineral_value_tonnes": 3300000.0, "commodity_value_tonnes": 11.62330443, "grade_ppm": 3.51534086812, "source_id": "det_1012", "comment": NaN }, { "id": 402, "year": 2020, "material": "O.Au", "commodity": "Me.Au", "mineral_value_tonnes": 16868000.0, "commodity_value_tonnes": 57.379434552000006, "grade_ppm": 3.7, "source_id": "det_2862", "comment": NaN } ], "index_right": 1606, "ISO3_CODE": "AUS", "COUNTRY_NAME": "Australia", "AREA": 24.29238393071692, "distance": 0.0 }, "geometry": { "type": "MultiPoint", "coordinates": [ [ 13427349.799377501010895, -3043558.400072463322431 ] ] } },
{ "type": "Feature", "properties": { "facility_id": "COM00224.00", "facility_name": "Century", "facility_other_names": null, "facility_type": "Mine", "primary_commodity": "Zinc", "commodities_products": "Lead, Zinc, Silver", "facility_equipment": "Open pit", "production_start": 1999.0, "production_end": 2016.0, "activity_status": null, "activity_status_year": null, "surface_area_sq_km": null, "concession_area_sq_km": null, "country": "Australia", "GID_0": "AUS", "GID_1": "AUS.7_1", "GID_2": "AUS.7.12_1", "GID_3": null, "GID_4": null, "source_id": "det_1102", "comment": null, "Reserves_data": [ { "id": 145, "year": 2015, "material": "O.bulk", "commodity": "Me.Ag", "mineral_value_tonnes": 2700000.0, "commodity_value_tonnes": NaN, "grade_ppm": NaN, "source_id": "det_2847", "comment": NaN }, { "id": 146, "year": 2015, "material": "O.bulk", "commodity": "Me.Pb", "mineral_value_tonnes": 2700000.0, "commodity_value_tonnes": NaN, "grade_ppm": NaN, "source_id": "det_2846", "comment": NaN }, { "id": 147, "year": 2015, "material": "O.bulk", "commodity": "Me.Zn", "mineral_value_tonnes": 2700000.0, "commodity_value_tonnes": NaN, "grade_ppm": NaN, "source_id": "det_2846", "comment": NaN } ], "index_right": 1607, "ISO3_CODE": "AUS", "COUNTRY_NAME": "Australia", "AREA": 19.757087564850817, "distance": 0.0 }, "geometry": { "type": "MultiPoint", "coordinates": [ [ 15431013.837849451228976, -2123644.193809579126537 ] ] } },
{ "type": "Feature", "properties": { "facility_id": "COM00327.00", "facility_name": "DeGrussa", "facility_other_names": null, "facility_type": "Mine", "primary_commodity": "Copper", "commodities_products": "Copper, Gold", "facility_equipment": "Open pit, Underground", "production_start": 2012.0, "production_end": null, "activity_status": null, "activity_status_year": null, "surface_area_sq_km": null, "concession_area_sq_km": null, "country": "Australia", "GID_0": "AUS", "GID_1": "AUS.11_1", "GID_2": "AUS.11.75_1", "GID_3": null, "GID_4": null, "source_id": "det_1485", "comment": null, "Reserves_data": [ { "id": 230, "year": 2020, "material": "O.bulk", "commodity": "Me.Au", "mineral_value_tonnes": 4200000.0, "commodity_value_tonnes": 5.95339983, "grade_ppm": 1.6, "source_id": "det_1485", "comment": NaN }, { "id": 231, "year": 2020, "material": "O.bulk", "commodity": "Me.Cu", "mineral_value_tonnes": 4200000.0, "commodity_value_tonnes": 202000.0, "grade_ppm": 48595.23809523809, "source_id": "det_1485", "comment": NaN } ], "index_right": 1617, "ISO3_CODE": "AUS", "COUNTRY_NAME": "Australia", "AREA": 7.4392548221437664, "distance": 0.0 }, "geometry": { "type": "MultiPoint", "coordinates": [ [ 13282967.440207108855247, -2942212.390602005179971 ] ] } },
{ "type": "Feature", "properties": { "facility_id": "COM00995.00", "facility_name": "Plutonic", "facility_other_names": null, "facility_type": "Mine", "primary_commodity": "Gold", "commodities_products": "Gold", "facility_equipment": null, "production_start": null, "production_end": null, "activity_status": null, "activity_status_year": null, "surface_area_sq_km": null, "concession_area_sq_km": null, "country": "Australia", "GID_0": "AUS", "GID_1": "AUS.11_1", "GID_2": "AUS.11.75_1", "GID_3": null, "GID_4": null, "source_id": "det_1042", "comment": null, "Reserves_data": [ { "id": 709, "year": 2013, "material": "O.Au", "commodity": "Me.Au", "mineral_value_tonnes": 488000.0, "commodity_value_tonnes": 3.713787513, "grade_ppm": 7.597672198840001, "source_id": "det_1037", "comment": NaN } ], "index_right": 1633, "ISO3_CODE": "AUS", "COUNTRY_NAME": "Australia", "AREA": 6.1691379550897816, "distance": 0.0 }, "geometry": { "type": "MultiPoint", "coordinates": [ [ 13297195.039610056206584, -2914572.523761770687997 ] ] } },
{ "type": "Feature", "properties": { "facility_id": "COM00422.00", "facility_name": "Fortnum Gold Operations", "facility_other_names": "Fortnum Gold Operations (FGO), FGO", "facility_type": "Mine", "primary_commodity": "Gold", "commodities_products": "Gold", "facility_equipment": "Open pit, Underground, Carbon-in-leach plant", "production_start": 2017.0, "production_end": null, "activity_status": null, "activity_status_year": null, "surface_area_sq_km": null, "concession_area_sq_km": null, "country": "Australia", "GID_0": "AUS", "GID_1": "AUS.11_1", "GID_2": "AUS.11.75_1", "GID_3": null, "GID_4": null, "source_id": "det_1439", "comment": null, "Reserves_data": [ { "id": 291, "year": 2020, "material": "O.Au", "commodity": "Me.Au", "mineral_value_tonnes": 6471000.0, "commodity_value_tonnes": 11.283110154, "grade_ppm": 1.91, "source_id": "det_1439", "comment": NaN } ], "index_right": 1684, "ISO3_CODE": "AUS", "COUNTRY_NAME": "Australia", "AREA": 9.8794542083151136, "distance": 0.0 }, "geometry": { "type": "MultiPoint", "coordinates": [ [ 13175358.239173922687769, -2916249.789316521491855 ] ] } },
{ "type": "Feature", "properties": { "facility_id": "COM00544.00", "facility_name": "Hope Downs", "facility_other_names": null, "facility_type": "Mine", "primary_commodity": "Iron", "commodities_products": "Iron ore", "facility_equipment": "Open Pit", "production_start": 2007.0, "production_end": null, "activity_status": null, "activity_status_year": null, "surface_area_sq_km": null, "concession_area_sq_km": null, "country": "Australia", "GID_0": "AUS", "GID_1": "AUS.11_1", "GID_2": "AUS.11.46_1", "GID_3": null, "GID_4": null, "source_id": "det_1078", "comment": null, "Reserves_data": [ { "id": 362, "year": 2018, "material": "O.Fe", "commodity": "Me.Fe", "mineral_value_tonnes": 321000000.0, "commodity_value_tonnes": NaN, "grade_ppm": NaN, "source_id": "det_1067", "comment": NaN } ], "index_right": 1730, "ISO3_CODE": "AUS", "COUNTRY_NAME": "Australia", "AREA": 17.457229404896704, "distance": 0.0 }, "geometry": { "type": "MultiPoint", "coordinates": [ [ 13260763.802717572078109, -2626589.199885169044137 ] ] } },
{ "type": "Feature", "properties": { "facility_id": "COM00518.00", "facility_name": "Hamersley - Channar", "facility_other_names": null, "facility_type": "Mine", "primary_commodity": "Iron", "commodities_products": "Iron ore", "facility_equipment": "Open Pit", "production_start": null, "production_end": null, "activity_status": null, "activity_status_year": null, "surface_area_sq_km": null, "concession_area_sq_km": null, "country": "Australia", "GID_0": "AUS", "GID_1": "AUS.11_1", "GID_2": "AUS.11.3_1", "GID_3": null, "GID_4": null, "source_id": "det_1069", "comment": null, "Reserves_data": [ { "id": 344, "year": 2018, "material": "O.Fe", "commodity": "Me.Fe", "mineral_value_tonnes": 24000000.0, "commodity_value_tonnes": NaN, "grade_ppm": NaN, "source_id": "det_1067", "comment": NaN } ], "index_right": 1752, "ISO3_CODE": "AUS", "COUNTRY_NAME": "Australia", "AREA": 11.531979078361593, "distance": 0.0 }, "geometry": { "type": "MultiPoint", "coordinates": [ [ 13111193.014360792934895, -2668562.941069168038666 ] ] } },
{ "type": "Feature", "properties": { "facility_id": "COM00899.00", "facility_name": "Nifty", "facility_other_names": null, "facility_type": "Mine", "primary_commodity": "Copper", "commodities_products": "Copper", "facility_equipment": null, "production_start": null, "production_end": null, "activity_status": "care and maintenance", "activity_status_year": 2019.0, "surface_area_sq_km": null, "concession_area_sq_km": null, "country": "Australia", "GID_0": "AUS", "GID_1": "AUS.11_1", "GID_2": "AUS.11.46_1", "GID_3": null, "GID_4": null, "source_id": "det_1436", "comment": null, "Reserves_data": [ { "id": 628, "year": 2020, "material": "O.Cu", "commodity": "Me.Cu", "mineral_value_tonnes": NaN, "commodity_value_tonnes": 151000.0, "grade_ppm": NaN, "source_id": "det_1437", "comment": NaN } ], "index_right": 1782, "ISO3_CODE": "AUS", "COUNTRY_NAME": "Australia", "AREA": 9.914133182263976, "distance": 0.0 }, "geometry": { "type": "MultiPoint", "coordinates": [ [ 13533121.059383757412434, -2470402.303166098427027 ] ] } },
{ "type": "Feature", "properties": { "facility_id": "COM00785.00", "facility_name": "McArthur River", "facility_other_names": null, "facility_type": "Mine", "primary_commodity": "Zinc", "commodities_products": "Zinc, Lead, Silver", "facility_equipment": "Open pit", "production_start": 1995.0, "production_end": null, "activity_status": null, "activity_status_year": null, "surface_area_sq_km": null, "concession_area_sq_km": null, "country": "Australia", "GID_0": "AUS", "GID_1": "AUS.6_1", "GID_2": "AUS.6.12_1", "GID_3": null, "GID_4": null, "source_id": "det_1183", "comment": null, "Reserves_data": [ { "id": 542, "year": 2019, "material": "O.bulk", "commodity": "Me.Ag", "mineral_value_tonnes": 98000000.0, "commodity_value_tonnes": NaN, "grade_ppm": NaN, "source_id": "det_2855", "comment": NaN }, { "id": 543, "year": 2019, "material": "O.bulk", "commodity": "Me.Pb", "mineral_value_tonnes": 98000000.0, "commodity_value_tonnes": NaN, "grade_ppm": NaN, "source_id": "det_2855", "comment": NaN }, { "id": 544, "year": 2019, "material": "O.bulk", "commodity": "Me.Zn", "mineral_value_tonnes": 98000000.0, "commodity_value_tonnes": NaN, "grade_ppm": NaN, "source_id": "det_2855", "comment": NaN } ], "index_right": 1803, "ISO3_CODE": "AUS", "COUNTRY_NAME": "Australia", "AREA": 33.56906231094456, "distance": 0.0 }, "geometry": { "type": "MultiPoint", "coordinates": [ [ 15149876.753281719982624, -1855090.442365697585046 ] ] } },
{ "type": "Feature", "properties": { "facility_id": "COM00966.00", "facility_name": "Paulsens", "facility_other_names": null, "facility_type": "Mine", "primary_commodity": "Gold", "commodities_products": "Gold", "facility_equipment": null, "production_start": null, "production_end": null, "activity_status": null, "activity_status_year": null, "surface_area_sq_km": null, "concession_area_sq_km": null, "country": "Australia", "GID_0": "AUS", "GID_1": "AUS.11_1", "GID_2": "AUS.11.3_1", "GID_3": null, "GID_4": null, "source_id": "det_1493", "comment": null, "Reserves_data": [ { "id": 683, "year": 2020, "material": "O.Au", "commodity": "Me.Au", "mineral_value_tonnes": 281000.0, "commodity_value_tonnes": 1.190679966, "grade_ppm": 4.6, "source_id": "det_2862", "comment": NaN } ], "index_right": 1809, "ISO3_CODE": "AUS", "COUNTRY_NAME": "Australia", "AREA": 2.7700234569578099, "distance": 0.0 }, "geometry": { "type": "MultiPoint", "coordinates": [ [ 12940090.473238993436098, -2581327.04064905969426 ] ] } },
{ "type": "Feature", "properties": { "facility_id": "COM00822.00", "facility_name": "Minera Florida", "facility_other_names": null, "facility_type": "Mine", "primary_commodity": "Gold", "commodities_products": "Gold, Silver", "facility_equipment": "Underground", "production_start": null, "production_end": null, "activity_status": null, "activity_status_year": null, "surface_area_sq_km": null, "concession_area_sq_km": null, "country": "Chile", "GID_0": "CHL", "GID_1": "CHL.14_1", "GID_2": "CHL.14.4_1", "GID_3": "CHL.14.4.1_1", "GID_4": null, "source_id": "det_1211", "comment": null, "Reserves_data": [ { "id": 566, "year": 2019, "material": "O.bulk", "commodity": "Me.Ag", "mineral_value_tonnes": 4709000.0, "commodity_value_tonnes": 88.592259375, "grade_ppm": 20.6, "source_id": "det_1917", "comment": NaN }, { "id": 567, "year": 2019, "material": "O.bulk", "commodity": "Me.Au", "mineral_value_tonnes": 4709000.0, "commodity_value_tonnes": 12.75728535, "grade_ppm": 2.98, "source_id": "det_1917", "comment": NaN }, { "id": 568, "year": 2019, "material": "O.bulk", "commodity": "Me.Zn", "mineral_value_tonnes": 4709000.0, "commodity_value_tonnes": 0.049441528, "grade_ppm": 10500.0, "source_id": "det_1917", "comment": NaN } ], "index_right": 1824, "ISO3_CODE": "CHL", "COUNTRY_NAME": "Chile", "AREA": 2.4821207988827925, "distance": 11.458315515890719 }, "geometry": { "type": "MultiPoint", "coordinates": [ [ -7906658.03594964183867, -4033383.71721040410921 ] ] } },
{ "type": "Feature", "properties": { "facility_id": "COM00382.00", "facility_name": "El Teniente", "facility_other_names": "División El Teniente", "facility_type": "Mine, Smelter", "primary_commodity": "Copper", "commodities_products": "Copper, Copper anodes, Molybdenum, Gold, Silver", "facility_equipment": "Open pit, Underground", "production_start": 1904.0, "production_end": null, "activity_status": null, "activity_status_year": null, "surface_area_sq_km": null, "concession_area_sq_km": null, "country": "Chile", "GID_0": "CHL", "GID_1": "CHL.8_1", "GID_2": "CHL.8.1_1", "GID_3": "CHL.8.1.7_1", "GID_4": null, "source_id": "det_1171", "comment": null, "Reserves_data": [ { "id": 267, "year": 2018, "material": "O.Cu", "commodity": "Me.Cu", "mineral_value_tonnes": 1348000000.0, "commodity_value_tonnes": 11400000.0, "grade_ppm": 8500.0, "source_id": "det_1171", "comment": NaN } ], "index_right": 1830, "ISO3_CODE": "CHL", "COUNTRY_NAME": "Chile", "AREA": 1.642001263073678, "distance": 0.0 }, "geometry": { "type": "MultiPoint", "coordinates": [ [ -7843198.605660025030375, -4040539.106276757549495 ] ] } },
{ "type": "Feature", "properties": { "facility_id": "COM00517.00", "facility_name": "Halls Creek", "facility_other_names": "Nicolsons", "facility_type": "Mine", "primary_commodity": "Gold", "commodities_products": "Gold", "facility_equipment": "Underground", "production_start": 2015.0, "production_end": null, "activity_status": null, "activity_status_year": null, "surface_area_sq_km": null, "concession_area_sq_km": null, "country": "Australia", "GID_0": "AUS", "GID_1": "AUS.11_1", "GID_2": "AUS.11.55_1", "GID_3": null, "GID_4": null, "source_id": "det_1494", "comment": null, "Reserves_data": [ { "id": 343, "year": 2020, "material": "O.Au", "commodity": "Me.Au", "mineral_value_tonnes": 1023000.0, "commodity_value_tonnes": 4.25242845, "grade_ppm": 4.6, "source_id": "det_1494", "comment": NaN } ], "index_right": 1854, "ISO3_CODE": "AUS", "COUNTRY_NAME": "Australia", "AREA": 0.49559722764620806, "distance": 0.0 }, "geometry": { "type": "MultiPoint", "coordinates": [ [ 14177292.642125757411122, -2085435.579231570707634 ] ] } },
{ "type": "Feature", "properties": { "facility_id": "COM01270.00", "facility_name": "Telfer", "facility_other_names": null, "facility_type": "Mine", "primary_commodity": "Gold", "commodities_products": "Gold, Copper, Silver", "facility_equipment": "Open pit, Underground", "production_start": null, "production_end": null, "activity_status": null, "activity_status_year": null, "surface_area_sq_km": null, "concession_area_sq_km": null, "country": "Australia", "GID_0": "AUS", "GID_1": "AUS.11_1", "GID_2": "AUS.11.46_1", "GID_3": null, "GID_4": null, "source_id": "det_1096", "comment": null, "Reserves_data": [ { "id": 922, "year": 2018, "material": "O.bulk", "commodity": "Me.Au", "mineral_value_tonnes": 77200000.0, "commodity_value_tonnes": 55.2815701035, "grade_ppm": 0.7952849740932643, "source_id": "det_2841", "comment": NaN }, { "id": 923, "year": 2018, "material": "O.bulk", "commodity": "Me.Cu", "mineral_value_tonnes": 81600000.0, "commodity_value_tonnes": 200200.0, "grade_ppm": 1017.5735294117646, "source_id": "det_2841", "comment": NaN }, { "id": 924, "year": 2018, "material": "O.bulk", "commodity": "Me.Pb", "mineral_value_tonnes": 44000000.0, "commodity_value_tonnes": 140000.0, "grade_ppm": 3200.0, "source_id": "det_1604", "comment": NaN }, { "id": 925, "year": 2018, "material": "O.bulk", "commodity": "Me.WO3", "mineral_value_tonnes": 44000000.0, "commodity_value_tonnes": 160000.0, "grade_ppm": 3600.0, "source_id": "det_1604", "comment": NaN }, { "id": 926, "year": 2018, "material": "O.bulk", "commodity": "Me.Zn", "mineral_value_tonnes": 44000000.0, "commodity_value_tonnes": 290000.0, "grade_ppm": 6500.0, "source_id": "det_1604", "comment": NaN } ], "index_right": 1874, "ISO3_CODE": "AUS", "COUNTRY_NAME": "Australia", "AREA": 68.296815981151127, "distance": 0.0 }, "geometry": { "type": "MultiPoint", "coordinates": [ [ 13604845.755216972902417, -2479140.290763623081148 ] ] } },
{ "type": "Feature", "properties": { "facility_id": "COM00519.00", "facility_name": "Hamersley - Eastern Range", "facility_other_names": null, "facility_type": "Mine", "primary_commodity": "Iron", "commodities_products": "Iron ore", "facility_equipment": "Open Pit", "production_start": null, "production_end": null, "activity_status": null, "activity_status_year": null, "surface_area_sq_km": null, "concession_area_sq_km": null, "country": "Australia", "GID_0": "AUS", "GID_1": "AUS.11_1", "GID_2": "AUS.11.3_1", "GID_3": null, "GID_4": null, "source_id": "det_1069", "comment": null, "Reserves_data": [ { "id": 345, "year": 2018, "material": "O.Fe", "commodity": "Me.Fe", "mineral_value_tonnes": 43000000.0, "commodity_value_tonnes": NaN, "grade_ppm": NaN, "source_id": "det_1067", "comment": NaN } ], "index_right": 1875, "ISO3_CODE": "AUS", "COUNTRY_NAME": "Australia", "AREA": 13.658408838809182, "distance": 0.0 }, "geometry": { "type": "MultiPoint", "coordinates": [ [ 13101530.523028356954455, -2663908.103901354130358 ] ] } },
{ "type": "Feature", "properties": { "facility_id": "COM00855.00", "facility_name": "Mount Monger", "facility_other_names": null, "facility_type": "Mine", "primary_commodity": "Gold", "commodities_products": "Gold", "facility_equipment": "Open pit, Underground", "production_start": 2008.0, "production_end": null, "activity_status": null, "activity_status_year": null, "surface_area_sq_km": null, "concession_area_sq_km": null, "country": "Australia", "GID_0": "AUS", "GID_1": "AUS.11_1", "GID_2": "AUS.11.61_1", "GID_3": null, "GID_4": null, "source_id": "det_1500", "comment": null, "Reserves_data": [ { "id": 598, "year": 2020, "material": "O.Au", "commodity": "Me.Au", "mineral_value_tonnes": 5873000.0, "commodity_value_tonnes": 15.053596713, "grade_ppm": 2.8, "source_id": "det_1500", "comment": NaN } ], "index_right": 1904, "ISO3_CODE": "AUS", "COUNTRY_NAME": "Australia", "AREA": 4.2236810867901431, "distance": 0.0 }, "geometry": { "type": "MultiPoint", "coordinates": [ [ 13572436.454702248796821, -3634674.458661407697946 ] ] } },
{ "type": "Feature", "properties": { "facility_id": "COM00744.00", "facility_name": "Los Bronces", "facility_other_names": null, "facility_type": "Mine", "primary_commodity": "Copper", "commodities_products": "Copper, Copper cathode", "facility_equipment": null, "production_start": null, "production_end": null, "activity_status": null, "activity_status_year": null, "surface_area_sq_km": null, "concession_area_sq_km": null, "country": "Chile", "GID_0": "CHL", "GID_1": "CHL.14_1", "GID_2": "CHL.14.1_1 ; CHL.14.2_1 ; CHL.14.5_1", "GID_3": "CHL.14.1.1_1 ; CHL.14.2.3_1 ; CHL.14.5.1_1", "GID_4": null, "source_id": "det_1103", "comment": null, "Reserves_data": [ { "id": 509, "year": 2018, "material": "O.Cu", "commodity": "Me.Cu", "mineral_value_tonnes": 2053900000.0, "commodity_value_tonnes": 9489000.0, "grade_ppm": 4591.917814888749, "source_id": "det_1104", "comment": NaN } ], "index_right": 1908, "ISO3_CODE": "CHL", "COUNTRY_NAME": "Chile", "AREA": 38.481391257320418, "distance": 0.0 }, "geometry": { "type": "MultiPoint", "coordinates": [ [ -7824251.333861122839153, -3914934.916916193906218 ] ] } },
{ "type": "Feature", "properties": { "facility_id": "COM01090.00", "facility_name": "Robe River", "facility_other_names": null, "facility_type": "Mine", "primary_commodity": "Iron", "commodities_products": "Iron ore", "facility_equipment": "Open Pit", "production_start": null, "production_end": null, "activity_status": null, "activity_status_year": null, "surface_area_sq_km": null, "concession_area_sq_km": null, "country": "Australia", "GID_0": "AUS", "GID_1": "AUS.11_1", "GID_2": "AUS.11.3_1 ; AUS.11.46_1", "GID_3": null, "GID_4": null, "source_id": "det_1065", "comment": null, "Reserves_data": [ { "id": 792, "year": 2017, "material": "O.Fe", "commodity": "Me.Fe", "mineral_value_tonnes": 1271698113.2075472, "commodity_value_tonnes": NaN, "grade_ppm": NaN, "source_id": "det_2878", "comment": NaN } ], "index_right": 1912, "ISO3_CODE": "AUS", "COUNTRY_NAME": "Australia", "AREA": 17.019481280820774, "distance": 0.0 }, "geometry": { "type": "MultiPoint", "coordinates": [ [ 12940754.523642394691706, -2482639.846597849857062 ] ] } },
{ "type": "Feature", "properties": { "facility_id": "COM00041.00", "facility_name": "Andina", "facility_other_names": "División Andina", "facility_type": "Mine", "primary_commodity": "Copper", "commodities_products": "Copper, Molybdenum, Silver", "facility_equipment": "Open pit, Underground", "production_start": 1970.0, "production_end": null, "activity_status": null, "activity_status_year": null, "surface_area_sq_km": null, "concession_area_sq_km": null, "country": "Chile", "GID_0": "CHL", "GID_1": "CHL.16_1", "GID_2": "CHL.16.2_1", "GID_3": "CHL.16.2.2_1", "GID_4": null, "source_id": "det_1171", "comment": null, "Reserves_data": [ { "id": 25, "year": 2018, "material": "O.Cu", "commodity": "Me.Cu", "mineral_value_tonnes": 1163000000.0, "commodity_value_tonnes": 8000000.0, "grade_ppm": 6899.999999999999, "source_id": "det_1171", "comment": NaN } ], "index_right": 1913, "ISO3_CODE": "CHL", "COUNTRY_NAME": "Chile", "AREA": 1.9973468811443333, "distance": 0.0 }, "geometry": { "type": "MultiPoint", "coordinates": [ [ -7820739.626594602130353, -3907524.498773348052055 ] ] } },
{ "type": "Feature", "properties": { "facility_id": "COM00381.00", "facility_name": "El Soldado", "facility_other_names": null, "facility_type": "Mine", "primary_commodity": "Copper", "commodities_products": "Copper, Copper cathode", "facility_equipment": "Open pit, Underground", "production_start": null, "production_end": null, "activity_status": null, "activity_status_year": null, "surface_area_sq_km": null, "concession_area_sq_km": null, "country": "Chile", "GID_0": "CHL", "GID_1": "CHL.16_1", "GID_2": "CHL.16.4_1", "GID_3": "CHL.16.4.1_1", "GID_4": null, "source_id": "det_1103", "comment": null, "Reserves_data": [ { "id": 266, "year": 2018, "material": "O.Cu", "commodity": "Me.Cu", "mineral_value_tonnes": 67099999.99999999, "commodity_value_tonnes": 538000.0, "grade_ppm": 8000.0, "source_id": "det_1104", "comment": NaN } ], "index_right": 1920, "ISO3_CODE": "CHL", "COUNTRY_NAME": "Chile", "AREA": 15.703882332394235, "distance": 6.9296285512908593 }, "geometry": { "type": "MultiPoint", "coordinates": [ [ -7922039.194707886315882, -3849215.800530853681266 ] ] } },
{ "type": "Feature", "properties": { "facility_id": "COM00211.00", "facility_name": "Casposo", "facility_other_names": null, "facility_type": "Mine", "primary_commodity": "Gold", "commodities_products": "Gold, Silver", "facility_equipment": "Underground, Open pit", "production_start": null, "production_end": null, "activity_status": null, "activity_status_year": null, "surface_area_sq_km": null, "concession_area_sq_km": null, "country": "Argentina", "GID_0": "ARG", "GID_1": "ARG.18_1", "GID_2": "ARG.18.3_1", "GID_3": null, "GID_4": null, "source_id": "det_1465", "comment": null, "Reserves_data": [ { "id": 129, "year": 2019, "material": "O.bulk", "commodity": "Me.Au", "mineral_value_tonnes": 1216000.0, "commodity_value_tonnes": 104.04274941, "grade_ppm": 91.5, "source_id": "det_1468", "comment": NaN } ], "index_right": 1976, "ISO3_CODE": "ARG", "COUNTRY_NAME": "Argentina", "AREA": 1.0391149008945735, "distance": 0.0 }, "geometry": { "type": "MultiPoint", "coordinates": [ [ -7751177.112415209412575, -3660156.371216996572912 ] ] } },
{ "type": "Feature", "properties": { "facility_id": "COM00747.00", "facility_name": "Los Pelambres", "facility_other_names": null, "facility_type": "Mine", "primary_commodity": "Copper", "commodities_products": "Copper, Molybdenum, Gold, Silver", "facility_equipment": null, "production_start": 1999.0, "production_end": null, "activity_status": null, "activity_status_year": null, "surface_area_sq_km": null, "concession_area_sq_km": null, "country": "Chile", "GID_0": "CHL", "GID_1": "CHL.7_1", "GID_2": "CHL.7.1_1", "GID_3": "CHL.7.1.4_1", "GID_4": null, "source_id": "det_1172", "comment": null, "Reserves_data": [ { "id": 511, "year": 2019, "material": "O.Cu", "commodity": "Me.Au", "mineral_value_tonnes": 1072000000.0, "commodity_value_tonnes": NaN, "grade_ppm": NaN, "source_id": "det_1173", "comment": NaN }, { "id": 512, "year": 2019, "material": "O.Cu", "commodity": "Me.Cu", "mineral_value_tonnes": 1072000000.0, "commodity_value_tonnes": NaN, "grade_ppm": NaN, "source_id": "det_1173", "comment": NaN }, { "id": 513, "year": 2019, "material": "O.Cu", "commodity": "Me.Mo", "mineral_value_tonnes": 1072000000.0, "commodity_value_tonnes": NaN, "grade_ppm": NaN, "source_id": "det_1173", "comment": NaN } ], "index_right": 1979, "ISO3_CODE": "CHL", "COUNTRY_NAME": "Chile", "AREA": 20.193436984517987, "distance": 0.0 }, "geometry": { "type": "MultiPoint", "coordinates": [ [ -7846630.807513901032507, -3726048.283219111617655 ] ] } },
{ "type": "Feature", "properties": { "facility_id": "COM00207.00", "facility_name": "Carmen de Andacollo", "facility_other_names": null, "facility_type": "Mine", "primary_commodity": "Copper", "commodities_products": "Copper, Gold", "facility_equipment": "Open pit", "production_start": null, "production_end": null, "activity_status": null, "activity_status_year": null, "surface_area_sq_km": null, "concession_area_sq_km": null, "country": "Chile", "GID_0": "CHL", "GID_1": "CHL.7_1", "GID_2": "CHL.7.2_1", "GID_3": "CHL.7.2.2_1", "GID_4": null, "source_id": "det_1082", "comment": null, "Reserves_data": [ { "id": 125, "year": 2018, "material": "O.bulk", "commodity": "Me.Au", "mineral_value_tonnes": 316400000.0, "commodity_value_tonnes": NaN, "grade_ppm": NaN, "source_id": "det_1602", "comment": NaN }, { "id": 126, "year": 2018, "material": "O.bulk", "commodity": "Me.Cu", "mineral_value_tonnes": 321500000.0, "commodity_value_tonnes": NaN, "grade_ppm": NaN, "source_id": "det_1602", "comment": NaN } ], "index_right": 1986, "ISO3_CODE": "CHL", "COUNTRY_NAME": "Chile", "AREA": 21.929193337399205, "distance": 0.0 }, "geometry": { "type": "MultiPoint", "coordinates": [ [ -7913289.582919077947736, -3536591.221489148214459 ] ] } },
{ "type": "Feature", "properties": { "facility_id": "COM00447.00", "facility_name": "GEMCO", "facility_other_names": "Groote Eylandt Mining Company operation", "facility_type": "Mine", "primary_commodity": "Other mine", "commodities_products": "Manganese", "facility_equipment": "Open pit", "production_start": null, "production_end": null, "activity_status": null, "activity_status_year": null, "surface_area_sq_km": null, "concession_area_sq_km": null, "country": "Australia", "GID_0": "AUS", "GID_1": "AUS.6_1", "GID_2": "AUS.6.7_1", "GID_3": null, "GID_4": null, "source_id": "det_1128", "comment": null, "Reserves_data": [ { "id": 307, "year": 2018, "material": "O.Mn", "commodity": "Me.Mn", "mineral_value_tonnes": 66800000.0, "commodity_value_tonnes": NaN, "grade_ppm": NaN, "source_id": "det_1104", "comment": NaN } ], "index_right": 1994, "ISO3_CODE": "AUS", "COUNTRY_NAME": "Australia", "AREA": 17.240602574239414, "distance": 17.855618294303945 }, "geometry": { "type": "MultiPoint", "coordinates": [ [ 15188772.740712512284517, -1571445.281671768054366 ] ] } },
{ "type": "Feature", "properties": { "facility_id": "COM00067.00", "facility_name": "Argyle", "facility_other_names": null, "facility_type": "Mine", "primary_commodity": "Other mine", "commodities_products": "Diamonds", "facility_equipment": null, "production_start": 1983.0, "production_end": null, "activity_status": null, "activity_status_year": null, "surface_area_sq_km": null, "concession_area_sq_km": null, "country": "Australia", "GID_0": "AUS", "GID_1": "AUS.11_1", "GID_2": "AUS.11.137_1", "GID_3": null, "GID_4": null, "source_id": "det_1065", "comment": null, "Reserves_data": [ { "id": 38, "year": 2017, "material": "O.dig", "commodity": "Nm.dia", "mineral_value_tonnes": 16000000.0, "commodity_value_tonnes": NaN, "grade_ppm": NaN, "source_id": "det_1065", "comment": NaN } ], "index_right": 2001, "ISO3_CODE": "AUS", "COUNTRY_NAME": "Australia", "AREA": 19.780822425078291, "distance": 0.0 }, "geometry": { "type": "MultiPoint", "coordinates": [ [ 14291757.779211767017841, -1888288.833601765101776 ] ] } },
{ "type": "Feature", "properties": { "facility_id": "COM01331.00", "facility_name": "Veladero", "facility_other_names": null, "facility_type": "Mine", "primary_commodity": "Gold", "commodities_products": "Gold", "facility_equipment": null, "production_start": null, "production_end": null, "activity_status": null, "activity_status_year": null, "surface_area_sq_km": null, "concession_area_sq_km": null, "country": "Argentina", "GID_0": "ARG", "GID_1": "ARG.18_1", "GID_2": "ARG.18.7_1", "GID_3": null, "GID_4": null, "source_id": "det_1033", "comment": null, "Reserves_data": [ { "id": 975, "year": 2018, "material": "O.Au", "commodity": "Me.Ag", "mineral_value_tonnes": 200486000.0, "commodity_value_tonnes": 2546.07066063, "grade_ppm": 13.93, "source_id": "det_1035", "comment": NaN }, { "id": 976, "year": 2018, "material": "O.Au", "commodity": "Me.Au", "mineral_value_tonnes": 213152000.0, "commodity_value_tonnes": 143.902178748, "grade_ppm": 0.74, "source_id": "det_1035", "comment": NaN } ], "index_right": 2017, "ISO3_CODE": "ARG", "COUNTRY_NAME": "Argentina", "AREA": 12.027520529705846, "distance": 0.0 }, "geometry": { "type": "MultiPoint", "coordinates": [ [ -7787005.546561851166189, -3423937.734714230988175 ] ] } },
{ "type": "Feature", "properties": { "facility_id": "COM00373.00", "facility_name": "El Algarrobo", "facility_other_names": null, "facility_type": "Mine", "primary_commodity": "Iron", "commodities_products": "Iron ore", "facility_equipment": null, "production_start": null, "production_end": null, "activity_status": "inactive", "activity_status_year": 2019.0, "surface_area_sq_km": null, "concession_area_sq_km": null, "country": "Chile", "GID_0": "CHL", "GID_1": "CHL.5_1", "GID_2": "CHL.5.3_1", "GID_3": "CHL.5.3.4_1", "GID_4": null, "source_id": "det_1369", "comment": null, "Reserves_data": [ { "id": 259, "year": 2020, "material": "O.Fe", "commodity": "Me.Fe", "mineral_value_tonnes": 76800000.0, "commodity_value_tonnes": NaN, "grade_ppm": NaN, "source_id": "det_1369", "comment": NaN } ], "index_right": 2029, "ISO3_CODE": "CHL", "COUNTRY_NAME": "Chile", "AREA": 9.9883917031813407, "distance": 0.0 }, "geometry": { "type": "MultiPoint", "coordinates": [ [ -7902418.412737372331321, -3351799.281200361903757 ] ] } },
{ "type": "Feature", "properties": { "facility_id": "COM00745.00", "facility_name": "Los Colorados", "facility_other_names": "Huasco Valley", "facility_type": "Mine", "primary_commodity": "Iron", "commodities_products": "Iron ore", "facility_equipment": null, "production_start": 1998.0, "production_end": null, "activity_status": null, "activity_status_year": null, "surface_area_sq_km": null, "concession_area_sq_km": null, "country": "Chile", "GID_0": "CHL", "GID_1": "CHL.5_1", "GID_2": "CHL.5.3_1", "GID_3": "CHL.5.3.3_1", "GID_4": null, "source_id": "det_1369", "comment": null, "Reserves_data": [ { "id": 510, "year": 2020, "material": "O.Fe", "commodity": "Me.Fe", "mineral_value_tonnes": 407800000.0, "commodity_value_tonnes": NaN, "grade_ppm": NaN, "source_id": "det_1369", "comment": NaN } ], "index_right": 2040, "ISO3_CODE": "CHL", "COUNTRY_NAME": "Chile", "AREA": 21.083651091890228, "distance": 0.0 }, "geometry": { "type": "MultiPoint", "coordinates": [ [ -7883010.2390749277547, -3287254.372705060988665 ] ] } },
{ "type": "Feature", "properties": { "facility_id": "COM00665.00", "facility_name": "Koolan Island", "facility_other_names": null, "facility_type": "Mine", "primary_commodity": "Iron", "commodities_products": "Iron ore", "facility_equipment": "Open pit", "production_start": 1965.0, "production_end": null, "activity_status": null, "activity_status_year": null, "surface_area_sq_km": null, "concession_area_sq_km": null, "country": "Australia", "GID_0": "AUS", "GID_1": "AUS.11_1", "GID_2": "AUS.11.40_1", "GID_3": null, "GID_4": null, "source_id": "det_1502", "comment": null, "Reserves_data": [ { "id": 447, "year": 2020, "material": "O.Fe", "commodity": "Me.Al2O3", "mineral_value_tonnes": 18700000.0, "commodity_value_tonnes": NaN, "grade_ppm": NaN, "source_id": "det_1502", "comment": NaN }, { "id": 448, "year": 2020, "material": "O.Fe", "commodity": "Me.Fe", "mineral_value_tonnes": 18700000.0, "commodity_value_tonnes": NaN, "grade_ppm": NaN, "source_id": "det_1502", "comment": NaN }, { "id": 449, "year": 2020, "material": "O.Fe", "commodity": "Nm.SiO2", "mineral_value_tonnes": 18700000.0, "commodity_value_tonnes": NaN, "grade_ppm": NaN, "source_id": "det_1502", "comment": NaN }, { "id": 450, "year": 2020, "material": "O.Fe", "commodity": NaN, "mineral_value_tonnes": 18700000.0, "commodity_value_tonnes": NaN, "grade_ppm": NaN, "source_id": "det_1502", "comment": NaN } ], "index_right": 2049, "ISO3_CODE": "AUS", "COUNTRY_NAME": "Australia", "AREA": 7.1167776515987793, "distance": 0.0 }, "geometry": { "type": "MultiPoint", "coordinates": [ [ 13776606.252592047676444, -1819960.980869102291763 ] ] } },
{ "type": "Feature", "properties": { "facility_id": "COM00231.00", "facility_name": "Cerro Negro Norte", "facility_other_names": "Copiapo Valley", "facility_type": "Mine", "primary_commodity": "Iron", "commodities_products": "Iron ore", "facility_equipment": null, "production_start": 2014.0, "production_end": null, "activity_status": null, "activity_status_year": null, "surface_area_sq_km": null, "concession_area_sq_km": null, "country": "Chile", "GID_0": "CHL", "GID_1": "CHL.5_1", "GID_2": "CHL.5.2_1", "GID_3": "CHL.5.2.2_1", "GID_4": null, "source_id": "det_1369", "comment": null, "Reserves_data": [ { "id": 156, "year": 2020, "material": "O.Fe", "commodity": "Me.Fe", "mineral_value_tonnes": 303400000.0, "commodity_value_tonnes": NaN, "grade_ppm": NaN, "source_id": "det_1369", "comment": NaN } ], "index_right": 2073, "ISO3_CODE": "CHL", "COUNTRY_NAME": "Chile", "AREA": 8.6545643015261646, "distance": 0.0 }, "geometry": { "type": "MultiPoint", "coordinates": [ [ -7829253.597631357610226, -3136484.587326948996633 ] ] } },
{ "type": "Feature", "properties": { "facility_id": "COM00694.00", "facility_name": "La Coipa", "facility_other_names": null, "facility_type": "Mine", "primary_commodity": "Gold", "commodities_products": "Gold, Silver", "facility_equipment": null, "production_start": null, "production_end": null, "activity_status": null, "activity_status_year": null, "surface_area_sq_km": null, "concession_area_sq_km": null, "country": "Chile", "GID_0": "CHL", "GID_1": "CHL.5_1", "GID_2": "CHL.5.2_1", "GID_3": "CHL.5.2.2_1", "GID_4": null, "source_id": "det_1050", "comment": null, "Reserves_data": [ { "id": 469, "year": 2018, "material": "O.Au", "commodity": "Me.Ag", "mineral_value_tonnes": 15689000.0, "commodity_value_tonnes": 1031.327297217, "grade_ppm": 72.1, "source_id": "det_2836", "comment": NaN }, { "id": 470, "year": 2018, "material": "O.Au", "commodity": "Me.Au", "mineral_value_tonnes": 15689000.0, "commodity_value_tonnes": 23.955346935, "grade_ppm": 1.7, "source_id": "det_2836", "comment": NaN } ], "index_right": 2081, "ISO3_CODE": "CHL", "COUNTRY_NAME": "Chile", "AREA": 13.023582500011448, "distance": 0.0 }, "geometry": { "type": "MultiPoint", "coordinates": [ [ -7710923.316167276352644, -3099972.68302120314911 ] ] } },
{ "type": "Feature", "properties": { "facility_id": "COM00770.00", "facility_name": "Mantoverde", "facility_other_names": null, "facility_type": "Mine", "primary_commodity": "Copper", "commodities_products": "Copper, Copper cathode", "facility_equipment": null, "production_start": null, "production_end": null, "activity_status": null, "activity_status_year": null, "surface_area_sq_km": null, "concession_area_sq_km": null, "country": "Chile", "GID_0": "CHL", "GID_1": "CHL.5_1", "GID_2": "CHL.5.1_1", "GID_3": "CHL.5.1.1_1", "GID_4": null, "source_id": "det_1106", "comment": null, "Reserves_data": [ { "id": 528, "year": 2014, "material": "O.Cu", "commodity": "Me.Cu", "mineral_value_tonnes": 91800000.0, "commodity_value_tonnes": NaN, "grade_ppm": NaN, "source_id": "det_1114", "comment": NaN } ], "index_right": 2085, "ISO3_CODE": "CHL", "COUNTRY_NAME": "Chile", "AREA": 35.319916493943239, "distance": 0.0 }, "geometry": { "type": "MultiPoint", "coordinates": [ [ -7828775.502682300284505, -3068374.552827186416835 ] ] } },
{ "type": "Feature", "properties": { "facility_id": "COM00775.00", "facility_name": "Maricunga", "facility_other_names": "Refugio", "facility_type": "Mine", "primary_commodity": "Gold", "commodities_products": "Gold", "facility_equipment": "Open pit", "production_start": null, "production_end": null, "activity_status": null, "activity_status_year": null, "surface_area_sq_km": null, "concession_area_sq_km": null, "country": "Chile", "GID_0": "CHL", "GID_1": "CHL.5_1", "GID_2": "CHL.5.2_1", "GID_3": "CHL.5.2.3_1", "GID_4": null, "source_id": "det_1053", "comment": null, "Reserves_data": [ { "id": 534, "year": 2012, "material": "O.Au", "commodity": "Me.Au", "mineral_value_tonnes": 185584000.0, "commodity_value_tonnes": 122.271492699, "grade_ppm": 0.72, "source_id": "det_2857", "comment": NaN } ], "index_right": 2092, "ISO3_CODE": "CHL", "COUNTRY_NAME": "Chile", "AREA": 5.2016926019332344, "distance": 0.0 }, "geometry": { "type": "MultiPoint", "coordinates": [ [ -7714107.165383595041931, -3192566.031554972287267 ] ] } },
{ "type": "Feature", "properties": { "facility_id": "COM00197.00", "facility_name": "Candelaria", "facility_other_names": null, "facility_type": "Mine", "primary_commodity": "Copper", "commodities_products": "Copper, Gold, Silver", "facility_equipment": "Open pit", "production_start": 1993.0, "production_end": null, "activity_status": null, "activity_status_year": null, "surface_area_sq_km": 54.22846, "concession_area_sq_km": null, "country": "Chile", "GID_0": "CHL", "GID_1": "CHL.5_1", "GID_2": "CHL.5.2_1", "GID_3": "CHL.5.2.2_1", "GID_4": null, "source_id": "det_1168", "comment": null, "Reserves_data": [ { "id": 115, "year": 2019, "material": "O.bulk", "commodity": "Me.Ag", "mineral_value_tonnes": 663696000.0, "commodity_value_tonnes": 1077.28187894, "grade_ppm": 2.2438630777886357, "source_id": "det_2842", "comment": NaN }, { "id": 116, "year": 2019, "material": "O.bulk", "commodity": "Me.Au", "mineral_value_tonnes": 663696000.0, "commodity_value_tonnes": 76.543712451, "grade_ppm": 0.122335376437405, "source_id": "det_2842", "comment": NaN }, { "id": 117, "year": 2019, "material": "O.bulk", "commodity": "Me.Cu", "mineral_value_tonnes": 663696000.0, "commodity_value_tonnes": 3603000.0, "grade_ppm": 5585.95953569104, "source_id": "det_2842", "comment": NaN } ], "index_right": 2095, "ISO3_CODE": "CHL", "COUNTRY_NAME": "Chile", "AREA": 22.994328001228812, "distance": 0.0 }, "geometry": { "type": "MultiPoint", "coordinates": [ [ -7824155.354196161031723, -3188012.095726069994271 ] ] } },
{ "type": "Feature", "properties": { "facility_id": "COM00879.00", "facility_name": "Namakwa Sands", "facility_other_names": null, "facility_type": "Mine", "primary_commodity": "Iron", "commodities_products": "Zircon, Rutile, Ilmenite", "facility_equipment": "Open pit", "production_start": null, "production_end": null, "activity_status": null, "activity_status_year": null, "surface_area_sq_km": null, "concession_area_sq_km": null, "country": "South Africa", "GID_0": "ZAF", "GID_1": "ZAF.9_1", "GID_2": "ZAF.9.6_1", "GID_3": "ZAF.9.6.3_1", "GID_4": "ZAF.9.6.3.8_1", "source_id": "det_1112", "comment": null, "Reserves_data": [ { "id": 615, "year": 2007, "material": "O.bulk", "commodity": "O.FeTiO3", "mineral_value_tonnes": 326800000.0, "commodity_value_tonnes": NaN, "grade_ppm": NaN, "source_id": "det_2872", "comment": NaN }, { "id": 616, "year": 2007, "material": "O.bulk", "commodity": "O.TiO2", "mineral_value_tonnes": 326800000.0, "commodity_value_tonnes": NaN, "grade_ppm": NaN, "source_id": "det_2872", "comment": NaN }, { "id": 617, "year": 2007, "material": "O.bulk", "commodity": "O.Zr", "mineral_value_tonnes": 326800000.0, "commodity_value_tonnes": NaN, "grade_ppm": NaN, "source_id": "det_2872", "comment": NaN } ], "index_right": 2101, "ISO3_CODE": "ZAF", "COUNTRY_NAME": "South Africa", "AREA": 65.97024953175989, "distance": 0.0 }, "geometry": { "type": "MultiPoint", "coordinates": [ [ 1992897.110648120986298, -3668195.017039872705936 ] ] } },
{ "type": "Feature", "properties": { "facility_id": "COM00392.00", "facility_name": "Energy Resources of Australia", "facility_other_names": null, "facility_type": "Mine", "primary_commodity": "Other (poly)-metallic", "commodities_products": "Uranium", "facility_equipment": null, "production_start": null, "production_end": null, "activity_status": null, "activity_status_year": null, "surface_area_sq_km": null, "concession_area_sq_km": null, "country": "Australia", "GID_0": "AUS", "GID_1": "AUS.6_1", "GID_2": "AUS.6.17_1", "GID_3": null, "GID_4": null, "source_id": "det_1065", "comment": null, "Reserves_data": [ { "id": 269, "year": 2018, "material": NaN, "commodity": "Me.U", "mineral_value_tonnes": 4900000.0, "commodity_value_tonnes": NaN, "grade_ppm": NaN, "source_id": "det_1065", "comment": NaN } ], "index_right": 2125, "ISO3_CODE": "AUS", "COUNTRY_NAME": "Australia", "AREA": 9.4211104083376114, "distance": 0.0 }, "geometry": { "type": "MultiPoint", "coordinates": [ [ 14795772.245111204683781, -1423647.270187370013446 ] ] } },
{ "type": "Feature", "properties": { "facility_id": "COM00507.00", "facility_name": "Guanaco and Amancaya", "facility_other_names": "Guanaco, Amancaya", "facility_type": "Mine", "primary_commodity": "Gold", "commodities_products": "Gold, Silver", "facility_equipment": "Open pit, Underground, agitation leach plant", "production_start": null, "production_end": null, "activity_status": null, "activity_status_year": null, "surface_area_sq_km": null, "concession_area_sq_km": null, "country": "Chile", "GID_0": "CHL", "GID_1": "CHL.2_1", "GID_2": "CHL.2.1_1", "GID_3": "CHL.2.1.4_1", "GID_4": null, "source_id": "det_1468", "comment": null, "Reserves_data": [ { "id": 332, "year": 2019, "material": "O.bulk", "commodity": "Me.Ag", "mineral_value_tonnes": 739000.0, "commodity_value_tonnes": 14.1747615, "grade_ppm": 21.0, "source_id": "det_1468", "comment": NaN }, { "id": 333, "year": 2019, "material": "O.bulk", "commodity": "Me.Au", "mineral_value_tonnes": 739000.0, "commodity_value_tonnes": 3.657088467, "grade_ppm": 5.4, "source_id": "det_1468", "comment": NaN } ], "index_right": 2209, "ISO3_CODE": "CHL", "COUNTRY_NAME": "Chile", "AREA": 10.1980980424809, "distance": 0.0 }, "geometry": { "type": "MultiPoint", "coordinates": [ [ -7739201.840269478969276, -2889040.099648459348828 ] ] } },
{ "type": "Feature", "properties": { "facility_id": "COM00139.00", "facility_name": "Black Mountain", "facility_other_names": null, "facility_type": "Mine", "primary_commodity": "Other (poly)-metallic", "commodities_products": "Zinc, Lead, Silver, Copper", "facility_equipment": "Open pit, Underground", "production_start": 1980.0, "production_end": null, "activity_status": null, "activity_status_year": null, "surface_area_sq_km": null, "concession_area_sq_km": null, "country": "South Africa", "GID_0": "ZAF", "GID_1": "ZAF.8_1", "GID_2": "ZAF.8.3_1", "GID_3": "ZAF.8.3.4_1", "GID_4": "ZAF.8.3.4.4_1", "source_id": "det_1108", "comment": null, "Reserves_data": [ { "id": 70, "year": 2009, "material": "O.bulk", "commodity": "Me.Cu", "mineral_value_tonnes": 7700000.0, "commodity_value_tonnes": NaN, "grade_ppm": NaN, "source_id": "det_2838", "comment": NaN }, { "id": 71, "year": 2009, "material": "O.bulk", "commodity": "Me.Pb", "mineral_value_tonnes": 7700000.0, "commodity_value_tonnes": NaN, "grade_ppm": NaN, "source_id": "det_2838", "comment": NaN }, { "id": 72, "year": 2009, "material": "O.bulk", "commodity": "Me.Zn", "mineral_value_tonnes": 7700000.0, "commodity_value_tonnes": NaN, "grade_ppm": NaN, "source_id": "det_2838", "comment": NaN }, { "id": 73, "year": 2019, "material": "O.bulk", "commodity": "Me.Ag", "mineral_value_tonnes": 7700000.0, "commodity_value_tonnes": NaN, "grade_ppm": NaN, "source_id": "det_1307", "comment": NaN }, { "id": 74, "year": 2019, "material": "O.bulk", "commodity": "Me.Pb", "mineral_value_tonnes": 61400000.0, "commodity_value_tonnes": NaN, "grade_ppm": NaN, "source_id": "det_1307", "comment": NaN }, { "id": 75, "year": 2019, "material": "O.bulk", "commodity": "Me.Zn", "mineral_value_tonnes": 61400000.0, "commodity_value_tonnes": NaN, "grade_ppm": NaN, "source_id": "det_1307", "comment": NaN } ], "index_right": 2220, "ISO3_CODE": "ZAF", "COUNTRY_NAME": "South Africa", "AREA": 1.1914749187756539, "distance": 0.0 }, "geometry": { "type": "MultiPoint", "coordinates": [ [ 2093130.602604136569425, -3408761.004554445855319 ] ] } },
{ "type": "Feature", "properties": { "facility_id": "COM00397.00", "facility_name": "Escondida", "facility_other_names": null, "facility_type": "Mine", "primary_commodity": "Copper", "commodities_products": "Copper, Copper cathode, Gold, Silver", "facility_equipment": "Open pit,  Oxide leaching, Sulphide leaching", "production_start": 1990.0, "production_end": null, "activity_status": null, "activity_status_year": null, "surface_area_sq_km": null, "concession_area_sq_km": null, "country": "Chile", "GID_0": "CHL", "GID_1": "CHL.2_1", "GID_2": "CHL.2.1_1", "GID_3": "CHL.2.1.1_1", "GID_4": null, "source_id": "det_1065", "comment": null, "Reserves_data": [ { "id": 276, "year": 2018, "material": "O.Cu", "commodity": "Me.Cu", "mineral_value_tonnes": 7539000000.0, "commodity_value_tonnes": NaN, "grade_ppm": NaN, "source_id": "det_1065", "comment": "Sulphide ; Sulphide leach ; Oxide" } ], "index_right": 2257, "ISO3_CODE": "CHL", "COUNTRY_NAME": "Chile", "AREA": 231.66445277227467, "distance": 0.0 }, "geometry": { "type": "MultiPoint", "coordinates": [ [ -7689048.357637644745409, -2786435.908443457446992 ] ] } },
{ "type": "Feature", "properties": { "facility_id": "COM01410.00", "facility_name": "Zaldivar", "facility_other_names": null, "facility_type": "Mine", "primary_commodity": "Copper", "commodities_products": "Copper, Copper cathodes", "facility_equipment": null, "production_start": null, "production_end": null, "activity_status": null, "activity_status_year": null, "surface_area_sq_km": null, "concession_area_sq_km": null, "country": "Chile", "GID_0": "CHL", "GID_1": "CHL.2_1", "GID_2": "CHL.2.1_1", "GID_3": "CHL.2.1.1_1", "GID_4": null, "source_id": "det_1173", "comment": null, "Reserves_data": [ { "id": 1024, "year": 2018, "material": "O.Cu", "commodity": "Me.Cu", "mineral_value_tonnes": 467484000.0, "commodity_value_tonnes": 2167173.625386, "grade_ppm": 4640.0, "source_id": "det_1035", "comment": NaN }, { "id": 1025, "year": 2019, "material": "O.Cu", "commodity": "Me.Cu", "mineral_value_tonnes": 568500000.0, "commodity_value_tonnes": NaN, "grade_ppm": NaN, "source_id": "det_1173", "comment": NaN } ], "index_right": 2257, "ISO3_CODE": "CHL", "COUNTRY_NAME": "Chile", "AREA": 231.66445277227467, "distance": 0.0 }, "geometry": { "type": "MultiPoint", "coordinates": [ [ -7688242.89945603441447, -2777924.125226136762649 ] ] } },
{ "type": "Feature", "properties": { "facility_id": "COM00661.00", "facility_name": "Kolomela", "facility_other_names": null, "facility_type": "Mine", "primary_commodity": "Iron", "commodities_products": "Iron ore", "facility_equipment": null, "production_start": null, "production_end": null, "activity_status": null, "activity_status_year": null, "surface_area_sq_km": null, "concession_area_sq_km": null, "country": "South Africa", "GID_0": "ZAF", "GID_1": "ZAF.8_1", "GID_2": "ZAF.8.5_1", "GID_3": "ZAF.8.5.6_1", "GID_4": "ZAF.8.5.6.5_1", "source_id": "det_1103", "comment": null, "Reserves_data": [ { "id": 444, "year": 2018, "material": "O.Fe", "commodity": "Me.Fe", "mineral_value_tonnes": 188200000.0, "commodity_value_tonnes": NaN, "grade_ppm": NaN, "source_id": "det_1104", "comment": NaN } ], "index_right": 2280, "ISO3_CODE": "ZAF", "COUNTRY_NAME": "South Africa", "AREA": 21.467489479058223, "distance": 0.0 }, "geometry": { "type": "MultiPoint", "coordinates": [ [ 2556326.359570727683604, -3297072.595081217586994 ] ] } },
{ "type": "Feature", "properties": { "facility_id": "COM00114.00", "facility_name": "Beeshoek", "facility_other_names": null, "facility_type": "Mine", "primary_commodity": "Iron", "commodities_products": "Iron", "facility_equipment": "Open pit", "production_start": null, "production_end": null, "activity_status": null, "activity_status_year": null, "surface_area_sq_km": null, "concession_area_sq_km": null, "country": "South Africa", "GID_0": "ZAF", "GID_1": "ZAF.8_1", "GID_2": "ZAF.8.5_1", "GID_3": "ZAF.8.5.6_1", "GID_4": "ZAF.8.5.6.6_1", "source_id": "det_1265", "comment": null, "Reserves_data": [ { "id": 59, "year": 2019, "material": "O.Fe", "commodity": "Me.Fe", "mineral_value_tonnes": 44870000.0, "commodity_value_tonnes": NaN, "grade_ppm": NaN, "source_id": "det_1265", "comment": NaN } ], "index_right": 2315, "ISO3_CODE": "ZAF", "COUNTRY_NAME": "South Africa", "AREA": 28.514890749988691, "distance": 0.0 }, "geometry": { "type": "MultiPoint", "coordinates": [ [ 2561054.157031852286309, -3284894.980506696272641 ] ] } },
{ "type": "Feature", "properties": { "facility_id": "COM00110.00", "facility_name": "Beatrix", "facility_other_names": null, "facility_type": "Mine", "primary_commodity": "Gold", "commodities_products": "Gold", "facility_equipment": "Underground, Open pit", "production_start": 1983.0, "production_end": null, "activity_status": null, "activity_status_year": null, "surface_area_sq_km": null, "concession_area_sq_km": null, "country": "South Africa", "GID_0": "ZAF", "GID_1": "ZAF.2_1", "GID_2": "ZAF.2.2_1", "GID_3": "ZAF.2.2.1_1", "GID_4": "ZAF.2.2.1.7_1", "source_id": "det_1092", "comment": null, "Reserves_data": [ { "id": 57, "year": 2018, "material": "O.Au", "commodity": "Me.Au", "mineral_value_tonnes": 14300000.0, "commodity_value_tonnes": 34.8699134499, "grade_ppm": 2.676223776223776, "source_id": "det_1093", "comment": NaN } ], "index_right": 2321, "ISO3_CODE": "ZAF", "COUNTRY_NAME": "South Africa", "AREA": 10.627610071450027, "distance": 0.0 }, "geometry": { "type": "MultiPoint", "coordinates": [ [ 2981630.177455191966146, -3281601.816490910016 ] ] } },
{ "type": "Feature", "properties": { "facility_id": "COM00436.00", "facility_name": "Gabriela Mistral", "facility_other_names": "División Gabriela Mistral, Gaby", "facility_type": "Mine", "primary_commodity": "Copper", "commodities_products": "Copper, Copper cathodes", "facility_equipment": "Open pit", "production_start": 2008.0, "production_end": null, "activity_status": null, "activity_status_year": null, "surface_area_sq_km": null, "concession_area_sq_km": null, "country": "Chile", "GID_0": "CHL", "GID_1": "CHL.2_1", "GID_2": "CHL.2.2_1", "GID_3": "CHL.2.2.3_1", "GID_4": null, "source_id": "det_1171", "comment": null, "Reserves_data": [ { "id": 299, "year": 2018, "material": "O.Cu", "commodity": "Me.Cu", "mineral_value_tonnes": 336000000.0, "commodity_value_tonnes": 1200000.0, "grade_ppm": 3500.0, "source_id": "det_1171", "comment": NaN } ], "index_right": 2346, "ISO3_CODE": "CHL", "COUNTRY_NAME": "Chile", "AREA": 50.779837520206044, "distance": 0.0 }, "geometry": { "type": "MultiPoint", "coordinates": [ [ -7657707.445935807190835, -2683239.695973008871078 ] ] } },
{ "type": "Feature", "properties": { "facility_id": "COM00769.00", "facility_name": "Mantos Blancos", "facility_other_names": null, "facility_type": "Mine", "primary_commodity": "Copper", "commodities_products": "Copper, Copper cathode", "facility_equipment": null, "production_start": null, "production_end": null, "activity_status": null, "activity_status_year": null, "surface_area_sq_km": null, "concession_area_sq_km": null, "country": "Chile", "GID_0": "CHL", "GID_1": "CHL.2_1", "GID_2": "CHL.2.1_1", "GID_3": "CHL.2.1.1_1", "GID_4": null, "source_id": "det_1106", "comment": null, "Reserves_data": [ { "id": 527, "year": 2014, "material": "O.Cu", "commodity": "Me.Cu", "mineral_value_tonnes": 99800000.0, "commodity_value_tonnes": NaN, "grade_ppm": NaN, "source_id": "det_1114", "comment": NaN } ], "index_right": 2353, "ISO3_CODE": "CHL", "COUNTRY_NAME": "Chile", "AREA": 30.45895710199121, "distance": 0.0 }, "geometry": { "type": "MultiPoint", "coordinates": [ [ -7800685.498597896657884, -2685678.087340336758643 ] ] } },
{ "type": "Feature", "properties": { "facility_id": "COM00140.00", "facility_name": "Black Rock", "facility_other_names": "Nchwaning and Gloria", "facility_type": "Mine", "primary_commodity": "Other (poly)-metallic", "commodities_products": "Manganese", "facility_equipment": "Underground", "production_start": null, "production_end": null, "activity_status": null, "activity_status_year": null, "surface_area_sq_km": null, "concession_area_sq_km": null, "country": "South Africa", "GID_0": "ZAF", "GID_1": "ZAF.8_1", "GID_2": "ZAF.8.2_1", "GID_3": "ZAF.8.2.3_1", "GID_4": "ZAF.8.2.3.10_1", "source_id": "det_1265", "comment": null, "Reserves_data": [ { "id": 76, "year": 2019, "material": "O.Mn", "commodity": "Me.Mn", "mineral_value_tonnes": 292900000.0, "commodity_value_tonnes": NaN, "grade_ppm": NaN, "source_id": "det_1265", "comment": NaN } ], "index_right": 2375, "ISO3_CODE": "ZAF", "COUNTRY_NAME": "South Africa", "AREA": 2.4345725955074706, "distance": 0.0 }, "geometry": { "type": "MultiPoint", "coordinates": [ [ 2541835.74390881229192, -3140070.354777602944523 ] ] } },
{ "type": "Feature", "properties": { "facility_id": "COM00829.00", "facility_name": "Moab Khotsong", "facility_other_names": null, "facility_type": "Mine", "primary_commodity": "Gold", "commodities_products": "Gold", "facility_equipment": null, "production_start": null, "production_end": null, "activity_status": null, "activity_status_year": null, "surface_area_sq_km": null, "concession_area_sq_km": null, "country": "South Africa", "GID_0": "ZAF", "GID_1": "ZAF.2_1", "GID_2": "ZAF.2.1_1", "GID_3": "ZAF.2.1.3_1", "GID_4": "ZAF.2.1.3.17_1", "source_id": "det_1057", "comment": null, "Reserves_data": [ { "id": 577, "year": 2017, "material": "O.Au", "commodity": "Me.Au", "mineral_value_tonnes": 17630000.0, "commodity_value_tonnes": 138.0621776431, "grade_ppm": 8.6, "source_id": "det_2866", "comment": NaN }, { "id": 578, "year": 2017, "material": "O.Au", "commodity": "Me.U", "mineral_value_tonnes": 17630000.0, "commodity_value_tonnes": 5488.467677, "grade_ppm": 310.0, "source_id": "det_2866", "comment": NaN } ], "index_right": 2377, "ISO3_CODE": "ZAF", "COUNTRY_NAME": "South Africa", "AREA": 0.75811167242768907, "distance": 0.0 }, "geometry": { "type": "MultiPoint", "coordinates": [ [ 2983611.564203770831227, -3121908.639488115906715 ] ] } },
{ "type": "Feature", "properties": { "facility_id": "COM01266.00", "facility_name": "Tau Lekoa", "facility_other_names": null, "facility_type": "Mine", "primary_commodity": "Gold", "commodities_products": "Gold", "facility_equipment": null, "production_start": null, "production_end": null, "activity_status": null, "activity_status_year": null, "surface_area_sq_km": null, "concession_area_sq_km": null, "country": "South Africa", "GID_0": "ZAF", "GID_1": "ZAF.7_1", "GID_2": "ZAF.7.2_1", "GID_3": "ZAF.7.2.1_1", "GID_4": "ZAF.7.2.1.21_1", "source_id": "det_1059", "comment": null, "Reserves_data": [ { "id": 919, "year": 2014, "material": "O.Au", "commodity": "Me.Au", "mineral_value_tonnes": 4630000.0, "commodity_value_tonnes": 34.019427756, "grade_ppm": 8.09, "source_id": "det_2884", "comment": NaN } ], "index_right": 2379, "ISO3_CODE": "ZAF", "COUNTRY_NAME": "South Africa", "AREA": 1.1018857679640564, "distance": 29.364699827405293 }, "geometry": { "type": "MultiPoint", "coordinates": [ [ 2962925.071331444662064, -3123241.166630875319242 ] ] } },
{ "type": "Feature", "properties": { "facility_id": "COM00668.00", "facility_name": "Kopanang", "facility_other_names": null, "facility_type": "Mine", "primary_commodity": "Gold", "commodities_products": "Gold", "facility_equipment": null, "production_start": null, "production_end": null, "activity_status": null, "activity_status_year": null, "surface_area_sq_km": null, "concession_area_sq_km": null, "country": "South Africa", "GID_0": "ZAF", "GID_1": "ZAF.2_1", "GID_2": "ZAF.2.1_1", "GID_3": "ZAF.2.1.3_1", "GID_4": "ZAF.2.1.3.17_1", "source_id": "det_1057", "comment": null, "Reserves_data": [ { "id": 451, "year": 2017, "material": "O.Au", "commodity": "Me.Au", "mineral_value_tonnes": 2090000.0, "commodity_value_tonnes": 10.2058283268, "grade_ppm": 5.39, "source_id": "det_2866", "comment": NaN }, { "id": 452, "year": 2017, "material": "O.Au", "commodity": "Me.U", "mineral_value_tonnes": 2090000.0, "commodity_value_tonnes": 707.6040972000001, "grade_ppm": 340.0, "source_id": "det_2866", "comment": NaN } ], "index_right": 2381, "ISO3_CODE": "ZAF", "COUNTRY_NAME": "South Africa", "AREA": 1.1131253026463013, "distance": 0.0 }, "geometry": { "type": "MultiPoint", "coordinates": [ [ 2977234.808594146743417, -3121372.191473803948611 ] ] } },
{ "type": "Feature", "properties": { "facility_id": "COM01201.00", "facility_name": "Skorpion", "facility_other_names": null, "facility_type": "Mine, Refinery", "primary_commodity": "Zinc", "commodities_products": "Zinc, Zinc ingots", "facility_equipment": "Open pit", "production_start": 2003.0, "production_end": null, "activity_status": null, "activity_status_year": null, "surface_area_sq_km": null, "concession_area_sq_km": null, "country": "Namibia", "GID_0": "NAM", "GID_1": "NAM.1_1", "GID_2": "NAM.1.5_1", "GID_3": null, "GID_4": null, "source_id": "det_1110", "comment": null, "Reserves_data": [ { "id": 872, "year": 2009, "material": "O.Zn", "commodity": "Me.Zn", "mineral_value_tonnes": 8000000.0, "commodity_value_tonnes": NaN, "grade_ppm": NaN, "source_id": "det_2838", "comment": NaN }, { "id": 873, "year": 2019, "material": "O.Zn", "commodity": "Me.Zn", "mineral_value_tonnes": 2100000.0, "commodity_value_tonnes": NaN, "grade_ppm": NaN, "source_id": "det_1307", "comment": NaN } ], "index_right": 2394, "ISO3_CODE": "NAM", "COUNTRY_NAME": "Namibia", "AREA": 10.771347681896236, "distance": 0.0 }, "geometry": { "type": "MultiPoint", "coordinates": [ [ 1848144.440560945542529, -3225406.498020453844219 ] ] } },
{ "type": "Feature", "properties": { "facility_id": "COM00638.00", "facility_name": "Khumani", "facility_other_names": "Bruce 544, King 561, Mokaning 560, BKM Project,", "facility_type": "Mine", "primary_commodity": "Iron", "commodities_products": "Iron", "facility_equipment": "Open pit", "production_start": 2008.0, "production_end": null, "activity_status": null, "activity_status_year": null, "surface_area_sq_km": null, "concession_area_sq_km": null, "country": "South Africa", "GID_0": "ZAF", "GID_1": "ZAF.8_1", "GID_2": "ZAF.8.2_1", "GID_3": "ZAF.8.2.2_1", "GID_4": "ZAF.8.2.2.3_1", "source_id": "det_1264", "comment": null, "Reserves_data": [ { "id": 431, "year": 2019, "material": "O.Fe", "commodity": "Me.Fe", "mineral_value_tonnes": 439480000.0, "commodity_value_tonnes": NaN, "grade_ppm": NaN, "source_id": "det_1265", "comment": NaN } ], "index_right": 2436, "ISO3_CODE": "ZAF", "COUNTRY_NAME": "South Africa", "AREA": 130.76512201879243, "distance": 0.0 }, "geometry": { "type": "MultiPoint", "coordinates": [ [ 2561482.444613341242075, -3232256.37886075861752 ] ] } },
{ "type": "Feature", "properties": { "facility_id": "COM01199.00", "facility_name": "Sishen", "facility_other_names": null, "facility_type": "Mine", "primary_commodity": "Iron", "commodities_products": "Iron ore", "facility_equipment": null, "production_start": null, "production_end": null, "activity_status": null, "activity_status_year": null, "surface_area_sq_km": null, "concession_area_sq_km": null, "country": "South Africa", "GID_0": "ZAF", "GID_1": "ZAF.8_1", "GID_2": "ZAF.8.2_1", "GID_3": "ZAF.8.2.2_1", "GID_4": "ZAF.8.2.2.3_1", "source_id": "det_1103", "comment": null, "Reserves_data": [ { "id": 870, "year": 2018, "material": "O.Fe", "commodity": "Me.Fe", "mineral_value_tonnes": 544600000.0, "commodity_value_tonnes": NaN, "grade_ppm": NaN, "source_id": "det_1104", "comment": NaN } ], "index_right": 2436, "ISO3_CODE": "ZAF", "COUNTRY_NAME": "South Africa", "AREA": 130.76512201879243, "distance": 0.0 }, "geometry": { "type": "MultiPoint", "coordinates": [ [ 2558668.354677781928331, -3221490.2523855981417 ] ] } },
{ "type": "Feature", "properties": { "facility_id": "COM01182.00", "facility_name": "Shondoni", "facility_other_names": "Middelbult", "facility_type": "Mine", "primary_commodity": "Coal", "commodities_products": "Coal", "facility_equipment": "Underground", "production_start": null, "production_end": null, "activity_status": null, "activity_status_year": null, "surface_area_sq_km": null, "concession_area_sq_km": null, "country": "South Africa", "GID_0": "ZAF", "GID_1": "ZAF.6_1", "GID_2": "ZAF.6.2_1", "GID_3": "ZAF.6.2.3_1", "GID_4": "ZAF.6.2.3.11_1", "source_id": "det_1581", "comment": "Part of Sasol Secunda Synfuels Complex", "Reserves_data": [ { "id": 854, "year": 2020, "material": "F.coal", "commodity": NaN, "mineral_value_tonnes": 213000000.0, "commodity_value_tonnes": NaN, "grade_ppm": NaN, "source_id": "det_1581", "comment": "194+19" } ], "index_right": 2444, "ISO3_CODE": "ZAF", "COUNTRY_NAME": "South Africa", "AREA": 1.1398224288390977, "distance": 0.0 }, "geometry": { "type": "MultiPoint", "coordinates": [ [ 3234570.966925226617604, -3057038.684943940024823 ] ] } },
{ "type": "Feature", "properties": { "facility_id": "COM01309.00", "facility_name": "Twistdraai Thubelisha", "facility_other_names": "Twistdraai, Thubelisha shaft", "facility_type": "Mine", "primary_commodity": "Coal", "commodities_products": "Coal", "facility_equipment": "Underground", "production_start": null, "production_end": null, "activity_status": null, "activity_status_year": null, "surface_area_sq_km": null, "concession_area_sq_km": null, "country": "South Africa", "GID_0": "ZAF", "GID_1": "ZAF.6_1", "GID_2": "ZAF.6.2_1", "GID_3": "ZAF.6.2.3_1", "GID_4": "ZAF.6.2.3.7_1", "source_id": "det_1581", "comment": "Part of Sasol Secunda Synfuels Complex", "Reserves_data": [ { "id": 962, "year": 2020, "material": "F.coal", "commodity": NaN, "mineral_value_tonnes": 246000000.0, "commodity_value_tonnes": NaN, "grade_ppm": NaN, "source_id": "det_1581", "comment": NaN } ], "index_right": 2446, "ISO3_CODE": "ZAF", "COUNTRY_NAME": "South Africa", "AREA": 1.1342105702026646, "distance": 0.0 }, "geometry": { "type": "MultiPoint", "coordinates": [ [ 3260352.918049725703895, -3056456.397536584641784 ] ] } },
{ "type": "Feature", "properties": { "facility_id": "COM00582.00", "facility_name": "Isibonelo", "facility_other_names": null, "facility_type": "Mine", "primary_commodity": "Coal", "commodities_products": "Thermal coal", "facility_equipment": null, "production_start": null, "production_end": null, "activity_status": null, "activity_status_year": null, "surface_area_sq_km": null, "concession_area_sq_km": null, "country": "South Africa", "GID_0": "ZAF", "GID_1": "ZAF.6_1", "GID_2": "ZAF.6.2_1", "GID_3": "ZAF.6.2.3_1", "GID_4": "ZAF.6.2.3.7_1", "source_id": "det_1103", "comment": null, "Reserves_data": [ { "id": 383, "year": 2020, "material": "F.stc", "commodity": NaN, "mineral_value_tonnes": 27100000.0, "commodity_value_tonnes": NaN, "grade_ppm": NaN, "source_id": "det_1115", "comment": NaN } ], "index_right": 2449, "ISO3_CODE": "ZAF", "COUNTRY_NAME": "South Africa", "AREA": 0.31614826255161876, "distance": 0.0 }, "geometry": { "type": "MultiPoint", "coordinates": [ [ 3251671.647720863576978, -3053064.803649309556931 ] ] } },
{ "type": "Feature", "properties": { "facility_id": "COM01245.00", "facility_name": "Syferfontein", "facility_other_names": null, "facility_type": "Mine", "primary_commodity": "Coal", "commodities_products": "Coal", "facility_equipment": "Underground", "production_start": null, "production_end": null, "activity_status": null, "activity_status_year": null, "surface_area_sq_km": null, "concession_area_sq_km": null, "country": "South Africa", "GID_0": "ZAF", "GID_1": "ZAF.6_1", "GID_2": "ZAF.6.2_1", "GID_3": "ZAF.6.2.3_1", "GID_4": "ZAF.6.2.3.7_1", "source_id": "det_1581", "comment": "Part of Sasol Secunda Synfuels Complex", "Reserves_data": [ { "id": 898, "year": 2020, "material": "F.coal", "commodity": NaN, "mineral_value_tonnes": 152000000.0, "commodity_value_tonnes": NaN, "grade_ppm": NaN, "source_id": "det_1581", "comment": NaN } ], "index_right": 2453, "ISO3_CODE": "ZAF", "COUNTRY_NAME": "South Africa", "AREA": 0.24423791075115056, "distance": 0.0 }, "geometry": { "type": "MultiPoint", "coordinates": [ [ 3250969.490909150801599, -3049844.245740831363946 ] ] } },
{ "type": "Feature", "properties": { "facility_id": "COM00860.00", "facility_name": "Mponeng", "facility_other_names": null, "facility_type": "Mine", "primary_commodity": "Gold", "commodities_products": "Gold", "facility_equipment": null, "production_start": null, "production_end": null, "activity_status": null, "activity_status_year": null, "surface_area_sq_km": null, "concession_area_sq_km": null, "country": "South Africa", "GID_0": "ZAF", "GID_1": "ZAF.3_1", "GID_2": "ZAF.3.5_1", "GID_3": "ZAF.3.5.1_1", "GID_4": "ZAF.3.5.1.6_1", "source_id": "det_1057", "comment": null, "Reserves_data": [ { "id": 600, "year": 2017, "material": "O.Au", "commodity": "Me.Au", "mineral_value_tonnes": 38710000.0, "commodity_value_tonnes": 344.7302012608, "grade_ppm": 9.77, "source_id": "det_2866", "comment": NaN }, { "id": 601, "year": 2018, "material": "O.Au", "commodity": "Me.Au", "mineral_value_tonnes": 36470000.0, "commodity_value_tonnes": 330.27194446450005, "grade_ppm": 9.93, "source_id": "det_2833", "comment": NaN } ], "index_right": 2480, "ISO3_CODE": "ZAF", "COUNTRY_NAME": "South Africa", "AREA": 1.1613958619494251, "distance": 0.0 }, "geometry": { "type": "MultiPoint", "coordinates": [ [ 3053668.827074104454368, -3053298.619485563132912 ] ] } },
{ "type": "Feature", "properties": { "facility_id": "COM00657.00", "facility_name": "Kloof", "facility_other_names": null, "facility_type": "Mine", "primary_commodity": "Gold", "commodities_products": "Gold", "facility_equipment": "Underground, Open pit", "production_start": null, "production_end": null, "activity_status": null, "activity_status_year": null, "surface_area_sq_km": null, "concession_area_sq_km": null, "country": "South Africa", "GID_0": "ZAF", "GID_1": "ZAF.3_1", "GID_2": "ZAF.3.5_1", "GID_3": "ZAF.3.5.4_1", "GID_4": "ZAF.3.5.4.1_1", "source_id": "det_1092", "comment": null, "Reserves_data": [ { "id": 442, "year": 2018, "material": "O.Au", "commodity": "Me.Au", "mineral_value_tonnes": 32800000.0, "commodity_value_tonnes": 158.24703811166, "grade_ppm": 5.267987804878048, "source_id": "det_1093", "comment": NaN } ], "index_right": 2481, "ISO3_CODE": "ZAF", "COUNTRY_NAME": "South Africa", "AREA": 3.7319937941808528, "distance": 819.92144103571366 }, "geometry": { "type": "MultiPoint", "coordinates": [ [ 3079158.341061883606017, -3049007.302846039645374 ] ] } },
{ "type": "Feature", "properties": { "facility_id": "COM01140.00", "facility_name": "Savuka", "facility_other_names": null, "facility_type": "Mine", "primary_commodity": "Gold", "commodities_products": "Gold", "facility_equipment": null, "production_start": null, "production_end": null, "activity_status": null, "activity_status_year": null, "surface_area_sq_km": null, "concession_area_sq_km": null, "country": "South Africa", "GID_0": "ZAF", "GID_1": "ZAF.3_1", "GID_2": "ZAF.3.5_1", "GID_3": "ZAF.3.5.1_1", "GID_4": "ZAF.3.5.1.20_1", "source_id": "det_1059", "comment": null, "Reserves_data": [ { "id": 833, "year": 2012, "material": "O.Au", "commodity": "Me.Au", "mineral_value_tonnes": 3290000.0, "commodity_value_tonnes": 15.308742490200002, "grade_ppm": 5.13, "source_id": "det_2880", "comment": NaN } ], "index_right": 2485, "ISO3_CODE": "ZAF", "COUNTRY_NAME": "South Africa", "AREA": 0.80713122399164272, "distance": 84.611772188886277 }, "geometry": { "type": "MultiPoint", "coordinates": [ [ 3050496.099135056138039, -3051503.323169004637748 ] ] } },
{ "type": "Feature", "properties": { "facility_id": "COM00183.00", "facility_name": "Burnstone", "facility_other_names": null, "facility_type": "Mine", "primary_commodity": "Other mine", "commodities_products": "Gold", "facility_equipment": null, "production_start": null, "production_end": null, "activity_status": null, "activity_status_year": null, "surface_area_sq_km": null, "concession_area_sq_km": null, "country": "South Africa", "GID_0": "ZAF", "GID_1": "ZAF.6_1", "GID_2": "ZAF.6.2_1", "GID_3": "ZAF.6.2.2_1", "GID_4": "ZAF.6.2.2.2_1", "source_id": "det_1092", "comment": null, "Reserves_data": [ { "id": 103, "year": 2018, "material": "O.Au", "commodity": "Me.Au", "mineral_value_tonnes": 14200000.0, "commodity_value_tonnes": 55.139822487850005, "grade_ppm": 4.3, "source_id": "det_1093", "comment": NaN } ], "index_right": 2532, "ISO3_CODE": "ZAF", "COUNTRY_NAME": "South Africa", "AREA": 0.158574735576923, "distance": 0.0 }, "geometry": { "type": "MultiPoint", "coordinates": [ [ 3191752.778767356649041, -3080011.496278388425708 ] ] } },
{ "type": "Feature", "properties": { "facility_id": "COM00054.00", "facility_name": "Antucoya", "facility_other_names": null, "facility_type": "Mine", "primary_commodity": "Copper", "commodities_products": "Copper, Copper cathodes", "facility_equipment": null, "production_start": 2016.0, "production_end": null, "activity_status": null, "activity_status_year": null, "surface_area_sq_km": null, "concession_area_sq_km": null, "country": "Chile", "GID_0": "CHL", "GID_1": "CHL.2_1", "GID_2": "CHL.2.3_1", "GID_3": "CHL.2.3.1_1", "GID_4": null, "source_id": "det_1172", "comment": null, "Reserves_data": [ { "id": 34, "year": 2019, "material": "O.Cu", "commodity": "Me.Cu", "mineral_value_tonnes": 687000000.0, "commodity_value_tonnes": NaN, "grade_ppm": NaN, "source_id": "det_1173", "comment": NaN } ], "index_right": 2544, "ISO3_CODE": "CHL", "COUNTRY_NAME": "Chile", "AREA": 79.821979916435055, "distance": 0.0 }, "geometry": { "type": "MultiPoint", "coordinates": [ [ -7774265.74374617729336, -2587227.965966641437262 ] ] } },
{ "type": "Feature", "properties": { "facility_id": "COM00344.00", "facility_name": "Driefontein", "facility_other_names": null, "facility_type": "Mine", "primary_commodity": "Gold", "commodities_products": "Gold", "facility_equipment": "Underground, Surface", "production_start": 1952.0, "production_end": null, "activity_status": null, "activity_status_year": null, "surface_area_sq_km": null, "concession_area_sq_km": null, "country": "South Africa", "GID_0": "ZAF", "GID_1": "ZAF.3_1", "GID_2": "ZAF.3.5_1", "GID_3": "ZAF.3.5.1_1", "GID_4": "ZAF.3.5.1.7_1", "source_id": "det_1092", "comment": null, "Reserves_data": [ { "id": 240, "year": 2018, "material": "O.Au", "commodity": "Me.Au", "mineral_value_tonnes": 15000000.0, "commodity_value_tonnes": 94.20546536099002, "grade_ppm": 6.8933333333333335, "source_id": "det_1093", "comment": NaN } ], "index_right": 2567, "ISO3_CODE": "ZAF", "COUNTRY_NAME": "South Africa", "AREA": 5.5508947805496369, "distance": 578.62876714525623 }, "geometry": { "type": "MultiPoint", "coordinates": [ [ 3060169.673829399049282, -3047535.729942954145372 ] ] } },
{ "type": "Feature", "properties": { "facility_id": "COM01429.00", "facility_name": "Zibulo", "facility_other_names": "Zondagsfontein", "facility_type": "Mine", "primary_commodity": "Coal", "commodities_products": "Thermal coal", "facility_equipment": null, "production_start": null, "production_end": null, "activity_status": null, "activity_status_year": null, "surface_area_sq_km": null, "concession_area_sq_km": null, "country": "South Africa", "GID_0": "ZAF", "GID_1": "ZAF.6_1", "GID_2": "ZAF.6.3_1", "GID_3": "ZAF.6.3.3_1", "GID_4": "ZAF.6.3.3.24_1", "source_id": "det_1103", "comment": null, "Reserves_data": [ { "id": 1032, "year": 2020, "material": "F.stc", "commodity": NaN, "mineral_value_tonnes": 47200000.0, "commodity_value_tonnes": NaN, "grade_ppm": NaN, "source_id": "det_1115", "comment": "27.9+19.3" } ], "index_right": 2610, "ISO3_CODE": "ZAF", "COUNTRY_NAME": "South Africa", "AREA": 0.51242592886645799, "distance": 0.0 }, "geometry": { "type": "MultiPoint", "coordinates": [ [ 3230201.730921681504697, -3023880.575133332982659 ] ] } },
{ "type": "Feature", "properties": { "facility_id": "COM00220.00", "facility_name": "Centinela", "facility_other_names": null, "facility_type": "Mine", "primary_commodity": "Copper", "commodities_products": "Copper, Copper cathodes, Molybdenum, Gold, Silver", "facility_equipment": "SX-EW", "production_start": null, "production_end": null, "activity_status": null, "activity_status_year": null, "surface_area_sq_km": null, "concession_area_sq_km": null, "country": "Chile", "GID_0": "CHL", "GID_1": "CHL.2_1", "GID_2": "CHL.2.1_1", "GID_3": "CHL.2.1.3_1", "GID_4": null, "source_id": "det_1173", "comment": null, "Reserves_data": [ { "id": 139, "year": 2019, "material": "O.bulk", "commodity": "Me.Au", "mineral_value_tonnes": 1829400000.0, "commodity_value_tonnes": NaN, "grade_ppm": NaN, "source_id": "det_1173", "comment": NaN }, { "id": 140, "year": 2019, "material": "O.bulk", "commodity": "Me.Cu", "mineral_value_tonnes": 2154900000.0, "commodity_value_tonnes": NaN, "grade_ppm": NaN, "source_id": "det_1173", "comment": NaN }, { "id": 141, "year": 2019, "material": "O.bulk", "commodity": "Me.Mo", "mineral_value_tonnes": 1829400000.0, "commodity_value_tonnes": NaN, "grade_ppm": NaN, "source_id": "det_1173", "comment": NaN } ], "index_right": 2628, "ISO3_CODE": "CHL", "COUNTRY_NAME": "Chile", "AREA": 89.009483761840471, "distance": 150.88445135924417 }, "geometry": { "type": "MultiPoint", "coordinates": [ [ -7695386.945103159174323, -2626444.029601842630655 ] ] } },
{ "type": "Feature", "properties": { "facility_id": "COM00806.00", "facility_name": "Middelburg/Wolvekrans", "facility_other_names": "Wolvekrans Middelburg Complex (WMC), WMC", "facility_type": "Mine", "primary_commodity": "Coal", "commodities_products": "Thermal bituminous coal", "facility_equipment": null, "production_start": null, "production_end": null, "activity_status": null, "activity_status_year": null, "surface_area_sq_km": null, "concession_area_sq_km": null, "country": "South Africa", "GID_0": "ZAF", "GID_1": "ZAF.6_1", "GID_2": "ZAF.6.3_1", "GID_3": "ZAF.6.3.4_1", "GID_4": "ZAF.6.3.4.26_1", "source_id": "det_1136", "comment": null, "Reserves_data": [ { "id": 558, "year": 2019, "material": "F.stc", "commodity": NaN, "mineral_value_tonnes": 422100000.0, "commodity_value_tonnes": NaN, "grade_ppm": NaN, "source_id": "det_1147", "comment": NaN } ], "index_right": 2656, "ISO3_CODE": "ZAF", "COUNTRY_NAME": "South Africa", "AREA": 5.5592491489699931, "distance": 0.0 }, "geometry": { "type": "MultiPoint", "coordinates": [ [ 3266285.81509207515046, -2998919.388842809014022 ] ] } },
{ "type": "Feature", "properties": { "facility_id": "COM00482.00", "facility_name": "Goedehoop", "facility_other_names": null, "facility_type": "Mine", "primary_commodity": "Coal", "commodities_products": "Thermal coal", "facility_equipment": null, "production_start": null, "production_end": null, "activity_status": null, "activity_status_year": null, "surface_area_sq_km": null, "concession_area_sq_km": null, "country": "South Africa", "GID_0": "ZAF", "GID_1": "ZAF.6_1", "GID_2": "ZAF.6.3_1", "GID_3": "ZAF.6.3.4_1", "GID_4": "ZAF.6.3.4.26_1", "source_id": "det_1103", "comment": null, "Reserves_data": [ { "id": 310, "year": 2020, "material": "F.stc", "commodity": NaN, "mineral_value_tonnes": 17500000.0, "commodity_value_tonnes": NaN, "grade_ppm": NaN, "source_id": "det_1115", "comment": "11.5+6.0" } ], "index_right": 2671, "ISO3_CODE": "ZAF", "COUNTRY_NAME": "South Africa", "AREA": 0.10296764786984595, "distance": 897.04370346998553 }, "geometry": { "type": "MultiPoint", "coordinates": [ [ 3282848.863122826907784, -3005000.066097232047468 ] ] } },
{ "type": "Feature", "properties": { "facility_id": "COM00656.00", "facility_name": "Klipspruit", "facility_other_names": null, "facility_type": "Mine", "primary_commodity": "Coal", "commodities_products": "Thermal coal", "facility_equipment": null, "production_start": null, "production_end": null, "activity_status": null, "activity_status_year": null, "surface_area_sq_km": null, "concession_area_sq_km": null, "country": "South Africa", "GID_0": "ZAF", "GID_1": "ZAF.6_1", "GID_2": "ZAF.6.3_1", "GID_3": "ZAF.6.3.3_1", "GID_4": "ZAF.6.3.3.24_1", "source_id": "det_1136", "comment": null, "Reserves_data": [ { "id": 441, "year": 2019, "material": "F.stc", "commodity": NaN, "mineral_value_tonnes": 247000000.0, "commodity_value_tonnes": NaN, "grade_ppm": NaN, "source_id": "det_1147", "comment": NaN } ], "index_right": 2678, "ISO3_CODE": "ZAF", "COUNTRY_NAME": "South Africa", "AREA": 43.137317008129408, "distance": 0.0 }, "geometry": { "type": "MultiPoint", "coordinates": [ [ 3231986.877353083342314, -3005616.195886744186282 ] ] } },
{ "type": "Feature", "properties": { "facility_id": "COM00501.00", "facility_name": "Greenside", "facility_other_names": null, "facility_type": "Mine", "primary_commodity": "Coal", "commodities_products": "Thermal coal", "facility_equipment": null, "production_start": null, "production_end": null, "activity_status": null, "activity_status_year": null, "surface_area_sq_km": null, "concession_area_sq_km": null, "country": "South Africa", "GID_0": "ZAF", "GID_1": "ZAF.6_1", "GID_2": "ZAF.6.3_1", "GID_3": "ZAF.6.3.3_1", "GID_4": "ZAF.6.3.3.11_1", "source_id": "det_1103", "comment": null, "Reserves_data": [ { "id": 329, "year": 2020, "material": "F.stc", "commodity": NaN, "mineral_value_tonnes": 21100000.0, "commodity_value_tonnes": NaN, "grade_ppm": NaN, "source_id": "det_1115", "comment": "18.1+3" } ], "index_right": 2705, "ISO3_CODE": "ZAF", "COUNTRY_NAME": "South Africa", "AREA": 2.9831890834809514, "distance": 0.0 }, "geometry": { "type": "MultiPoint", "coordinates": [ [ 3248327.133395311888307, -2993912.970498921349645 ] ] } },
{ "type": "Feature", "properties": { "facility_id": "COM00913.00", "facility_name": "North Block Complex", "facility_other_names": "NBC", "facility_type": "Mine", "primary_commodity": "Coal", "commodities_products": "Thermal coal", "facility_equipment": "Open pit", "production_start": null, "production_end": null, "activity_status": null, "activity_status_year": null, "surface_area_sq_km": null, "concession_area_sq_km": null, "country": "South Africa", "GID_0": "ZAF", "GID_1": "ZAF.6_1", "GID_2": "ZAF.6.3_1", "GID_3": "ZAF.6.3.2_1", "GID_4": "ZAF.6.3.2.1_1 ; ZAF.6.3.2.8_1", "source_id": "det_1546", "comment": null, "Reserves_data": [ { "id": 647, "year": 2020, "material": "F.stc", "commodity": NaN, "mineral_value_tonnes": 48200000.0, "commodity_value_tonnes": NaN, "grade_ppm": NaN, "source_id": "det_1546", "comment": NaN } ], "index_right": 2748, "ISO3_CODE": "ZAF", "COUNTRY_NAME": "South Africa", "AREA": 12.257565346388308, "distance": 13.111301681529586 }, "geometry": { "type": "MultiPoint", "coordinates": [ [ 3341180.448011966887861, -2961057.436479832045734 ] ] } },
{ "type": "Feature", "properties": { "facility_id": "COM00372.00", "facility_name": "El Abra", "facility_other_names": null, "facility_type": "Mine", "primary_commodity": "Copper", "commodities_products": "Copper", "facility_equipment": "Open pit, SX-EW", "production_start": 1996.0, "production_end": null, "activity_status": null, "activity_status_year": null, "surface_area_sq_km": null, "concession_area_sq_km": 728.442, "country": "Chile", "GID_0": "CHL", "GID_1": "CHL.2_1", "GID_2": "CHL.2.2_1", "GID_3": "CHL.2.2.1_1", "GID_4": null, "source_id": "det_1167", "comment": null, "Reserves_data": [ { "id": 258, "year": 2019, "material": "O.Cu", "commodity": "Me.Cu", "mineral_value_tonnes": 717000000.0, "commodity_value_tonnes": NaN, "grade_ppm": NaN, "source_id": "det_1167", "comment": NaN } ], "index_right": 2772, "ISO3_CODE": "CHL", "COUNTRY_NAME": "Chile", "AREA": 11.979401563631503, "distance": 0.0 }, "geometry": { "type": "MultiPoint", "coordinates": [ [ -7662511.861575055867434, -2502118.82877012854442 ] ] } },
{ "type": "Feature", "properties": { "facility_id": "COM00680.00", "facility_name": "Kroondal", "facility_other_names": null, "facility_type": "Mine", "primary_commodity": "Other (poly)-metallic", "commodities_products": "PGM", "facility_equipment": "Underground", "production_start": null, "production_end": null, "activity_status": null, "activity_status_year": null, "surface_area_sq_km": null, "concession_area_sq_km": null, "country": "South Africa", "GID_0": "ZAF", "GID_1": "ZAF.7_1", "GID_2": "ZAF.7.1_1", "GID_3": "ZAF.7.1.5_1", "GID_4": "ZAF.7.1.5.29_1", "source_id": "det_1092", "comment": null, "Reserves_data": [ { "id": 457, "year": 2018, "material": "O.pgm", "commodity": "Me.pgm", "mineral_value_tonnes": 73600000.0, "commodity_value_tonnes": 188.69442595328, "grade_ppm": 2.8, "source_id": "det_1093", "comment": NaN } ], "index_right": 2835, "ISO3_CODE": "ZAF", "COUNTRY_NAME": "South Africa", "AREA": 0.48141442005853718, "distance": 0.0 }, "geometry": { "type": "MultiPoint", "coordinates": [ [ 3041203.103014966472983, -2963647.556387028191239 ] ] } },
{ "type": "Feature", "properties": { "facility_id": "COM00759.00", "facility_name": "Mafube", "facility_other_names": null, "facility_type": "Mine", "primary_commodity": "Coal", "commodities_products": "Thermal coal", "facility_equipment": null, "production_start": null, "production_end": null, "activity_status": null, "activity_status_year": null, "surface_area_sq_km": null, "concession_area_sq_km": null, "country": "South Africa", "GID_0": "ZAF", "GID_1": "ZAF.6_1", "GID_2": "ZAF.6.3_1", "GID_3": "ZAF.6.3.4_1", "GID_4": "ZAF.6.3.4.27_1", "source_id": "det_1103", "comment": null, "Reserves_data": [ { "id": 520, "year": 2020, "material": "F.stc", "commodity": NaN, "mineral_value_tonnes": 35900000.0, "commodity_value_tonnes": NaN, "grade_ppm": NaN, "source_id": "det_1115", "comment": NaN } ], "index_right": 2855, "ISO3_CODE": "ZAF", "COUNTRY_NAME": "South Africa", "AREA": 15.923310970130547, "distance": 0.0 }, "geometry": { "type": "MultiPoint", "coordinates": [ [ 3310537.453708880580962, -2973580.086033155210316 ] ] } },
{ "type": "Feature", "properties": { "facility_id": "COM00904.00", "facility_name": "Nkomati", "facility_other_names": null, "facility_type": "Mine", "primary_commodity": "Nickel", "commodities_products": "Nickel, Copper, Cobalt, Palladium, Platinum, Chrome", "facility_equipment": "Open pit, Underground", "production_start": null, "production_end": null, "activity_status": null, "activity_status_year": null, "surface_area_sq_km": null, "concession_area_sq_km": null, "country": "South Africa", "GID_0": "ZAF", "GID_1": "ZAF.6_1", "GID_2": "ZAF.6.3_1", "GID_3": "ZAF.6.3.2_1", "GID_4": "ZAF.6.3.2.5_1", "source_id": "det_1201", "comment": null, "Reserves_data": [ { "id": 630, "year": 2019, "material": "O.Cr", "commodity": "Me.Cr2O3", "mineral_value_tonnes": 1840000.0, "commodity_value_tonnes": NaN, "grade_ppm": NaN, "source_id": "det_1265", "comment": NaN }, { "id": 631, "year": 2019, "material": "O.Ni", "commodity": "Me.Ni", "mineral_value_tonnes": 7590000.0, "commodity_value_tonnes": NaN, "grade_ppm": NaN, "source_id": "det_1265", "comment": NaN } ], "index_right": 2858, "ISO3_CODE": "ZAF", "COUNTRY_NAME": "South Africa", "AREA": 10.639348478039764, "distance": 0.0 }, "geometry": { "type": "MultiPoint", "coordinates": [ [ 3405680.459949681069702, -2964868.11279459670186 ] ] } },
{ "type": "Feature", "properties": { "facility_id": "COM00360.00", "facility_name": "Dwarsrivier", "facility_other_names": null, "facility_type": "Mine", "primary_commodity": "Other (poly)-metallic", "commodities_products": "Chrome", "facility_equipment": null, "production_start": null, "production_end": null, "activity_status": null, "activity_status_year": null, "surface_area_sq_km": null, "concession_area_sq_km": null, "country": "South Africa", "GID_0": "ZAF", "GID_1": "ZAF.5_1", "GID_2": "ZAF.5.3_1", "GID_3": "ZAF.5.3.4_1", "GID_4": "ZAF.5.3.4.25_1", "source_id": "det_1268", "comment": null, "Reserves_data": [ { "id": 250, "year": 2019, "material": "O.Cr", "commodity": "Me.Cr2O3", "mineral_value_tonnes": 58890000.0, "commodity_value_tonnes": NaN, "grade_ppm": NaN, "source_id": "det_1268", "comment": NaN } ], "index_right": 2937, "ISO3_CODE": "ZAF", "COUNTRY_NAME": "South Africa", "AREA": 1.0750738758591769, "distance": 0.0 }, "geometry": { "type": "MultiPoint", "coordinates": [ [ 3353790.348733675200492, -2867994.36977450735867 ] ] } },
{ "type": "Feature", "properties": { "facility_id": "COM01310.00", "facility_name": "Two Rivers", "facility_other_names": null, "facility_type": "Mine", "primary_commodity": "Other (poly)-metallic", "commodities_products": "Platinum, Palladium, Rhodium, Ruthenium, Iridium, Gold, Nickel, Copper, Chrome", "facility_equipment": "Underground", "production_start": 2007.0, "production_end": null, "activity_status": null, "activity_status_year": null, "surface_area_sq_km": null, "concession_area_sq_km": null, "country": "South Africa", "GID_0": "ZAF", "GID_1": "ZAF.5_1", "GID_2": "ZAF.5.3_1", "GID_3": "ZAF.5.3.4_1", "GID_4": "ZAF.5.3.4.25_1", "source_id": "det_1266", "comment": "6E = Platinum + Palladium + Rhodium + Ruthenium + Iridium + Gold", "Reserves_data": [ { "id": 963, "year": 2019, "material": "O.pgm", "commodity": "Me.pgm", "mineral_value_tonnes": 64970000.0, "commodity_value_tonnes": 207.2350140803, "grade_ppm": 3.5, "source_id": "det_1265", "comment": NaN } ], "index_right": 2939, "ISO3_CODE": "ZAF", "COUNTRY_NAME": "South Africa", "AREA": 0.42772510424784788, "distance": 0.0 }, "geometry": { "type": "MultiPoint", "coordinates": [ [ 3351225.202575376722962, -2867788.310993996448815 ] ] } },
{ "type": "Feature", "properties": { "facility_id": "COM00831.00", "facility_name": "Modikwa", "facility_other_names": null, "facility_type": "Mine", "primary_commodity": "Other (poly)-metallic", "commodities_products": "Platinum, Palladium, Rhodium, Ruthenium, Iridium, Gold, Nickel, Copper, Cobalt", "facility_equipment": "Underground", "production_start": null, "production_end": null, "activity_status": null, "activity_status_year": null, "surface_area_sq_km": null, "concession_area_sq_km": null, "country": "South Africa", "GID_0": "ZAF", "GID_1": "ZAF.5_1", "GID_2": "ZAF.5.3_1", "GID_3": "ZAF.5.3.4_1", "GID_4": "ZAF.5.3.4.12_1", "source_id": "det_1265", "comment": "6E = Platinum + Palladium + Rhodium + Ruthenium + Iridium + Gold", "Reserves_data": [ { "id": 580, "year": 2019, "material": "O.pgm", "commodity": "Me.pgm", "mineral_value_tonnes": 47160000.0, "commodity_value_tonnes": 186.5398621954, "grade_ppm": 4.34, "source_id": "det_1265", "comment": NaN } ], "index_right": 2950, "ISO3_CODE": "ZAF", "COUNTRY_NAME": "South Africa", "AREA": 0.72287745379121437, "distance": 244.91655523637954 }, "geometry": { "type": "MultiPoint", "coordinates": [ [ 3353880.960482087451965, -2831592.779278110247105 ] ] } },
{ "type": "Feature", "properties": { "facility_id": "COM00033.00", "facility_name": "Amandelbult", "facility_other_names": null, "facility_type": "Mine", "primary_commodity": "Other (poly)-metallic", "commodities_products": "Platinum, Palladium", "facility_equipment": null, "production_start": null, "production_end": null, "activity_status": null, "activity_status_year": null, "surface_area_sq_km": null, "concession_area_sq_km": null, "country": "South Africa", "GID_0": "ZAF", "GID_1": "ZAF.5_1", "GID_2": "ZAF.5.5_1", "GID_3": "ZAF.5.5.6_1", "GID_4": "ZAF.5.5.6.9_1", "source_id": "det_1103", "comment": null, "Reserves_data": [ { "id": 22, "year": 2018, "material": "O.pgm", "commodity": "Me.pgm", "mineral_value_tonnes": 103500000.0, "commodity_value_tonnes": 428.077799263, "grade_ppm": 4.54, "source_id": "det_1103", "comment": NaN } ], "index_right": 2955, "ISO3_CODE": "ZAF", "COUNTRY_NAME": "South Africa", "AREA": 0.29347110075892269, "distance": 921.14389406796363 }, "geometry": { "type": "MultiPoint", "coordinates": [ [ 3044576.440309244208038, -2849285.038098267279565 ] ] } },
{ "type": "Feature", "properties": { "facility_id": "COM01056.00", "facility_name": "Quebrada Blanca", "facility_other_names": null, "facility_type": "Mine, Refinery", "primary_commodity": "Copper", "commodities_products": "Copper", "facility_equipment": "Open pit", "production_start": null, "production_end": null, "activity_status": null, "activity_status_year": null, "surface_area_sq_km": null, "concession_area_sq_km": null, "country": "Chile", "GID_0": "CHL", "GID_1": "CHL.15_1", "GID_2": "CHL.15.1_1", "GID_3": "CHL.15.1.5_1", "GID_4": null, "source_id": "det_1083", "comment": null, "Reserves_data": [ { "id": 758, "year": 2018, "material": "O.bulk", "commodity": "Me.Ag", "mineral_value_tonnes": 1400000000.0, "commodity_value_tonnes": NaN, "grade_ppm": NaN, "source_id": "det_1602", "comment": NaN }, { "id": 759, "year": 2018, "material": "O.bulk", "commodity": "Me.Cu", "mineral_value_tonnes": 1424100000.0, "commodity_value_tonnes": NaN, "grade_ppm": NaN, "source_id": "det_1602", "comment": NaN }, { "id": 760, "year": 2018, "material": "O.bulk", "commodity": "Me.Mo", "mineral_value_tonnes": 1400000000.0, "commodity_value_tonnes": NaN, "grade_ppm": NaN, "source_id": "det_1602", "comment": NaN } ], "index_right": 3024, "ISO3_CODE": "CHL", "COUNTRY_NAME": "Chile", "AREA": 18.099103439999894, "distance": 0.0 }, "geometry": { "type": "MultiPoint", "coordinates": [ [ -7658917.400335098616779, -2392348.241468571126461 ] ] } },
{ "type": "Feature", "properties": { "facility_id": "COM01274.00", "facility_name": "Thabazimbi", "facility_other_names": null, "facility_type": "Mine", "primary_commodity": "Iron", "commodities_products": "Iron ore", "facility_equipment": null, "production_start": null, "production_end": null, "activity_status": null, "activity_status_year": null, "surface_area_sq_km": null, "concession_area_sq_km": null, "country": "South Africa", "GID_0": "ZAF", "GID_1": "ZAF.5_1", "GID_2": "ZAF.5.5_1", "GID_3": "ZAF.5.5.6_1", "GID_4": "ZAF.5.5.6.7_1", "source_id": "det_1106", "comment": null, "Reserves_data": [ { "id": 927, "year": 2011, "material": "O.Fe", "commodity": "Me.Fe", "mineral_value_tonnes": 10400000.0, "commodity_value_tonnes": NaN, "grade_ppm": NaN, "source_id": "det_2843", "comment": NaN } ], "index_right": 3034, "ISO3_CODE": "ZAF", "COUNTRY_NAME": "South Africa", "AREA": 5.3538851980300368, "distance": 0.0 }, "geometry": { "type": "MultiPoint", "coordinates": [ [ 3048988.154180821496993, -2827596.318125171586871 ] ] } },
{ "type": "Feature", "properties": { "facility_id": "COM00276.00", "facility_name": "Collahuasi", "facility_other_names": null, "facility_type": "Mine", "primary_commodity": "Copper", "commodities_products": "Copper, Copper cathode", "facility_equipment": "Open Pit", "production_start": null, "production_end": null, "activity_status": null, "activity_status_year": null, "surface_area_sq_km": null, "concession_area_sq_km": null, "country": "Chile", "GID_0": "CHL", "GID_1": "CHL.15_1", "GID_2": "CHL.15.1_1", "GID_3": "CHL.15.1.5_1", "GID_4": null, "source_id": "det_1103", "comment": null, "Reserves_data": [ { "id": 191, "year": 2018, "material": "O.Cu", "commodity": "Me.Cu", "mineral_value_tonnes": 3131100000.0, "commodity_value_tonnes": 29140000.0, "grade_ppm": 9281.98396729584, "source_id": "det_1104", "comment": NaN }, { "id": 192, "year": 2018, "material": "O.Cu", "commodity": "Me.Mo", "mineral_value_tonnes": 3131100000.0, "commodity_value_tonnes": 791000.0, "grade_ppm": 252.31164766376037, "source_id": "det_1104", "comment": NaN } ], "index_right": 3037, "ISO3_CODE": "CHL", "COUNTRY_NAME": "Chile", "AREA": 32.565092566373664, "distance": 0.0 }, "geometry": { "type": "MultiPoint", "coordinates": [ [ -7648381.136544833891094, -2386587.108279017731547 ] ] } },
{ "type": "Feature", "properties": { "facility_id": "COM00832.00", "facility_name": "Mogalakwena", "facility_other_names": null, "facility_type": "Mine", "primary_commodity": "Other (poly)-metallic", "commodities_products": "Platinum, Palladium", "facility_equipment": null, "production_start": null, "production_end": null, "activity_status": null, "activity_status_year": null, "surface_area_sq_km": null, "concession_area_sq_km": null, "country": "South Africa", "GID_0": "ZAF", "GID_1": "ZAF.5_1", "GID_2": "ZAF.5.5_1", "GID_3": "ZAF.5.5.4_1", "GID_4": "ZAF.5.5.4.6_1", "source_id": "det_1103", "comment": null, "Reserves_data": [ { "id": 581, "year": 2018, "material": "O.pgm", "commodity": "Me.pgm", "mineral_value_tonnes": 1200300000.0, "commodity_value_tonnes": 3345.2437293400003, "grade_ppm": 3.06, "source_id": "det_1103", "comment": NaN } ], "index_right": 3042, "ISO3_CODE": "ZAF", "COUNTRY_NAME": "South Africa", "AREA": 37.569091629808646, "distance": 0.0 }, "geometry": { "type": "MultiPoint", "coordinates": [ [ 3218690.309643331449479, -2749924.558370044454932 ] ] } },
{ "type": "Feature", "properties": { "facility_id": "COM01100.00", "facility_name": "Rössing", "facility_other_names": null, "facility_type": "Mine", "primary_commodity": "Other (poly)-metallic", "commodities_products": "Uranium", "facility_equipment": "Open pit", "production_start": 1976.0, "production_end": null, "activity_status": null, "activity_status_year": null, "surface_area_sq_km": null, "concession_area_sq_km": null, "country": "Namibia", "GID_0": "NAM", "GID_1": "NAM.2_1", "GID_2": "NAM.2.1_1", "GID_3": null, "GID_4": null, "source_id": "det_1065", "comment": null, "Reserves_data": [ { "id": 803, "year": 2018, "material": NaN, "commodity": "Me.U", "mineral_value_tonnes": 72000000.0, "commodity_value_tonnes": NaN, "grade_ppm": NaN, "source_id": "det_1065", "comment": NaN } ], "index_right": 3122, "ISO3_CODE": "NAM", "COUNTRY_NAME": "Namibia", "AREA": 15.958537741524902, "distance": 0.0 }, "geometry": { "type": "MultiPoint", "coordinates": [ [ 1675136.588013107189909, -2569134.511094965972006 ] ] } },
{ "type": "Feature", "properties": { "facility_id": "COM00844.00", "facility_name": "Morro da Mina", "facility_other_names": null, "facility_type": "Mine", "primary_commodity": "Other (poly)-metallic", "commodities_products": "Manganese", "facility_equipment": "Open pit", "production_start": 1902.0, "production_end": null, "activity_status": null, "activity_status_year": null, "surface_area_sq_km": null, "concession_area_sq_km": null, "country": "Brazil", "GID_0": "BRA", "GID_1": "BRA.13_1", "GID_2": "BRA.13.204_1", "GID_3": "BRA.13.204.2_1", "GID_4": null, "source_id": "det_1159", "comment": null, "Reserves_data": [ { "id": 594, "year": 2019, "material": "O.Mn", "commodity": "Me.Mn", "mineral_value_tonnes": 8300000.000000001, "commodity_value_tonnes": NaN, "grade_ppm": NaN, "source_id": "det_1159", "comment": NaN } ], "index_right": 3138, "ISO3_CODE": "BRA", "COUNTRY_NAME": "Brazil", "AREA": 1.0304642819893441, "distance": 0.0 }, "geometry": { "type": "MultiPoint", "coordinates": [ [ -4872394.774059966206551, -2348213.145209421869367 ] ] } },
{ "type": "Feature", "properties": { "facility_id": "COM00886.00", "facility_name": "Navachab", "facility_other_names": null, "facility_type": "Mine", "primary_commodity": "Gold", "commodities_products": "Gold", "facility_equipment": null, "production_start": null, "production_end": null, "activity_status": null, "activity_status_year": null, "surface_area_sq_km": null, "concession_area_sq_km": null, "country": "Namibia", "GID_0": "NAM", "GID_1": "NAM.2_1", "GID_2": "NAM.2.3_1", "GID_3": null, "GID_4": null, "source_id": "det_1057", "comment": "Was sold in 2014 to QKR Corp Ltd.", "Reserves_data": [ { "id": 621, "year": 2013, "material": "O.Au", "commodity": "Me.Au", "mineral_value_tonnes": 46340000.0, "commodity_value_tonnes": 54.4310844096, "grade_ppm": 1.29, "source_id": "det_2851", "comment": NaN } ], "index_right": 3150, "ISO3_CODE": "NAM", "COUNTRY_NAME": "Namibia", "AREA": 7.716336187830537, "distance": 0.0 }, "geometry": { "type": "MultiPoint", "coordinates": [ [ 1755046.716749655315652, -2509585.288492149673402 ] ] } },
{ "type": "Feature", "properties": { "facility_id": "COM01323.00", "facility_name": "Urucum", "facility_other_names": null, "facility_type": "Mine", "primary_commodity": "Iron", "commodities_products": "Iron, Manganese", "facility_equipment": "Open Pit, Underground, Benefication Plant", "production_start": null, "production_end": null, "activity_status": null, "activity_status_year": null, "surface_area_sq_km": null, "concession_area_sq_km": null, "country": "Brazil", "GID_0": "BRA", "GID_1": "BRA.11_1", "GID_2": "BRA.11.68_1", "GID_3": "BRA.11.68.1_1", "GID_4": null, "source_id": "det_1159", "comment": "Part of Vale's Midwestern System", "Reserves_data": [ { "id": 972, "year": 2016, "material": "O.Mn", "commodity": "Me.Mn", "mineral_value_tonnes": 10100000.0, "commodity_value_tonnes": NaN, "grade_ppm": NaN, "source_id": "det_1160", "comment": NaN } ], "index_right": 3205, "ISO3_CODE": "BRA", "COUNTRY_NAME": "Brazil", "AREA": 1.9390580544691614, "distance": 238.48377715359626 }, "geometry": { "type": "MultiPoint", "coordinates": [ [ -6413438.481171224266291, -2177214.927842040546238 ] ] } },
{ "type": "Feature", "properties": { "facility_id": "COM00210.00", "facility_name": "Casa de Pedra", "facility_other_names": null, "facility_type": "Mine", "primary_commodity": "Iron", "commodities_products": "Iron", "facility_equipment": "Open pit", "production_start": 1913.0, "production_end": null, "activity_status": null, "activity_status_year": null, "surface_area_sq_km": null, "concession_area_sq_km": null, "country": "Brazil", "GID_0": "BRA", "GID_1": "BRA.13_1", "GID_2": "BRA.13.202_1", "GID_3": "BRA.13.202.2_1", "GID_4": null, "source_id": "det_1222", "comment": null, "Reserves_data": [ { "id": 128, "year": 2019, "material": "O.Fe", "commodity": "Me.Fe", "mineral_value_tonnes": 2828000000.0, "commodity_value_tonnes": NaN, "grade_ppm": NaN, "source_id": "det_1222", "comment": "856 (Proven) + 1662 (Probable) ; 101 (Proven) + 209 (Probable)" } ], "index_right": 3210, "ISO3_CODE": "BRA", "COUNTRY_NAME": "Brazil", "AREA": 22.609921337074617, "distance": 0.0 }, "geometry": { "type": "MultiPoint", "coordinates": [ [ -4886506.839636446908116, -2330707.488599399570376 ] ] } },
{ "type": "Feature", "properties": { "facility_id": "COM01329.00", "facility_name": "Vargem Grande", "facility_other_names": null, "facility_type": "Mine, Refinery", "primary_commodity": "Iron", "commodities_products": "Iron, Iron ore pellets", "facility_equipment": "Open Pit, Benefication Plant", "production_start": null, "production_end": null, "activity_status": null, "activity_status_year": null, "surface_area_sq_km": null, "concession_area_sq_km": null, "country": "Brazil", "GID_0": "BRA", "GID_1": "BRA.13_1", "GID_2": "BRA.13.523_1", "GID_3": "BRA.13.523.1_1", "GID_4": null, "source_id": "det_1159", "comment": "Part of Vale's Southern System", "Reserves_data": [ { "id": 974, "year": 2019, "material": "O.Fe", "commodity": "Me.Fe", "mineral_value_tonnes": 3488800000.0, "commodity_value_tonnes": NaN, "grade_ppm": NaN, "source_id": "det_1159", "comment": NaN } ], "index_right": 3224, "ISO3_CODE": "BRA", "COUNTRY_NAME": "Brazil", "AREA": 3.2499506688436384, "distance": 0.0 }, "geometry": { "type": "MultiPoint", "coordinates": [ [ -4891916.430916620418429, -2283808.208199151325971 ] ] } },
{ "type": "Feature", "properties": { "facility_id": "COM00056.00", "facility_name": "Araxa", "facility_other_names": null, "facility_type": "Mine, Refinery", "primary_commodity": "Other mine", "commodities_products": "Phosphate", "facility_equipment": "Open pit", "production_start": null, "production_end": null, "activity_status": null, "activity_status_year": null, "surface_area_sq_km": null, "concession_area_sq_km": null, "country": "Brazil", "GID_0": "BRA", "GID_1": "BRA.13_1", "GID_2": "BRA.13.804_1", "GID_3": "BRA.13.804.1_1", "GID_4": null, "source_id": "det_1161", "comment": null, "Reserves_data": [ { "id": 36, "year": 2013, "material": "O.P", "commodity": "Nm.PO", "mineral_value_tonnes": 132100000.0, "commodity_value_tonnes": NaN, "grade_ppm": NaN, "source_id": "det_1162", "comment": NaN } ], "index_right": 3250, "ISO3_CODE": "BRA", "COUNTRY_NAME": "Brazil", "AREA": 24.835781487439188, "distance": 0.0 }, "geometry": { "type": "MultiPoint", "coordinates": [ [ -5215377.727257572114468, -2254271.783757251687348 ] ] } },
{ "type": "Feature", "properties": { "facility_id": "COM01259.00", "facility_name": "Tapira", "facility_other_names": null, "facility_type": "Mine", "primary_commodity": "Other mine", "commodities_products": "Phosphate", "facility_equipment": "Open pit", "production_start": null, "production_end": null, "activity_status": null, "activity_status_year": null, "surface_area_sq_km": null, "concession_area_sq_km": null, "country": "Brazil", "GID_0": "BRA", "GID_1": "BRA.13_1", "GID_2": "BRA.13.804_1", "GID_3": "BRA.13.804.1_1", "GID_4": null, "source_id": "det_1161", "comment": null, "Reserves_data": [ { "id": 914, "year": 2013, "material": "O.P", "commodity": "Nm.PO", "mineral_value_tonnes": 680900000.0, "commodity_value_tonnes": NaN, "grade_ppm": NaN, "source_id": "det_1162", "comment": NaN } ], "index_right": 3250, "ISO3_CODE": "BRA", "COUNTRY_NAME": "Brazil", "AREA": 24.835781487439188, "distance": 0.0 }, "geometry": { "type": "MultiPoint", "coordinates": [ [ -5215606.238507038913667, -2254433.769161679316312 ] ] } },
{ "type": "Feature", "properties": { "facility_id": "COM00818.00", "facility_name": "Minas Centrais", "facility_other_names": null, "facility_type": "Mine", "primary_commodity": "Iron", "commodities_products": "Iron", "facility_equipment": "Open Pit, Benefication Plant", "production_start": null, "production_end": null, "activity_status": null, "activity_status_year": null, "surface_area_sq_km": null, "concession_area_sq_km": null, "country": "Brazil", "GID_0": "BRA", "GID_1": "BRA.13_1", "GID_2": "BRA.13.58_1 ; BRA.13.651_1 ; BRA.13.662_1 ; BRA.13.725_1", "GID_3": "BRA.13.58.1_1 ; BRA.13.651.2_1 ; BRA.13.662.2_1 ; BRA.13.725.1_1", "GID_4": null, "source_id": "det_1159", "comment": "Part of Vale's Southeastern System", "Reserves_data": [ { "id": 564, "year": 2019, "material": "O.Fe", "commodity": "Me.Fe", "mineral_value_tonnes": 769000000.0, "commodity_value_tonnes": NaN, "grade_ppm": NaN, "source_id": "det_1159", "comment": NaN } ], "index_right": 3267, "ISO3_CODE": "BRA", "COUNTRY_NAME": "Brazil", "AREA": 0.57760042932102051, "distance": 0.0 }, "geometry": { "type": "MultiPoint", "coordinates": [ [ -4808374.057083610445261, -2265713.924434921238571 ] ] } },
{ "type": "Feature", "properties": { "facility_id": "COM00007.00", "facility_name": "AGA Mineracao", "facility_other_names": null, "facility_type": "Mine", "primary_commodity": "Gold", "commodities_products": "Gold", "facility_equipment": "Underground, Open pit, Heap leaching plant", "production_start": null, "production_end": null, "activity_status": null, "activity_status_year": null, "surface_area_sq_km": null, "concession_area_sq_km": null, "country": "Brazil", "GID_0": "BRA", "GID_1": "BRA.13_1", "GID_2": "BRA.13.662_1 ; BRA.13.672_1", "GID_3": "BRA.13.662.2_1 ; BRA.13.662.4_1 ; BRA.13.672.1_1 ; BRA.13.672.2_1", "GID_4": null, "source_id": "det_1057", "comment": null, "Reserves_data": [ { "id": 7, "year": 2018, "material": "O.Au", "commodity": "Me.Au", "mineral_value_tonnes": 10730000.0, "commodity_value_tonnes": 48.194189321, "grade_ppm": 4.932516309412861, "source_id": "det_2833", "comment": NaN }, { "id": 8, "year": 2018, "material": "O.Au", "commodity": "Nm.S", "mineral_value_tonnes": 8760000.0, "commodity_value_tonnes": 370584.96629, "grade_ppm": 42636.98630136986, "source_id": "det_2833", "comment": NaN } ], "index_right": 3302, "ISO3_CODE": "BRA", "COUNTRY_NAME": "Brazil", "AREA": 0.83033756029600847, "distance": 0.0 }, "geometry": { "type": "MultiPoint", "coordinates": [ [ -4869010.792108229361475, -2257367.722846736665815 ] ] } },
{ "type": "Feature", "properties": { "facility_id": "COM00847.00", "facility_name": "Morro Velho", "facility_other_names": null, "facility_type": "Mine", "primary_commodity": "Gold", "commodities_products": "Gold", "facility_equipment": null, "production_start": null, "production_end": null, "activity_status": null, "activity_status_year": null, "surface_area_sq_km": null, "concession_area_sq_km": null, "country": "Brazil", "GID_0": "BRA", "GID_1": "BRA.13_1", "GID_2": "BRA.13.662_1", "GID_3": "BRA.13.662.2_1", "GID_4": null, "source_id": "det_1062", "comment": null, "Reserves_data": [ { "id": 595, "year": 2002, "material": "O.Au", "commodity": "Me.Au", "mineral_value_tonnes": 7400000.0, "commodity_value_tonnes": 48.194189321, "grade_ppm": 7.27, "source_id": "det_2870", "comment": NaN } ], "index_right": 3302, "ISO3_CODE": "BRA", "COUNTRY_NAME": "Brazil", "AREA": 0.83033756029600847, "distance": 537.85356285461125 }, "geometry": { "type": "MultiPoint", "coordinates": [ [ -4869327.310080010443926, -2256384.390800927765667 ] ] } },
{ "type": "Feature", "properties": { "facility_id": "COM00774.00", "facility_name": "Mariana", "facility_other_names": null, "facility_type": "Mine", "primary_commodity": "Iron", "commodities_products": "Iron", "facility_equipment": "Open Pit, Benefication Plant", "production_start": null, "production_end": null, "activity_status": null, "activity_status_year": null, "surface_area_sq_km": null, "concession_area_sq_km": null, "country": "Brazil", "GID_0": "BRA", "GID_1": "BRA.13_1", "GID_2": "BRA.13.463_1 ; BRA.13.543_1", "GID_3": "BRA.13.463.10_1 ; BRA.13.543.2_1", "GID_4": null, "source_id": "det_1159", "comment": "Part of Vale's Southeastern System", "Reserves_data": [ { "id": 533, "year": 2019, "material": "O.Fe", "commodity": "Me.Fe", "mineral_value_tonnes": 3096300000.0, "commodity_value_tonnes": NaN, "grade_ppm": NaN, "source_id": "det_1159", "comment": NaN } ], "index_right": 3322, "ISO3_CODE": "BRA", "COUNTRY_NAME": "Brazil", "AREA": 50.235708245443377, "distance": 0.0 }, "geometry": { "type": "MultiPoint", "coordinates": [ [ -4841910.175833330489695, -2292319.828768969513476 ] ] } },
{ "type": "Feature", "properties": { "facility_id": "COM00962.00", "facility_name": "Paraopeba", "facility_other_names": null, "facility_type": "Mine", "primary_commodity": "Iron", "commodities_products": "Iron", "facility_equipment": "Open Pit, Benefication Plant", "production_start": null, "production_end": null, "activity_status": null, "activity_status_year": null, "surface_area_sq_km": null, "concession_area_sq_km": null, "country": "Brazil", "GID_0": "BRA", "GID_1": "BRA.13_1", "GID_2": "BRA.13.96_1 ; BRA.13.523_1 ; BRA.13.772_1", "GID_3": "BRA.13.96.2_1 ; BRA.13.523.1_1 ; BRA.13.772.1_1", "GID_4": null, "source_id": "det_1159", "comment": "Part of Vale's Southern System", "Reserves_data": [ { "id": 678, "year": 2019, "material": "O.Fe", "commodity": "Me.Fe", "mineral_value_tonnes": 621500000.0, "commodity_value_tonnes": NaN, "grade_ppm": NaN, "source_id": "det_1159", "comment": NaN } ], "index_right": 3334, "ISO3_CODE": "BRA", "COUNTRY_NAME": "Brazil", "AREA": 11.545234148773153, "distance": 0.0 }, "geometry": { "type": "MultiPoint", "coordinates": [ [ -4908644.08472232054919, -2284170.745412055402994 ] ] } },
{ "type": "Feature", "properties": { "facility_id": "COM00035.00", "facility_name": "Ambatovy", "facility_other_names": "Ambatovy Joint Venture", "facility_type": "Mine, Refinery", "primary_commodity": "Nickel", "commodities_products": "Nickel, Cobalt", "facility_equipment": null, "production_start": 2011.0, "production_end": null, "activity_status": null, "activity_status_year": null, "surface_area_sq_km": null, "concession_area_sq_km": null, "country": "Madagascar", "GID_0": "MDG", "GID_1": "MDG.5_1", "GID_2": "MDG.5.1_1", "GID_3": "MDG.5.1.5_1", "GID_4": "MDG.5.1.5.18_1", "source_id": "det_1432", "comment": null, "Reserves_data": [ { "id": 23, "year": 2019, "material": "M.lat", "commodity": "Me.Co", "mineral_value_tonnes": 124500000.0, "commodity_value_tonnes": 99600.0, "grade_ppm": 800.0, "source_id": "det_1432", "comment": NaN }, { "id": 24, "year": 2019, "material": "M.lat", "commodity": "Me.Ni", "mineral_value_tonnes": 124500000.0, "commodity_value_tonnes": 1096000.0, "grade_ppm": 8800.0, "source_id": "det_1432", "comment": NaN } ], "index_right": 3373, "ISO3_CODE": "MDG", "COUNTRY_NAME": "Madagascar", "AREA": 7.5823163140906855, "distance": 436.48428173708811 }, "geometry": { "type": "MultiPoint", "coordinates": [ [ 5378094.508351348340511, -2134526.703878378029913 ] ] } },
{ "type": "Feature", "properties": { "facility_id": "COM00305.00", "facility_name": "Cuajone", "facility_other_names": null, "facility_type": "Mine", "primary_commodity": "Copper", "commodities_products": "Copper, Molybdenum, Silver", "facility_equipment": "Open pit, SX plant", "production_start": 1976.0, "production_end": null, "activity_status": null, "activity_status_year": null, "surface_area_sq_km": null, "concession_area_sq_km": null, "country": "Peru", "GID_0": "PER", "GID_1": "PER.19_1", "GID_2": "PER.19.3_1", "GID_3": "PER.19.3.6_1", "GID_4": null, "source_id": "det_1014", "comment": null, "Reserves_data": [ { "id": 214, "year": 2018, "material": "O.sul", "commodity": "Me.Cu", "mineral_value_tonnes": 1766131000.0, "commodity_value_tonnes": NaN, "grade_ppm": NaN, "source_id": "det_2840", "comment": NaN }, { "id": 215, "year": 2018, "material": "O.sul", "commodity": "Me.Mo", "mineral_value_tonnes": 1766131000.0, "commodity_value_tonnes": NaN, "grade_ppm": NaN, "source_id": "det_2840", "comment": NaN }, { "id": 216, "year": 2019, "material": "O.oxi", "commodity": "Me.Cu", "mineral_value_tonnes": 1262000.0, "commodity_value_tonnes": NaN, "grade_ppm": NaN, "source_id": "det_1014", "comment": NaN } ], "index_right": 3374, "ISO3_CODE": "PER", "COUNTRY_NAME": "Peru", "AREA": 40.904874800428281, "distance": 0.0 }, "geometry": { "type": "MultiPoint", "coordinates": [ [ -7870839.25320284999907, -1925295.880148098338395 ] ] } },
{ "type": "Feature", "properties": { "facility_id": "COM01290.00", "facility_name": "Toquepala", "facility_other_names": null, "facility_type": "Mine", "primary_commodity": "Copper", "commodities_products": "Copper, Molybdenum, Copper Cathode, Silver", "facility_equipment": "Open pit, SX-EW plant", "production_start": 1960.0, "production_end": null, "activity_status": null, "activity_status_year": null, "surface_area_sq_km": null, "concession_area_sq_km": null, "country": "Peru", "GID_0": "PER", "GID_1": "PER.24_1", "GID_2": "PER.24.2_1", "GID_3": "PER.24.2.1_1", "GID_4": null, "source_id": "det_1014", "comment": null, "Reserves_data": [ { "id": 946, "year": 2018, "material": "O.sul", "commodity": "Me.Cu", "mineral_value_tonnes": 2064661000.0, "commodity_value_tonnes": NaN, "grade_ppm": NaN, "source_id": "det_2840", "comment": NaN }, { "id": 947, "year": 2018, "material": "O.sul", "commodity": "Me.Mo", "mineral_value_tonnes": 2064661000.0, "commodity_value_tonnes": NaN, "grade_ppm": NaN, "source_id": "det_2840", "comment": NaN } ], "index_right": 3380, "ISO3_CODE": "PER", "COUNTRY_NAME": "Peru", "AREA": 47.321219774877157, "distance": 0.0 }, "geometry": { "type": "MultiPoint", "coordinates": [ [ -7859598.322342035360634, -1950274.621457759290934 ] ] } },
{ "type": "Feature", "properties": { "facility_id": "COM00583.00", "facility_name": "Itabira", "facility_other_names": null, "facility_type": "Mine", "primary_commodity": "Gold", "commodities_products": "Iron, Gold", "facility_equipment": "Open Pit, Benefication Plant", "production_start": null, "production_end": null, "activity_status": null, "activity_status_year": null, "surface_area_sq_km": null, "concession_area_sq_km": null, "country": "Brazil", "GID_0": "BRA", "GID_1": "BRA.13_1", "GID_2": "BRA.13.364_1", "GID_3": "BRA.13.364.2_1", "GID_4": null, "source_id": "det_1159", "comment": "Part of Vale's Southeastern System", "Reserves_data": [ { "id": 384, "year": 2019, "material": "O.Fe", "commodity": "Me.Fe", "mineral_value_tonnes": 796200000.0, "commodity_value_tonnes": NaN, "grade_ppm": NaN, "source_id": "det_1159", "comment": NaN } ], "index_right": 3381, "ISO3_CODE": "BRA", "COUNTRY_NAME": "Brazil", "AREA": 56.415642302702224, "distance": 0.0 }, "geometry": { "type": "MultiPoint", "coordinates": [ [ -4811023.014375561848283, -2225808.698273693211377 ] ] } },
{ "type": "Feature", "properties": { "facility_id": "COM00816.00", "facility_name": "Mimosa", "facility_other_names": null, "facility_type": "Mine", "primary_commodity": "Other (poly)-metallic", "commodities_products": "PGM", "facility_equipment": "Underground", "production_start": null, "production_end": null, "activity_status": null, "activity_status_year": null, "surface_area_sq_km": null, "concession_area_sq_km": 65.94, "country": "Zimbabwe", "GID_0": "ZWE", "GID_1": "ZWE.10_1", "GID_2": "ZWE.10.8_1", "GID_3": null, "GID_4": null, "source_id": "det_1092", "comment": null, "Reserves_data": [ { "id": 562, "year": 2018, "material": "O.pgm", "commodity": "Me.pgm", "mineral_value_tonnes": 610800000.0, "commodity_value_tonnes": 2191.36143890274, "grade_ppm": 3.9, "source_id": "det_1093", "comment": NaN } ], "index_right": 3392, "ISO3_CODE": "ZWE", "COUNTRY_NAME": "Zimbabwe", "AREA": 0.78876059039110191, "distance": 0.0 }, "geometry": { "type": "MultiPoint", "coordinates": [ [ 3320140.25891066994518, -2311916.750900089740753 ] ] } },
{ "type": "Feature", "properties": { "facility_id": "COM01320.00", "facility_name": "Unki", "facility_other_names": null, "facility_type": "Mine", "primary_commodity": "Other (poly)-metallic", "commodities_products": "Platinum, Palladium", "facility_equipment": null, "production_start": null, "production_end": null, "activity_status": null, "activity_status_year": null, "surface_area_sq_km": null, "concession_area_sq_km": null, "country": "Zimbabwe", "GID_0": "ZWE", "GID_1": "ZWE.10_1", "GID_2": "ZWE.10.7_1", "GID_3": null, "GID_4": null, "source_id": "det_1103", "comment": null, "Reserves_data": [ { "id": 971, "year": 2018, "material": "O.pgm", "commodity": "Me.pgm", "mineral_value_tonnes": 52500000.0, "commodity_value_tonnes": 158.757329528, "grade_ppm": 3.3, "source_id": "det_1103", "comment": NaN } ], "index_right": 3403, "ISO3_CODE": "ZWE", "COUNTRY_NAME": "Zimbabwe", "AREA": 0.72802383566215823, "distance": 0.0 }, "geometry": { "type": "MultiPoint", "coordinates": [ [ 3350144.179000282660127, -2228383.015224794391543 ] ] } },
{ "type": "Feature", "properties": { "facility_id": "COM00233.00", "facility_name": "Cerro Verde", "facility_other_names": null, "facility_type": "Mine", "primary_commodity": "Copper", "commodities_products": "Copper, Molybdenum, Silver", "facility_equipment": "Open pit, SX-EW", "production_start": 1976.0, "production_end": null, "activity_status": null, "activity_status_year": null, "surface_area_sq_km": null, "concession_area_sq_km": 736.5358, "country": "Peru", "GID_0": "PER", "GID_1": "PER.4_1", "GID_2": "PER.4.1_1", "GID_3": "PER.4.1.29_1", "GID_4": null, "source_id": "det_1167", "comment": null, "Reserves_data": [ { "id": 159, "year": 2019, "material": "O.bulk", "commodity": "Me.Ag", "mineral_value_tonnes": 4170000000.0, "commodity_value_tonnes": NaN, "grade_ppm": NaN, "source_id": "det_1167", "comment": NaN }, { "id": 160, "year": 2019, "material": "O.bulk", "commodity": "Me.Cu", "mineral_value_tonnes": 4265000000.0, "commodity_value_tonnes": NaN, "grade_ppm": NaN, "source_id": "det_1167", "comment": NaN }, { "id": 161, "year": 2019, "material": "O.bulk", "commodity": "Me.Mo", "mineral_value_tonnes": 4170000000.0, "commodity_value_tonnes": NaN, "grade_ppm": NaN, "source_id": "det_1167", "comment": NaN } ], "index_right": 3421, "ISO3_CODE": "PER", "COUNTRY_NAME": "Peru", "AREA": 40.538138425561435, "distance": 0.0 }, "geometry": { "type": "MultiPoint", "coordinates": [ [ -7968063.225168999284506, -1867140.679907468147576 ] ] } },
{ "type": "Feature", "properties": { "facility_id": "COM01255.00", "facility_name": "Tambomayo", "facility_other_names": null, "facility_type": "Mine", "primary_commodity": "Gold", "commodities_products": "Gold, Silver, Lead, Zinc", "facility_equipment": "Underground", "production_start": 2016.0, "production_end": null, "activity_status": null, "activity_status_year": null, "surface_area_sq_km": null, "concession_area_sq_km": null, "country": "Peru", "GID_0": "PER", "GID_1": "PER.4_1", "GID_2": "PER.4.5_1", "GID_3": "PER.4.5.16_1", "GID_4": null, "source_id": "det_1333", "comment": null, "Reserves_data": [ { "id": 906, "year": 2019, "material": "O.bulk", "commodity": "Me.Ag", "mineral_value_tonnes": 2445606.0, "commodity_value_tonnes": NaN, "grade_ppm": NaN, "source_id": "det_1631", "comment": NaN }, { "id": 907, "year": 2019, "material": "O.bulk", "commodity": "Me.Au", "mineral_value_tonnes": 2445606.0, "commodity_value_tonnes": NaN, "grade_ppm": NaN, "source_id": "det_1631", "comment": NaN }, { "id": 908, "year": 2019, "material": "O.bulk", "commodity": "Me.Pb", "mineral_value_tonnes": 2445606.0, "commodity_value_tonnes": NaN, "grade_ppm": NaN, "source_id": "det_1631", "comment": NaN }, { "id": 909, "year": 2019, "material": "O.bulk", "commodity": "Me.Zn", "mineral_value_tonnes": 2445606.0, "commodity_value_tonnes": NaN, "grade_ppm": NaN, "source_id": "det_1631", "comment": NaN } ], "index_right": 3514, "ISO3_CODE": "PER", "COUNTRY_NAME": "Peru", "AREA": 1.1086327487302496, "distance": 0.0 }, "geometry": { "type": "MultiPoint", "coordinates": [ [ -8005601.493298380635679, -1743337.392566580791026 ] ] } },
{ "type": "Feature", "properties": { "facility_id": "COM01006.00", "facility_name": "Poracota", "facility_other_names": null, "facility_type": "Mine", "primary_commodity": "Gold", "commodities_products": "Gold, Silver", "facility_equipment": "Underground", "production_start": 2007.0, "production_end": null, "activity_status": null, "activity_status_year": null, "surface_area_sq_km": null, "concession_area_sq_km": null, "country": "Peru", "GID_0": "PER", "GID_1": "PER.4_1", "GID_2": "PER.4.6_1", "GID_3": "PER.4.6.7_1", "GID_4": null, "source_id": "det_1343", "comment": null, "Reserves_data": [ { "id": 715, "year": 2013, "material": "O.bulk", "commodity": "Me.Ag", "mineral_value_tonnes": 107600.0, "commodity_value_tonnes": NaN, "grade_ppm": NaN, "source_id": "det_1343", "comment": NaN }, { "id": 716, "year": 2013, "material": "O.bulk", "commodity": "Me.Au", "mineral_value_tonnes": 107600.0, "commodity_value_tonnes": NaN, "grade_ppm": NaN, "source_id": "det_1343", "comment": NaN } ], "index_right": 3533, "ISO3_CODE": "PER", "COUNTRY_NAME": "Peru", "AREA": 0.22845614285098823, "distance": 2040.99118451662 }, "geometry": { "type": "MultiPoint", "coordinates": [ [ -8074049.567664751783013, -1717733.864745889091864 ] ] } },
{ "type": "Feature", "properties": { "facility_id": "COM00942.00", "facility_name": "Orcopampa", "facility_other_names": null, "facility_type": "Mine", "primary_commodity": "Gold", "commodities_products": "Gold, Silver, Copper", "facility_equipment": "Underground, Carbon-in-leach plant", "production_start": 1967.0, "production_end": null, "activity_status": null, "activity_status_year": null, "surface_area_sq_km": null, "concession_area_sq_km": null, "country": "Peru", "GID_0": "PER", "GID_1": "PER.4_1", "GID_2": "PER.4.4_1", "GID_3": "PER.4.4.9_1", "GID_4": null, "source_id": "det_1334", "comment": null, "Reserves_data": [ { "id": 667, "year": 2019, "material": "O.bulk", "commodity": "Me.Ag", "mineral_value_tonnes": 626276.0, "commodity_value_tonnes": NaN, "grade_ppm": NaN, "source_id": "det_1631", "comment": NaN }, { "id": 668, "year": 2019, "material": "O.bulk", "commodity": "Me.Au", "mineral_value_tonnes": 626276.0, "commodity_value_tonnes": NaN, "grade_ppm": NaN, "source_id": "det_1631", "comment": NaN } ], "index_right": 3540, "ISO3_CODE": "PER", "COUNTRY_NAME": "Peru", "AREA": 0.97852730603317817, "distance": 0.0 }, "geometry": { "type": "MultiPoint", "coordinates": [ [ -8052206.307228809222579, -1721166.105653988895938 ] ] } },
{ "type": "Feature", "properties": { "facility_id": "COM00890.00", "facility_name": "New Clydesdale", "facility_other_names": "New Clydesdale Colliery, NCC", "facility_type": "Mine", "primary_commodity": "Coal", "commodities_products": "Thermal coal", "facility_equipment": "Open pit, Underground", "production_start": 2017.0, "production_end": null, "activity_status": null, "activity_status_year": null, "surface_area_sq_km": null, "concession_area_sq_km": null, "country": "South Africa", "GID_0": "ZAF", "GID_1": "ZAF.6_1", "GID_2": "ZAF.6.3_1", "GID_3": "ZAF.6.3.3_1", "GID_4": "ZAF.6.3.3.18_1", "source_id": "det_1546", "comment": null, "Reserves_data": [ { "id": 626, "year": 2020, "material": "F.stc", "commodity": NaN, "mineral_value_tonnes": 47500000.0, "commodity_value_tonnes": NaN, "grade_ppm": NaN, "source_id": "det_1546", "comment": NaN } ], "index_right": 3586, "ISO3_CODE": "ZAF", "COUNTRY_NAME": "South Africa", "AREA": 1.4194184673846644, "distance": 0.0 }, "geometry": { "type": "MultiPoint", "coordinates": [ [ 3263469.99274296592921, -3015886.253716708626598 ] ] } },
{ "type": "Feature", "properties": { "facility_id": "COM00194.00", "facility_name": "Cajati", "facility_other_names": null, "facility_type": "Mine", "primary_commodity": "Other mine", "commodities_products": "Phosphate", "facility_equipment": "Open pit", "production_start": null, "production_end": null, "activity_status": null, "activity_status_year": null, "surface_area_sq_km": null, "concession_area_sq_km": null, "country": "Brazil", "GID_0": "BRA", "GID_1": "BRA.25_1", "GID_2": "BRA.25.104_1", "GID_3": "BRA.25.104.1_1", "GID_4": null, "source_id": "det_1161", "comment": null, "Reserves_data": [ { "id": 113, "year": 2013, "material": "O.P", "commodity": "Nm.PO", "mineral_value_tonnes": 114400000.0, "commodity_value_tonnes": NaN, "grade_ppm": NaN, "source_id": "det_1162", "comment": NaN } ], "index_right": 3597, "ISO3_CODE": "BRA", "COUNTRY_NAME": "Brazil", "AREA": 7.5939015702840935, "distance": 0.0 }, "geometry": { "type": "MultiPoint", "coordinates": [ [ -5357661.866934799589217, -2840129.842283776961267 ] ] } },
{ "type": "Feature", "properties": { "facility_id": "COM00285.00", "facility_name": "Cooke", "facility_other_names": null, "facility_type": "Mine", "primary_commodity": "Gold", "commodities_products": "Gold", "facility_equipment": "Underground, Open pit", "production_start": null, "production_end": null, "activity_status": null, "activity_status_year": null, "surface_area_sq_km": null, "concession_area_sq_km": null, "country": "South Africa", "GID_0": "ZAF", "GID_1": "ZAF.3_1", "GID_2": "ZAF.3.5_1", "GID_3": "ZAF.3.5.3_1 ; ZAF.3.5.4_1", "GID_4": "ZAF.3.5.3.6_1 ; ZAF.3.5.4.1_1 ; ZAF.3.5.4.4_1 ; ZAF.3.5.4.8_1", "source_id": "det_1092", "comment": null, "Reserves_data": [ { "id": 201, "year": 2018, "material": "O.Au", "commodity": "Me.Au", "mineral_value_tonnes": 17200000.0, "commodity_value_tonnes": 4.50757417767, "grade_ppm": 0.3063953488372093, "source_id": "det_1093", "comment": NaN } ], "index_right": 3604, "ISO3_CODE": "ZAF", "COUNTRY_NAME": "South Africa", "AREA": 2.4301863957378234, "distance": 887.48556249236321 }, "geometry": { "type": "MultiPoint", "coordinates": [ [ 3087935.34898541867733, -3030419.392685682047158 ] ] } },
{ "type": "Feature", "properties": { "facility_id": "COM00615.00", "facility_name": "Kangala", "facility_other_names": "Kangala Colliery", "facility_type": "Mine", "primary_commodity": "Coal", "commodities_products": "Thermal coal", "facility_equipment": "Open pit", "production_start": 2014.0, "production_end": null, "activity_status": null, "activity_status_year": null, "surface_area_sq_km": null, "concession_area_sq_km": null, "country": "South Africa", "GID_0": "ZAF", "GID_1": "ZAF.6_1", "GID_2": "ZAF.6.3_1", "GID_3": "ZAF.6.3.6_1", "GID_4": "ZAF.6.3.6.7_1", "source_id": "det_1546", "comment": null, "Reserves_data": [ { "id": 406, "year": 2020, "material": "F.stc", "commodity": NaN, "mineral_value_tonnes": 1300000.0, "commodity_value_tonnes": NaN, "grade_ppm": NaN, "source_id": "det_1546", "comment": NaN } ], "index_right": 3608, "ISO3_CODE": "ZAF", "COUNTRY_NAME": "South Africa", "AREA": 4.4400387258555094, "distance": 0.0 }, "geometry": { "type": "MultiPoint", "coordinates": [ [ 3191750.725454223807901, -3022315.950565154198557 ] ] } },
{ "type": "Feature", "properties": { "facility_id": "COM01313.00", "facility_name": "Ubuntu", "facility_other_names": null, "facility_type": "Mine", "primary_commodity": "Coal", "commodities_products": "Thermal coal", "facility_equipment": null, "production_start": 2020.0, "production_end": null, "activity_status": null, "activity_status_year": null, "surface_area_sq_km": null, "concession_area_sq_km": null, "country": "South Africa", "GID_0": "ZAF", "GID_1": "ZAF.6_1", "GID_2": "ZAF.6.3_1", "GID_3": "ZAF.6.3.6_1", "GID_4": "ZAF.6.3.6.7_1", "source_id": "det_1546", "comment": null, "Reserves_data": [ { "id": 965, "year": 2020, "material": "F.stc", "commodity": NaN, "mineral_value_tonnes": 9000000.0, "commodity_value_tonnes": NaN, "grade_ppm": NaN, "source_id": "det_1546", "comment": NaN } ], "index_right": 3614, "ISO3_CODE": "ZAF", "COUNTRY_NAME": "South Africa", "AREA": 3.649709636216492, "distance": 1697.458686588792 }, "geometry": { "type": "MultiPoint", "coordinates": [ [ 3213059.688627161551267, -3023079.227653007488698 ] ] } },
{ "type": "Feature", "properties": { "facility_id": "COM00483.00", "facility_name": "Goedgevonden", "facility_other_names": "GGV", "facility_type": "Mine", "primary_commodity": "Coal", "commodities_products": "Thermal coal", "facility_equipment": "Open pit", "production_start": null, "production_end": null, "activity_status": null, "activity_status_year": null, "surface_area_sq_km": null, "concession_area_sq_km": null, "country": "South Africa", "GID_0": "ZAF", "GID_1": "ZAF.6_1", "GID_2": "ZAF.6.3_1", "GID_3": "ZAF.6.3.3_1", "GID_4": "ZAF.6.3.3.24_1", "source_id": "det_1267", "comment": null, "Reserves_data": [ { "id": 311, "year": 2019, "material": "F.stc", "commodity": NaN, "mineral_value_tonnes": 290000000.0, "commodity_value_tonnes": NaN, "grade_ppm": NaN, "source_id": "det_1265", "comment": NaN } ], "index_right": 3632, "ISO3_CODE": "ZAF", "COUNTRY_NAME": "South Africa", "AREA": 35.732560261313466, "distance": 0.0 }, "geometry": { "type": "MultiPoint", "coordinates": [ [ 3236703.072295878548175, -3010328.439337138552219 ] ] } },
{ "type": "Feature", "properties": { "facility_id": "COM00639.00", "facility_name": "Khutala", "facility_other_names": null, "facility_type": "Mine", "primary_commodity": "Coal", "commodities_products": "Thermal coal", "facility_equipment": null, "production_start": null, "production_end": null, "activity_status": null, "activity_status_year": null, "surface_area_sq_km": null, "concession_area_sq_km": null, "country": "South Africa", "GID_0": "ZAF", "GID_1": "ZAF.6_1", "GID_2": "ZAF.6.3_1", "GID_3": "ZAF.6.3.3_1", "GID_4": "ZAF.6.3.3.24_1", "source_id": "det_1136", "comment": null, "Reserves_data": [ { "id": 432, "year": 2019, "material": "F.stc", "commodity": NaN, "mineral_value_tonnes": 47200000.0, "commodity_value_tonnes": NaN, "grade_ppm": NaN, "source_id": "det_1147", "comment": NaN } ], "index_right": 3632, "ISO3_CODE": "ZAF", "COUNTRY_NAME": "South Africa", "AREA": 35.732560261313466, "distance": 1874.1075235975045 }, "geometry": { "type": "MultiPoint", "coordinates": [ [ 3228710.833794629666954, -3014423.192469747271389 ] ] } },
{ "type": "Feature", "properties": { "facility_id": "COM00272.00", "facility_name": "Codelco Norte", "facility_other_names": null, "facility_type": "Mine", "primary_commodity": "Copper", "commodities_products": "Copper, Copper cathodes, Molybdenum, Gold, Silver", "facility_equipment": "Open pit", "production_start": 1997.0, "production_end": null, "activity_status": null, "activity_status_year": null, "surface_area_sq_km": null, "concession_area_sq_km": null, "country": "Chile", "GID_0": "CHL", "GID_1": "CHL.2_1", "GID_2": "CHL.2.2_1", "GID_3": "CHL.2.2.1_1", "GID_4": null, "source_id": "det_1171", "comment": null, "Reserves_data": [ { "id": 190, "year": 2018, "material": "O.Cu", "commodity": "Me.Cu", "mineral_value_tonnes": 3229000000.0, "commodity_value_tonnes": 19100000.0, "grade_ppm": 5928.12016104057, "source_id": "det_1171", "comment": NaN } ], "index_right": 3633, "ISO3_CODE": "CHL", "COUNTRY_NAME": "Chile", "AREA": 178.48700007333392, "distance": 0.0 }, "geometry": { "type": "MultiPoint", "coordinates": [ [ -7671687.99343426246196, -2548475.894975712057203 ] ] } },
{ "type": "Feature", "properties": { "facility_id": "COM00824.00", "facility_name": "Ministro Hales", "facility_other_names": "División Ministro Hales", "facility_type": "Mine", "primary_commodity": "Copper", "commodities_products": "Copper, Silver, Calcine", "facility_equipment": "Open pit", "production_start": 2010.0, "production_end": null, "activity_status": null, "activity_status_year": null, "surface_area_sq_km": null, "concession_area_sq_km": null, "country": "Chile", "GID_0": "CHL", "GID_1": "CHL.2_1", "GID_2": "CHL.2.2_1", "GID_3": "CHL.2.2.1_1", "GID_4": null, "source_id": "det_1171", "comment": null, "Reserves_data": [ { "id": 569, "year": 2018, "material": "O.bulk", "commodity": "Me.Cu", "mineral_value_tonnes": 185000000.0, "commodity_value_tonnes": 1700000.0, "grade_ppm": 9100.0, "source_id": "det_1171", "comment": NaN } ], "index_right": 3633, "ISO3_CODE": "CHL", "COUNTRY_NAME": "Chile", "AREA": 178.48700007333392, "distance": 0.0 }, "geometry": { "type": "MultiPoint", "coordinates": [ [ -7671074.723770382814109, -2557439.585305465385318 ] ] } },
{ "type": "Feature", "properties": { "facility_id": "COM00283.00", "facility_name": "Constancia", "facility_other_names": null, "facility_type": "Mine", "primary_commodity": "Copper", "commodities_products": "Copper, Molybdenum, Gold, Silver", "facility_equipment": "Open pit", "production_start": 2014.0, "production_end": null, "activity_status": null, "activity_status_year": null, "surface_area_sq_km": null, "concession_area_sq_km": null, "country": "Peru", "GID_0": "PER", "GID_1": "PER.8_1", "GID_2": "PER.8.6_1", "GID_3": "PER.8.6.8_1", "GID_4": null, "source_id": "det_1150", "comment": null, "Reserves_data": [ { "id": 197, "year": 2019, "material": "O.bulk", "commodity": "Me.Ag", "mineral_value_tonnes": 493800000.0, "commodity_value_tonnes": NaN, "grade_ppm": NaN, "source_id": "det_2849", "comment": NaN }, { "id": 198, "year": 2019, "material": "O.bulk", "commodity": "Me.Au", "mineral_value_tonnes": 493800000.0, "commodity_value_tonnes": NaN, "grade_ppm": NaN, "source_id": "det_2849", "comment": NaN }, { "id": 199, "year": 2019, "material": "O.bulk", "commodity": "Me.Cu", "mineral_value_tonnes": 493800000.0, "commodity_value_tonnes": NaN, "grade_ppm": NaN, "source_id": "det_2849", "comment": NaN }, { "id": 200, "year": 2019, "material": "O.bulk", "commodity": "Me.Mo", "mineral_value_tonnes": 493800000.0, "commodity_value_tonnes": NaN, "grade_ppm": NaN, "source_id": "det_2849", "comment": NaN } ], "index_right": 3690, "ISO3_CODE": "PER", "COUNTRY_NAME": "Peru", "AREA": 23.308545591684926, "distance": 0.0 }, "geometry": { "type": "MultiPoint", "coordinates": [ [ -7992075.451590307988226, -1627459.537170791532844 ] ] } },
{ "type": "Feature", "properties": { "facility_id": "COM00050.00", "facility_name": "Antapite", "facility_other_names": null, "facility_type": "Mine", "primary_commodity": "Gold", "commodities_products": "Gold, Silver", "facility_equipment": "Underground", "production_start": 2001.0, "production_end": null, "activity_status": null, "activity_status_year": null, "surface_area_sq_km": null, "concession_area_sq_km": null, "country": "Peru", "GID_0": "PER", "GID_1": "PER.9_1", "GID_2": "PER.9.6_1", "GID_3": "PER.9.6.6_1", "GID_4": null, "source_id": "det_1344", "comment": null, "Reserves_data": [ { "id": 30, "year": 2013, "material": "O.bulk", "commodity": "Me.Au", "mineral_value_tonnes": 37547.0, "commodity_value_tonnes": NaN, "grade_ppm": NaN, "source_id": "det_1343", "comment": NaN } ], "index_right": 3698, "ISO3_CODE": "PER", "COUNTRY_NAME": "Peru", "AREA": 1.1148095293524201, "distance": 0.0 }, "geometry": { "type": "MultiPoint", "coordinates": [ [ -8356873.008317416533828, -1571216.258213184308261 ] ] } },
{ "type": "Feature", "properties": { "facility_id": "COM00708.00", "facility_name": "Las Bambas", "facility_other_names": null, "facility_type": "Mine", "primary_commodity": "Copper", "commodities_products": "Copper, Gold, Silver, Molybdenum", "facility_equipment": "Open pit", "production_start": null, "production_end": null, "activity_status": null, "activity_status_year": null, "surface_area_sq_km": null, "concession_area_sq_km": null, "country": "Peru", "GID_0": "PER", "GID_1": "PER.3_1", "GID_2": "PER.3.6_1", "GID_3": "PER.3.6.1_1 ; PER.3.6.3_1", "GID_4": null, "source_id": "det_1100", "comment": null, "Reserves_data": [ { "id": 491, "year": 2018, "material": "O.bulk", "commodity": "Me.Ag", "mineral_value_tonnes": 1047300000.0, "commodity_value_tonnes": NaN, "grade_ppm": NaN, "source_id": "det_2852", "comment": NaN }, { "id": 492, "year": 2018, "material": "O.bulk", "commodity": "Me.Au", "mineral_value_tonnes": 1045000000.0, "commodity_value_tonnes": NaN, "grade_ppm": NaN, "source_id": "det_2852", "comment": NaN }, { "id": 493, "year": 2018, "material": "O.bulk", "commodity": "Me.Cu", "mineral_value_tonnes": 1047300000.0, "commodity_value_tonnes": NaN, "grade_ppm": NaN, "source_id": "det_2852", "comment": NaN }, { "id": 494, "year": 2018, "material": "O.bulk", "commodity": "Me.Mo", "mineral_value_tonnes": 1047300000.0, "commodity_value_tonnes": NaN, "grade_ppm": NaN, "source_id": "det_2852", "comment": NaN } ], "index_right": 3701, "ISO3_CODE": "PER", "COUNTRY_NAME": "Peru", "AREA": 38.610342379294366, "distance": 0.0 }, "geometry": { "type": "MultiPoint", "coordinates": [ [ -8052358.62939806189388, -1584467.647037966875359 ] ] } },
{ "type": "Feature", "properties": { "facility_id": "COM00104.00", "facility_name": "Batu Hijau", "facility_other_names": null, "facility_type": "Mine", "primary_commodity": "Copper", "commodities_products": "Gold, Copper, Silver", "facility_equipment": "Open pit", "production_start": null, "production_end": null, "activity_status": null, "activity_status_year": null, "surface_area_sq_km": null, "concession_area_sq_km": null, "country": "Indonesia", "GID_0": "IDN", "GID_1": "IDN.20_1", "GID_2": "IDN.20.9_1", "GID_3": "IDN.20.9.6_1", "GID_4": "IDN.20.9.6.7_1", "source_id": "det_1013", "comment": null, "Reserves_data": [ { "id": 52, "year": 2015, "material": "O.bulk", "commodity": "Me.Ag", "mineral_value_tonnes": 658350515.4639175, "commodity_value_tonnes": 523.7355176907217, "grade_ppm": 0.8058260943560288, "source_id": "det_1013", "comment": NaN }, { "id": 53, "year": 2015, "material": "O.bulk", "commodity": "Me.Au", "mineral_value_tonnes": 658350515.4639175, "commodity_value_tonnes": 156.06850806185568, "grade_ppm": 0.2283499484436172, "source_id": "det_1013", "comment": NaN }, { "id": 54, "year": 2015, "material": "O.bulk", "commodity": "Me.Cu", "mineral_value_tonnes": 658350515.4639175, "commodity_value_tonnes": 2440981.62, "grade_ppm": NaN, "source_id": "det_1013", "comment": NaN } ], "index_right": 3717, "ISO3_CODE": "IDN", "COUNTRY_NAME": "Indonesia", "AREA": 35.203074136928954, "distance": 0.0 }, "geometry": { "type": "MultiPoint", "coordinates": [ [ 13008666.945649433881044, -1002327.440666044712998 ] ] } },
{ "type": "Feature", "properties": { "facility_id": "COM01008.00", "facility_name": "Porgera", "facility_other_names": null, "facility_type": "Mine", "primary_commodity": "Gold", "commodities_products": "Gold", "facility_equipment": "Open pit, Underground", "production_start": null, "production_end": null, "activity_status": null, "activity_status_year": null, "surface_area_sq_km": null, "concession_area_sq_km": null, "country": "Papua New Guinea", "GID_0": "PNG", "GID_1": "PNG.7_1", "GID_2": "PNG.7.3_1", "GID_3": null, "GID_4": null, "source_id": "det_1032", "comment": null, "Reserves_data": [ { "id": 719, "year": 2018, "material": "O.Au", "commodity": "Me.Au", "mineral_value_tonnes": 27882105.263157897, "commodity_value_tonnes": 125.3347332631579, "grade_ppm": 4.93, "source_id": "det_1035", "comment": NaN } ], "index_right": 3718, "ISO3_CODE": "PNG", "COUNTRY_NAME": "Papua New Guinea", "AREA": 10.813648459193441, "distance": 0.0 }, "geometry": { "type": "MultiPoint", "coordinates": [ [ 15929012.066209195181727, -609133.378369877114892 ] ] } },
{ "type": "Feature", "properties": { "facility_id": "COM01366.00", "facility_name": "Wetar", "facility_other_names": "Wetar/Morowali", "facility_type": "Mine", "primary_commodity": "Copper", "commodities_products": "Copper", "facility_equipment": "Open pit, SX-EW plant", "production_start": 2010.0, "production_end": null, "activity_status": null, "activity_status_year": null, "surface_area_sq_km": null, "concession_area_sq_km": null, "country": "Indonesia", "GID_0": "IDN", "GID_1": "IDN.19_1", "GID_2": "IDN.19.5_1", "GID_3": "IDN.19.5.8_1", "GID_4": "IDN.19.5.8.22_1", "source_id": "det_1534", "comment": null, "Reserves_data": [ { "id": 992, "year": 2019, "material": "O.Cu", "commodity": "Me.Cu", "mineral_value_tonnes": 8340000.0, "commodity_value_tonnes": 113500.0, "grade_ppm": 13287.769784172662, "source_id": "det_2473", "comment": NaN } ], "index_right": 3725, "ISO3_CODE": "IDN", "COUNTRY_NAME": "Indonesia", "AREA": 1.2105028503453108, "distance": 0.0 }, "geometry": { "type": "MultiPoint", "coordinates": [ [ 14062944.058871848508716, -860439.140993946464732 ] ] } },
{ "type": "Feature", "properties": { "facility_id": "COM00830.00", "facility_name": "Moatize", "facility_other_names": null, "facility_type": "Mine", "primary_commodity": "Coal", "commodities_products": "Coal, Metallurgical coal, Thermal coal", "facility_equipment": "Open pit", "production_start": 2011.0, "production_end": null, "activity_status": null, "activity_status_year": null, "surface_area_sq_km": null, "concession_area_sq_km": null, "country": "Mozambique", "GID_0": "MOZ", "GID_1": "MOZ.10_1", "GID_2": "MOZ.10.9_1", "GID_3": "MOZ.10.9.2_1", "GID_4": null, "source_id": "det_1159", "comment": null, "Reserves_data": [ { "id": 579, "year": 2019, "material": "F.coal", "commodity": NaN, "mineral_value_tonnes": 913800000.0, "commodity_value_tonnes": NaN, "grade_ppm": NaN, "source_id": "det_1159", "comment": NaN } ], "index_right": 3728, "ISO3_CODE": "MOZ", "COUNTRY_NAME": "Mozambique", "AREA": 42.767862009949923, "distance": 0.0 }, "geometry": { "type": "MultiPoint", "coordinates": [ [ 3762564.47838025726378, -1823372.430929480819032 ] ] } },
{ "type": "Feature", "properties": { "facility_id": "COM01071.00", "facility_name": "Recuperada", "facility_other_names": null, "facility_type": "Mine", "primary_commodity": "Silver", "commodities_products": "Silver, Lead, Zinc", "facility_equipment": "Underground", "production_start": null, "production_end": null, "activity_status": null, "activity_status_year": null, "surface_area_sq_km": null, "concession_area_sq_km": null, "country": "Peru", "GID_0": "PER", "GID_1": "PER.9_1", "GID_2": "PER.9.5_1", "GID_3": "PER.9.5.5_1", "GID_4": null, "source_id": "det_1343", "comment": null, "Reserves_data": [ { "id": 777, "year": 2013, "material": "O.bulk", "commodity": "Me.Ag", "mineral_value_tonnes": 63594.0, "commodity_value_tonnes": NaN, "grade_ppm": NaN, "source_id": "det_1343", "comment": NaN }, { "id": 778, "year": 2013, "material": "O.bulk", "commodity": "Me.Pb", "mineral_value_tonnes": 63594.0, "commodity_value_tonnes": NaN, "grade_ppm": NaN, "source_id": "det_1343", "comment": NaN }, { "id": 779, "year": 2013, "material": "O.bulk", "commodity": "Me.Zn", "mineral_value_tonnes": 63594.0, "commodity_value_tonnes": NaN, "grade_ppm": NaN, "source_id": "det_1343", "comment": NaN } ], "index_right": 3744, "ISO3_CODE": "PER", "COUNTRY_NAME": "Peru", "AREA": 1.0177552100772012, "distance": 0.0 }, "geometry": { "type": "MultiPoint", "coordinates": [ [ -8343431.183412093669176, -1470571.327021344797686 ] ] } },
{ "type": "Feature", "properties": { "facility_id": "COM00100.00", "facility_name": "Barro Alto", "facility_other_names": null, "facility_type": "Mine", "primary_commodity": "Nickel", "commodities_products": "Nickel, Manganese", "facility_equipment": null, "production_start": null, "production_end": null, "activity_status": null, "activity_status_year": null, "surface_area_sq_km": null, "concession_area_sq_km": null, "country": "Brazil", "GID_0": "BRA", "GID_1": "BRA.9_1", "GID_2": "BRA.9.33_1", "GID_3": "BRA.9.33.1_1", "GID_4": null, "source_id": "det_1103", "comment": null, "Reserves_data": [ { "id": 51, "year": 2018, "material": "O.Ni", "commodity": "Me.Ni", "mineral_value_tonnes": 52000000.0, "commodity_value_tonnes": 682000.0, "grade_ppm": 13100.0, "source_id": "det_1103", "comment": NaN } ], "index_right": 3746, "ISO3_CODE": "BRA", "COUNTRY_NAME": "Brazil", "AREA": 2.8746917251692712, "distance": 0.0 }, "geometry": { "type": "MultiPoint", "coordinates": [ [ -5448378.868434661999345, -1697917.375235148472711 ] ] } },
{ "type": "Feature", "properties": { "facility_id": "COM00603.00", "facility_name": "Julcani", "facility_other_names": null, "facility_type": "Mine", "primary_commodity": "Silver", "commodities_products": "Gold, Silver, Lead, Copper", "facility_equipment": "Underground", "production_start": 1953.0, "production_end": null, "activity_status": null, "activity_status_year": null, "surface_area_sq_km": null, "concession_area_sq_km": null, "country": "Peru", "GID_0": "PER", "GID_1": "PER.9_1", "GID_2": "PER.9.2_1", "GID_3": "PER.9.2.3_1", "GID_4": null, "source_id": "det_1336", "comment": null, "Reserves_data": [ { "id": 395, "year": 2019, "material": "O.bulk", "commodity": "Me.Ag", "mineral_value_tonnes": 255097.0, "commodity_value_tonnes": NaN, "grade_ppm": NaN, "source_id": "det_1631", "comment": NaN }, { "id": 396, "year": 2019, "material": "O.bulk", "commodity": "Me.Au", "mineral_value_tonnes": 255097.0, "commodity_value_tonnes": NaN, "grade_ppm": NaN, "source_id": "det_1631", "comment": NaN }, { "id": 397, "year": 2019, "material": "O.bulk", "commodity": "Me.Cu", "mineral_value_tonnes": 255097.0, "commodity_value_tonnes": NaN, "grade_ppm": NaN, "source_id": "det_1631", "comment": NaN }, { "id": 398, "year": 2019, "material": "O.bulk", "commodity": "Me.Pb", "mineral_value_tonnes": 255097.0, "commodity_value_tonnes": NaN, "grade_ppm": NaN, "source_id": "det_1631", "comment": NaN } ], "index_right": 3774, "ISO3_CODE": "PER", "COUNTRY_NAME": "Peru", "AREA": 1.0481220206111956, "distance": 0.0 }, "geometry": { "type": "MultiPoint", "coordinates": [ [ -8327218.842025979422033, -1452860.444599049398676 ] ] } },
{ "type": "Feature", "properties": { "facility_id": "COM01153.00", "facility_name": "Serra Grande", "facility_other_names": "Crixas", "facility_type": "Mine", "primary_commodity": "Gold", "commodities_products": "Gold", "facility_equipment": null, "production_start": null, "production_end": null, "activity_status": null, "activity_status_year": null, "surface_area_sq_km": null, "concession_area_sq_km": null, "country": "Brazil", "GID_0": "BRA", "GID_1": "BRA.9_1", "GID_2": "BRA.9.73_1", "GID_3": "BRA.9.73.2_1", "GID_4": null, "source_id": "det_1058", "comment": "In Kinross reports, it is called Crixas mine, in Anglo Gold Ashanti reports it is called Serra Grande", "Reserves_data": [ { "id": 839, "year": 2018, "material": "O.Au", "commodity": "Me.Au", "mineral_value_tonnes": 3830000.0, "commodity_value_tonnes": 11.0563140207, "grade_ppm": 3.15, "source_id": "det_2833", "comment": NaN } ], "index_right": 3778, "ISO3_CODE": "BRA", "COUNTRY_NAME": "Brazil", "AREA": 0.70823483196548942, "distance": 0.0 }, "geometry": { "type": "MultiPoint", "coordinates": [ [ -5562236.402114386670291, -1640302.112914522411302 ] ] } },
{ "type": "Feature", "properties": { "facility_id": "COM01399.00", "facility_name": "Yauricocha", "facility_other_names": null, "facility_type": "Mine", "primary_commodity": "Zinc", "commodities_products": "Silver, Gold, Zinc, Lead, Copper", "facility_equipment": "Underground", "production_start": 1948.0, "production_end": null, "activity_status": null, "activity_status_year": null, "surface_area_sq_km": null, "concession_area_sq_km": null, "country": "Peru", "GID_0": "PER", "GID_1": "PER.16_1", "GID_2": "PER.16.9_1", "GID_3": "PER.16.9.1_1", "GID_4": null, "source_id": "det_1385", "comment": null, "Reserves_data": [ { "id": 1016, "year": 2019, "material": "O.bulk", "commodity": "Me.Ag", "mineral_value_tonnes": 8439000.0, "commodity_value_tonnes": 357.203991438, "grade_ppm": 46.49, "source_id": "det_1385", "comment": NaN }, { "id": 1017, "year": 2019, "material": "O.bulk", "commodity": "Me.Au", "mineral_value_tonnes": 8439000.0, "commodity_value_tonnes": 3.855535128, "grade_ppm": 0.5, "source_id": "det_1385", "comment": NaN }, { "id": 1018, "year": 2019, "material": "O.bulk", "commodity": "Me.Cu", "mineral_value_tonnes": 8439000.0, "commodity_value_tonnes": 95163.679226, "grade_ppm": 11299.999999999998, "source_id": "det_1385", "comment": NaN }, { "id": 1019, "year": 2019, "material": "O.bulk", "commodity": "Me.Pb", "mineral_value_tonnes": 8439000.0, "commodity_value_tonnes": 65544.097465, "grade_ppm": 7800.0, "source_id": "det_1385", "comment": NaN }, { "id": 1020, "year": 2019, "material": "O.bulk", "commodity": "Me.Zn", "mineral_value_tonnes": 8439000.0, "commodity_value_tonnes": 259454.83564, "grade_ppm": 30700.0, "source_id": "det_1385", "comment": NaN } ], "index_right": 3786, "ISO3_CODE": "PER", "COUNTRY_NAME": "Peru", "AREA": 0.078762171091105934, "distance": 0.0 }, "geometry": { "type": "MultiPoint", "coordinates": [ [ -8429323.349899182096124, -1381065.84738491801545 ] ] } },
{ "type": "Feature", "properties": { "facility_id": "COM01300.00", "facility_name": "Tujuh Bukit", "facility_other_names": null, "facility_type": "Mine", "primary_commodity": "Gold", "commodities_products": "Gold, Copper", "facility_equipment": "Open pit, leaching plant", "production_start": 2017.0, "production_end": null, "activity_status": null, "activity_status_year": null, "surface_area_sq_km": null, "concession_area_sq_km": null, "country": "Indonesia", "GID_0": "IDN", "GID_1": "IDN.11_1", "GID_2": "IDN.11.2_1", "GID_3": "IDN.11.2.14_1", "GID_4": "IDN.11.2.14.4_1", "source_id": "det_1533", "comment": null, "Reserves_data": [ { "id": 954, "year": 2019, "material": "O.Au", "commodity": "Me.Ag", "mineral_value_tonnes": 35990000.0, "commodity_value_tonnes": 996.457383927, "grade_ppm": 30.768824673520424, "source_id": "det_2473", "comment": NaN }, { "id": 955, "year": 2019, "material": "O.Au", "commodity": "Me.Au", "mineral_value_tonnes": 35990000.0, "commodity_value_tonnes": 24.692434533, "grade_ppm": 0.752167268685746, "source_id": "det_2473", "comment": NaN } ], "index_right": 3812, "ISO3_CODE": "IDN", "COUNTRY_NAME": "Indonesia", "AREA": 1.5724005321317285, "distance": 0.0 }, "geometry": { "type": "MultiPoint", "coordinates": [ [ 12694814.667034761980176, -963703.287649316014722 ] ] } },
{ "type": "Feature", "properties": { "facility_id": "COM01398.00", "facility_name": "Yauli", "facility_other_names": "Yauli UEA", "facility_type": "Mine", "primary_commodity": "Zinc", "commodities_products": "Zinc, Silver, Lead, Copper", "facility_equipment": "Open pit, Underground", "production_start": null, "production_end": null, "activity_status": null, "activity_status_year": null, "surface_area_sq_km": null, "concession_area_sq_km": null, "country": "Peru", "GID_0": "PER", "GID_1": "PER.12_1", "GID_2": "PER.12.9_1", "GID_3": "PER.12.9.10_1", "GID_4": null, "source_id": "det_1374", "comment": null, "Reserves_data": [ { "id": 1012, "year": 2018, "material": "O.bulk", "commodity": "Me.Ag", "mineral_value_tonnes": 21500000.0, "commodity_value_tonnes": NaN, "grade_ppm": NaN, "source_id": "det_1374", "comment": NaN }, { "id": 1013, "year": 2018, "material": "O.bulk", "commodity": "Me.Cu", "mineral_value_tonnes": 21500000.0, "commodity_value_tonnes": NaN, "grade_ppm": NaN, "source_id": "det_1374", "comment": NaN }, { "id": 1014, "year": 2018, "material": "O.bulk", "commodity": "Me.Pb", "mineral_value_tonnes": 21500000.0, "commodity_value_tonnes": NaN, "grade_ppm": NaN, "source_id": "det_1374", "comment": NaN }, { "id": 1015, "year": 2018, "material": "O.bulk", "commodity": "Me.Zn", "mineral_value_tonnes": 21500000.0, "commodity_value_tonnes": NaN, "grade_ppm": NaN, "source_id": "det_1374", "comment": NaN } ], "index_right": 3829, "ISO3_CODE": "PER", "COUNTRY_NAME": "Peru", "AREA": 3.7102424493862034, "distance": 0.0 }, "geometry": { "type": "MultiPoint", "coordinates": [ [ -8470433.839157791808248, -1309599.56965989083983 ] ] } },
{ "type": "Feature", "properties": { "facility_id": "COM00842.00", "facility_name": "Morococha", "facility_other_names": null, "facility_type": "Mine", "primary_commodity": "Silver", "commodities_products": "Silver, Gold, Zinc, Lead, Copper", "facility_equipment": "Underground", "production_start": null, "production_end": null, "activity_status": null, "activity_status_year": null, "surface_area_sq_km": null, "concession_area_sq_km": 105.22, "country": "Peru", "GID_0": "PER", "GID_1": "PER.12_1", "GID_2": "PER.12.9_1", "GID_3": "PER.12.9.5_1", "GID_4": null, "source_id": "det_1380", "comment": null, "Reserves_data": [ { "id": 590, "year": 2019, "material": "O.bulk", "commodity": "Me.Ag", "mineral_value_tonnes": 6825568.797399783, "commodity_value_tonnes": NaN, "grade_ppm": NaN, "source_id": "det_1380", "comment": NaN }, { "id": 591, "year": 2019, "material": "O.bulk", "commodity": "Me.Cu", "mineral_value_tonnes": 6825568.797399783, "commodity_value_tonnes": NaN, "grade_ppm": NaN, "source_id": "det_1380", "comment": NaN }, { "id": 592, "year": 2019, "material": "O.bulk", "commodity": "Me.Pb", "mineral_value_tonnes": 6825568.797399783, "commodity_value_tonnes": NaN, "grade_ppm": NaN, "source_id": "det_1380", "comment": NaN }, { "id": 593, "year": 2019, "material": "O.bulk", "commodity": "Me.Zn", "mineral_value_tonnes": 6825568.797399783, "commodity_value_tonnes": NaN, "grade_ppm": NaN, "source_id": "det_1380", "comment": NaN } ], "index_right": 3834, "ISO3_CODE": "PER", "COUNTRY_NAME": "Peru", "AREA": 29.525874808950064, "distance": 0.0 }, "geometry": { "type": "MultiPoint", "coordinates": [ [ -8475939.844954194501042, -1299847.196596043650061 ] ] } },
{ "type": "Feature", "properties": { "facility_id": "COM00024.00", "facility_name": "Alpamarca", "facility_other_names": "Alpamarca UEA", "facility_type": "Mine", "primary_commodity": "Silver", "commodities_products": "Zinc, Silver, Lead, Copper", "facility_equipment": "Open pit, Underground", "production_start": null, "production_end": 2018.0, "activity_status": null, "activity_status_year": null, "surface_area_sq_km": null, "concession_area_sq_km": null, "country": "Peru", "GID_0": "PER", "GID_1": "PER.12_1", "GID_2": "PER.12.9_1", "GID_3": "PER.12.9.7_1", "GID_4": null, "source_id": "det_1375", "comment": null, "Reserves_data": [ { "id": 18, "year": 2018, "material": "O.bulk", "commodity": "Me.Ag", "mineral_value_tonnes": 2500000.0, "commodity_value_tonnes": NaN, "grade_ppm": NaN, "source_id": "det_1374", "comment": NaN }, { "id": 19, "year": 2018, "material": "O.bulk", "commodity": "Me.Cu", "mineral_value_tonnes": 2500000.0, "commodity_value_tonnes": NaN, "grade_ppm": NaN, "source_id": "det_1374", "comment": NaN }, { "id": 20, "year": 2018, "material": "O.bulk", "commodity": "Me.Pb", "mineral_value_tonnes": 2500000.0, "commodity_value_tonnes": NaN, "grade_ppm": NaN, "source_id": "det_1374", "comment": NaN }, { "id": 21, "year": 2018, "material": "O.bulk", "commodity": "Me.Zn", "mineral_value_tonnes": 2500000.0, "commodity_value_tonnes": NaN, "grade_ppm": NaN, "source_id": "det_1374", "comment": NaN } ], "index_right": 3838, "ISO3_CODE": "PER", "COUNTRY_NAME": "Peru", "AREA": 0.99624920187761612, "distance": 0.0 }, "geometry": { "type": "MultiPoint", "coordinates": [ [ -8511596.312751460820436, -1257452.409284508321434 ] ] } },
{ "type": "Feature", "properties": { "facility_id": "COM00547.00", "facility_name": "Huaron", "facility_other_names": null, "facility_type": "Mine", "primary_commodity": "Silver", "commodities_products": "Silver, Gold, Zinc, Lead, Copper", "facility_equipment": "Underground", "production_start": null, "production_end": null, "activity_status": null, "activity_status_year": null, "surface_area_sq_km": null, "concession_area_sq_km": 293.44, "country": "Peru", "GID_0": "PER", "GID_1": "PER.20_1", "GID_2": "PER.20.3_1", "GID_3": "PER.20.3.4_1", "GID_4": null, "source_id": "det_1380", "comment": null, "Reserves_data": [ { "id": 364, "year": 2019, "material": "O.bulk", "commodity": "Me.Ag", "mineral_value_tonnes": 9900000.0, "commodity_value_tonnes": NaN, "grade_ppm": NaN, "source_id": "det_1380", "comment": NaN }, { "id": 365, "year": 2019, "material": "O.bulk", "commodity": "Me.Cu", "mineral_value_tonnes": 9900000.0, "commodity_value_tonnes": NaN, "grade_ppm": NaN, "source_id": "det_1380", "comment": NaN }, { "id": 366, "year": 2019, "material": "O.bulk", "commodity": "Me.Pb", "mineral_value_tonnes": 9900000.0, "commodity_value_tonnes": NaN, "grade_ppm": NaN, "source_id": "det_1380", "comment": NaN }, { "id": 367, "year": 2019, "material": "O.bulk", "commodity": "Me.Zn", "mineral_value_tonnes": 9900000.0, "commodity_value_tonnes": NaN, "grade_ppm": NaN, "source_id": "det_1380", "comment": NaN } ], "index_right": 3856, "ISO3_CODE": "PER", "COUNTRY_NAME": "Peru", "AREA": 2.3434688776265378, "distance": 0.0 }, "geometry": { "type": "MultiPoint", "coordinates": [ [ -8506081.91253188252449, -1232724.43449192517437 ] ] } },
{ "type": "Feature", "properties": { "facility_id": "COM00257.00", "facility_name": "Chungar", "facility_other_names": "Chungar UEA", "facility_type": "Mine", "primary_commodity": "Zinc", "commodities_products": "Zinc, Silver, Lead, Copper", "facility_equipment": "Underground", "production_start": null, "production_end": null, "activity_status": null, "activity_status_year": null, "surface_area_sq_km": null, "concession_area_sq_km": null, "country": "Peru", "GID_0": "PER", "GID_1": "PER.20_1", "GID_2": "PER.20.3_1", "GID_3": "PER.20.3.4_1", "GID_4": null, "source_id": "det_1374", "comment": null, "Reserves_data": [ { "id": 175, "year": 2018, "material": "O.bulk", "commodity": "Me.Ag", "mineral_value_tonnes": 8300000.000000001, "commodity_value_tonnes": NaN, "grade_ppm": NaN, "source_id": "det_1374", "comment": NaN }, { "id": 176, "year": 2018, "material": "O.bulk", "commodity": "Me.Cu", "mineral_value_tonnes": 8300000.000000001, "commodity_value_tonnes": NaN, "grade_ppm": NaN, "source_id": "det_1374", "comment": NaN }, { "id": 177, "year": 2018, "material": "O.bulk", "commodity": "Me.Pb", "mineral_value_tonnes": 8300000.000000001, "commodity_value_tonnes": NaN, "grade_ppm": NaN, "source_id": "det_1374", "comment": NaN }, { "id": 178, "year": 2018, "material": "O.bulk", "commodity": "Me.Zn", "mineral_value_tonnes": 8300000.000000001, "commodity_value_tonnes": NaN, "grade_ppm": NaN, "source_id": "det_1374", "comment": NaN } ], "index_right": 3859, "ISO3_CODE": "PER", "COUNTRY_NAME": "Peru", "AREA": 2.6417372167241746, "distance": 0.0 }, "geometry": { "type": "MultiPoint", "coordinates": [ [ -8507535.48904681392014, -1235658.489951214054599 ] ] } },
{ "type": "Feature", "properties": { "facility_id": "COM00773.00", "facility_name": "Marcapunta", "facility_other_names": "Marcapunta Norte", "facility_type": "Mine", "primary_commodity": "Copper", "commodities_products": "Silver, Gold, Copper", "facility_equipment": "Underground", "production_start": null, "production_end": null, "activity_status": null, "activity_status_year": null, "surface_area_sq_km": null, "concession_area_sq_km": null, "country": "Peru", "GID_0": "PER", "GID_1": "PER.20_1", "GID_2": "PER.20.3_1", "GID_3": "PER.20.3.11_1", "GID_4": null, "source_id": "det_1340", "comment": null, "Reserves_data": [ { "id": 530, "year": 2019, "material": "O.bulk", "commodity": "Me.Ag", "mineral_value_tonnes": 34503283.0, "commodity_value_tonnes": NaN, "grade_ppm": NaN, "source_id": "det_1631", "comment": NaN }, { "id": 531, "year": 2019, "material": "O.bulk", "commodity": "Me.Au", "mineral_value_tonnes": 34503283.0, "commodity_value_tonnes": NaN, "grade_ppm": NaN, "source_id": "det_1631", "comment": NaN }, { "id": 532, "year": 2019, "material": "O.bulk", "commodity": "Me.Cu", "mineral_value_tonnes": 34503283.0, "commodity_value_tonnes": NaN, "grade_ppm": NaN, "source_id": "det_1631", "comment": NaN } ], "index_right": 3865, "ISO3_CODE": "PER", "COUNTRY_NAME": "Peru", "AREA": 4.0217407416139999, "distance": 0.0 }, "geometry": { "type": "MultiPoint", "coordinates": [ [ -8493051.161984480917454, -1208778.433513647178188 ] ] } },
{ "type": "Feature", "properties": { "facility_id": "COM00763.00", "facility_name": "Mallay", "facility_other_names": null, "facility_type": "Mine", "primary_commodity": "Silver", "commodities_products": "Silver, Lead, Zinc, Gold", "facility_equipment": null, "production_start": 2012.0, "production_end": null, "activity_status": null, "activity_status_year": null, "surface_area_sq_km": null, "concession_area_sq_km": null, "country": "Peru", "GID_0": "PER", "GID_1": "PER.16_1", "GID_2": "PER.16.8_1", "GID_3": "PER.16.8.5_1", "GID_4": null, "source_id": "det_1341", "comment": null, "Reserves_data": [ { "id": 523, "year": 2017, "material": "O.bulk", "commodity": "Me.Ag", "mineral_value_tonnes": 192890.0, "commodity_value_tonnes": NaN, "grade_ppm": NaN, "source_id": "det_2026", "comment": NaN }, { "id": 524, "year": 2017, "material": "O.bulk", "commodity": "Me.Au", "mineral_value_tonnes": 192890.0, "commodity_value_tonnes": NaN, "grade_ppm": NaN, "source_id": "det_2026", "comment": NaN }, { "id": 525, "year": 2017, "material": "O.bulk", "commodity": "Me.Pb", "mineral_value_tonnes": 192890.0, "commodity_value_tonnes": NaN, "grade_ppm": NaN, "source_id": "det_2026", "comment": NaN }, { "id": 526, "year": 2017, "material": "O.bulk", "commodity": "Me.Zn", "mineral_value_tonnes": 192890.0, "commodity_value_tonnes": NaN, "grade_ppm": NaN, "source_id": "det_2026", "comment": NaN } ], "index_right": 3870, "ISO3_CODE": "PER", "COUNTRY_NAME": "Peru", "AREA": 0.84691037951742854, "distance": 197.86169025051328 }, "geometry": { "type": "MultiPoint", "coordinates": [ [ -8557662.277264755219221, -1195986.386271608062088 ] ] } },
{ "type": "Feature", "properties": { "facility_id": "COM01251.00", "facility_name": "Tajo Norte", "facility_other_names": "Colquijirca", "facility_type": "Mine", "primary_commodity": "Zinc", "commodities_products": "Zinc, Lead, Silver", "facility_equipment": "Open Pit", "production_start": null, "production_end": null, "activity_status": null, "activity_status_year": null, "surface_area_sq_km": null, "concession_area_sq_km": null, "country": "Peru", "GID_0": "PER", "GID_1": "PER.20_1", "GID_2": "PER.20.3_1", "GID_3": "PER.20.3.11_1", "GID_4": null, "source_id": "det_1339", "comment": null, "Reserves_data": [ { "id": 904, "year": 2019, "material": "O.bulk", "commodity": "Me.Ag", "mineral_value_tonnes": 42215608.0, "commodity_value_tonnes": NaN, "grade_ppm": NaN, "source_id": "det_1631", "comment": NaN }, { "id": 905, "year": 2019, "material": "O.bulk", "commodity": "Me.Cu", "mineral_value_tonnes": 42215608.0, "commodity_value_tonnes": NaN, "grade_ppm": NaN, "source_id": "det_1631", "comment": NaN } ], "index_right": 3880, "ISO3_CODE": "PER", "COUNTRY_NAME": "Peru", "AREA": 5.5063847076596666, "distance": 0.0 }, "geometry": { "type": "MultiPoint", "coordinates": [ [ -8490543.669070878997445, -1203979.587450472638011 ] ] } },
{ "type": "Feature", "properties": { "facility_id": "COM00250.00", "facility_name": "Chibuluma South", "facility_other_names": "Chifupu, Chibuluma Mines plc, Chibuluma", "facility_type": "Mine", "primary_commodity": "Copper", "commodities_products": "Copper", "facility_equipment": "Underground, Open pit", "production_start": 2006.0, "production_end": null, "activity_status": null, "activity_status_year": null, "surface_area_sq_km": null, "concession_area_sq_km": null, "country": "Zambia", "GID_0": "ZMB", "GID_1": "ZMB.2_1", "GID_2": "ZMB.2.6_1", "GID_3": null, "GID_4": null, "source_id": "det_1450", "comment": null, "Reserves_data": [ { "id": 168, "year": 2019, "material": "O.Cu", "commodity": "Me.Cu", "mineral_value_tonnes": 250000.0, "commodity_value_tonnes": 6800.0, "grade_ppm": 25200.0, "source_id": "det_1449", "comment": NaN } ], "index_right": 3895, "ISO3_CODE": "ZMB", "COUNTRY_NAME": "Zambia", "AREA": 1.1387714642271618, "distance": 0.0 }, "geometry": { "type": "MultiPoint", "coordinates": [ [ 3125860.006659301463515, -1449393.118204729864374 ] ] } },
{ "type": "Feature", "properties": { "facility_id": "COM00725.00", "facility_name": "Lihir", "facility_other_names": null, "facility_type": "Mine", "primary_commodity": "Gold", "commodities_products": "Gold, Silver", "facility_equipment": "Open pit", "production_start": null, "production_end": null, "activity_status": null, "activity_status_year": null, "surface_area_sq_km": null, "concession_area_sq_km": null, "country": "Papua New Guinea", "GID_0": "PNG", "GID_1": "PNG.16_1", "GID_2": "PNG.16.2_1", "GID_3": null, "GID_4": null, "source_id": "det_1096", "comment": null, "Reserves_data": [ { "id": 501, "year": 2018, "material": "O.Au", "commodity": "Me.Au", "mineral_value_tonnes": 330000000.0, "commodity_value_tonnes": 680.3885551200001, "grade_ppm": 2.3, "source_id": "det_2841", "comment": NaN } ], "index_right": 3921, "ISO3_CODE": "PNG", "COUNTRY_NAME": "Papua New Guinea", "AREA": 7.1052524281265139, "distance": 0.0 }, "geometry": { "type": "MultiPoint", "coordinates": [ [ 16992038.697812344878912, -347891.100898211589083 ] ] } },
{ "type": "Feature", "properties": { "facility_id": "COM00838.00", "facility_name": "Mopani", "facility_other_names": null, "facility_type": "Mine", "primary_commodity": "Copper", "commodities_products": "Copper, Cobalt", "facility_equipment": "Underground", "production_start": null, "production_end": null, "activity_status": null, "activity_status_year": null, "surface_area_sq_km": null, "concession_area_sq_km": null, "country": "Zambia", "GID_0": "ZMB", "GID_1": "ZMB.2_1", "GID_2": "ZMB.2.4_1", "GID_3": null, "GID_4": null, "source_id": "det_1178", "comment": null, "Reserves_data": [ { "id": 585, "year": 2019, "material": "O.Cu", "commodity": "Me.Cu", "mineral_value_tonnes": 1410000.0, "commodity_value_tonnes": NaN, "grade_ppm": NaN, "source_id": "det_2855", "comment": NaN } ], "index_right": 3937, "ISO3_CODE": "ZMB", "COUNTRY_NAME": "Zambia", "AREA": 1.4861987624751221, "distance": 0.0 }, "geometry": { "type": "MultiPoint", "coordinates": [ [ 3136986.937331306748092, -1436425.394627248169854 ] ] } },
{ "type": "Feature", "properties": { "facility_id": "COM00751.00", "facility_name": "Lubambe", "facility_other_names": null, "facility_type": "Mine", "primary_commodity": "Copper", "commodities_products": "Copper", "facility_equipment": "Underground", "production_start": 2013.0, "production_end": null, "activity_status": null, "activity_status_year": null, "surface_area_sq_km": null, "concession_area_sq_km": null, "country": "Zambia", "GID_0": "ZMB", "GID_1": "ZMB.2_1", "GID_2": "ZMB.2.1_1", "GID_3": null, "GID_4": null, "source_id": "det_1164", "comment": null, "Reserves_data": [ { "id": 515, "year": 2016, "material": "O.Cu", "commodity": "Me.Cu", "mineral_value_tonnes": 45400000.0, "commodity_value_tonnes": NaN, "grade_ppm": NaN, "source_id": "det_1160", "comment": NaN } ], "index_right": 3956, "ISO3_CODE": "ZMB", "COUNTRY_NAME": "Zambia", "AREA": 0.59980500889565114, "distance": 0.0 }, "geometry": { "type": "MultiPoint", "coordinates": [ [ 3091082.372846000827849, -1379528.172773465514183 ] ] } },
{ "type": "Feature", "properties": { "facility_id": "COM00648.00", "facility_name": "Kinsenda", "facility_other_names": null, "facility_type": "Mine", "primary_commodity": "Copper", "commodities_products": "Copper", "facility_equipment": "Underground", "production_start": 2018.0, "production_end": null, "activity_status": null, "activity_status_year": null, "surface_area_sq_km": null, "concession_area_sq_km": null, "country": "DR Congo", "GID_0": "COD", "GID_1": "COD.3_1", "GID_2": "COD.3.9_1", "GID_3": null, "GID_4": null, "source_id": "det_1449", "comment": null, "Reserves_data": [ { "id": 436, "year": 2019, "material": "O.Cu", "commodity": "Me.Cu", "mineral_value_tonnes": 5700000.0, "commodity_value_tonnes": 326000.0, "grade_ppm": 57000.0, "source_id": "det_1449", "comment": NaN } ], "index_right": 3958, "ISO3_CODE": "COD", "COUNTRY_NAME": "Democratic Republic of The Congo", "AREA": 0.89763151540454311, "distance": 0.0 }, "geometry": { "type": "MultiPoint", "coordinates": [ [ 3113625.248780532740057, -1374038.687051214743406 ] ] } },
{ "type": "Feature", "properties": { "facility_id": "COM00618.00", "facility_name": "Kansanshi", "facility_other_names": null, "facility_type": "Mine, Smelter", "primary_commodity": "Copper", "commodities_products": "Copper, Gold, Copper cathode", "facility_equipment": "High pressure leaching", "production_start": null, "production_end": null, "activity_status": null, "activity_status_year": null, "surface_area_sq_km": null, "concession_area_sq_km": null, "country": "Zambia", "GID_0": "ZMB", "GID_1": "ZMB.7_1", "GID_2": "ZMB.7.6_1", "GID_3": null, "GID_4": null, "source_id": "det_1089", "comment": null, "Reserves_data": [ { "id": 409, "year": 2017, "material": "O.bulk", "commodity": "Me.AsCu", "mineral_value_tonnes": 1106400000.0, "commodity_value_tonnes": NaN, "grade_ppm": NaN, "source_id": "det_2863", "comment": NaN }, { "id": 410, "year": 2017, "material": "O.bulk", "commodity": "Me.Au", "mineral_value_tonnes": 1153200000.0, "commodity_value_tonnes": NaN, "grade_ppm": NaN, "source_id": "det_2863", "comment": NaN }, { "id": 411, "year": 2017, "material": "O.bulk", "commodity": "Me.Cu", "mineral_value_tonnes": 1153200000.0, "commodity_value_tonnes": NaN, "grade_ppm": NaN, "source_id": "det_2863", "comment": NaN } ], "index_right": 3967, "ISO3_CODE": "ZMB", "COUNTRY_NAME": "Zambia", "AREA": 76.459284829673223, "distance": 0.0 }, "geometry": { "type": "MultiPoint", "coordinates": [ [ 2942601.03940721321851, -1356088.184312477940693 ] ] } },
{ "type": "Feature", "properties": { "facility_id": "COM00048.00", "facility_name": "Antamina", "facility_other_names": null, "facility_type": "Mine", "primary_commodity": "Copper", "commodities_products": "Copper, Zinc, Molybdenum, lead", "facility_equipment": "Open pit", "production_start": null, "production_end": null, "activity_status": null, "activity_status_year": null, "surface_area_sq_km": null, "concession_area_sq_km": null, "country": "Peru", "GID_0": "PER", "GID_1": "PER.2_1", "GID_2": "PER.2.10_1", "GID_3": "PER.2.10.14_1", "GID_4": null, "source_id": "det_1081", "comment": null, "Reserves_data": [ { "id": 26, "year": 2018, "material": "O.bulk", "commodity": "Me.Ag", "mineral_value_tonnes": 489100000.0, "commodity_value_tonnes": NaN, "grade_ppm": NaN, "source_id": "det_1602", "comment": NaN }, { "id": 27, "year": 2018, "material": "O.bulk", "commodity": "Me.Cu", "mineral_value_tonnes": 489100000.0, "commodity_value_tonnes": NaN, "grade_ppm": NaN, "source_id": "det_1602", "comment": NaN }, { "id": 28, "year": 2018, "material": "O.bulk", "commodity": "Me.Mo", "mineral_value_tonnes": 279500000.0, "commodity_value_tonnes": NaN, "grade_ppm": NaN, "source_id": "det_1602", "comment": NaN }, { "id": 29, "year": 2018, "material": "O.bulk", "commodity": "Me.Zn", "mineral_value_tonnes": 209600000.0, "commodity_value_tonnes": NaN, "grade_ppm": NaN, "source_id": "det_1602", "comment": NaN } ], "index_right": 3977, "ISO3_CODE": "PER", "COUNTRY_NAME": "Peru", "AREA": 39.211936009142285, "distance": 0.0 }, "geometry": { "type": "MultiPoint", "coordinates": [ [ -8575645.028182584792376, -1069782.118639278458431 ] ] } },
{ "type": "Feature", "properties": { "facility_id": "COM00982.00", "facility_name": "Pierina", "facility_other_names": null, "facility_type": "Mine", "primary_commodity": "Gold", "commodities_products": "Gold", "facility_equipment": null, "production_start": null, "production_end": null, "activity_status": null, "activity_status_year": null, "surface_area_sq_km": null, "concession_area_sq_km": null, "country": "Peru", "GID_0": "PER", "GID_1": "PER.2_1", "GID_2": "PER.2.9_1", "GID_3": "PER.2.9.5_1", "GID_4": null, "source_id": "det_1043", "comment": null, "Reserves_data": [ { "id": 696, "year": 2008, "material": "O.Au", "commodity": "Me.Ag", "mineral_value_tonnes": 29182000.0, "commodity_value_tonnes": 188.581026996, "grade_ppm": 6.5203903199000015, "source_id": "det_2712", "comment": NaN }, { "id": 697, "year": 2008, "material": "O.Au", "commodity": "Me.Au", "mineral_value_tonnes": 29182000.0, "commodity_value_tonnes": 19.362724209, "grade_ppm": 0.65203903199, "source_id": "det_2712", "comment": NaN } ], "index_right": 3978, "ISO3_CODE": "PER", "COUNTRY_NAME": "Peru", "AREA": 9.4516723369021545, "distance": 0.0 }, "geometry": { "type": "MultiPoint", "coordinates": [ [ -8637026.795781079679728, -1057823.115248980466276 ] ] } },
{ "type": "Feature", "properties": { "facility_id": "COM00588.00", "facility_name": "Jacobina", "facility_other_names": null, "facility_type": "Mine", "primary_commodity": "Gold", "commodities_products": "Gold", "facility_equipment": "Underground", "production_start": 1983.0, "production_end": null, "activity_status": null, "activity_status_year": null, "surface_area_sq_km": null, "concession_area_sq_km": null, "country": "Brazil", "GID_0": "BRA", "GID_1": "BRA.5_1", "GID_2": "BRA.5.209_1", "GID_3": "BRA.5.209.4_1", "GID_4": null, "source_id": "det_1208", "comment": null, "Reserves_data": [ { "id": 390, "year": 2019, "material": "O.Au", "commodity": "Me.Au", "mineral_value_tonnes": 34176000.0, "commodity_value_tonnes": 70.675360839, "grade_ppm": 2.27, "source_id": "det_1917", "comment": NaN } ], "index_right": 3981, "ISO3_CODE": "BRA", "COUNTRY_NAME": "Brazil", "AREA": 0.33947792802526938, "distance": 0.0 }, "geometry": { "type": "MultiPoint", "coordinates": [ [ -4510690.012328539974988, -1261414.42277528392151 ] ] } },
{ "type": "Feature", "properties": { "facility_id": "COM01102.00", "facility_name": "Ruashi", "facility_other_names": null, "facility_type": "Mine", "primary_commodity": "Copper", "commodities_products": "Copper, Cobalt, Copper cathode, Cobalt hydroxide", "facility_equipment": "Open cast, SX-EW plant", "production_start": 2007.0, "production_end": null, "activity_status": null, "activity_status_year": null, "surface_area_sq_km": null, "concession_area_sq_km": null, "country": "DR Congo", "GID_0": "COD", "GID_1": "COD.3_1", "GID_2": "COD.3.6_1", "GID_3": null, "GID_4": null, "source_id": "det_1449", "comment": null, "Reserves_data": [ { "id": 807, "year": 2019, "material": "O.bulk", "commodity": "Me.Co", "mineral_value_tonnes": 12200000.0, "commodity_value_tonnes": 29000.0, "grade_ppm": 2409.8360655737706, "source_id": "det_1449", "comment": NaN }, { "id": 808, "year": 2019, "material": "O.bulk", "commodity": "Me.Cu", "mineral_value_tonnes": 12200000.0, "commodity_value_tonnes": 268000.0, "grade_ppm": 22032.786885245903, "source_id": "det_1449", "comment": NaN } ], "index_right": 3983, "ISO3_CODE": "COD", "COUNTRY_NAME": "Democratic Republic of The Congo", "AREA": 14.94635604165674, "distance": 0.0 }, "geometry": { "type": "MultiPoint", "coordinates": [ [ 3067295.824428378138691, -1301498.190424611559138 ] ] } },
{ "type": "Feature", "properties": { "facility_id": "COM00649.00", "facility_name": "Kinsevere", "facility_other_names": null, "facility_type": "Mine", "primary_commodity": "Copper", "commodities_products": "Copper, Copper cathode", "facility_equipment": "Open pit, HMS, SX-EW", "production_start": 2007.0, "production_end": null, "activity_status": null, "activity_status_year": null, "surface_area_sq_km": null, "concession_area_sq_km": null, "country": "DR Congo", "GID_0": "COD", "GID_1": "COD.3_1", "GID_2": "COD.3.3_1", "GID_3": null, "GID_4": null, "source_id": "det_1098", "comment": null, "Reserves_data": [ { "id": 437, "year": 2018, "material": "O.Cu", "commodity": "Me.Cu", "mineral_value_tonnes": 23700000.0, "commodity_value_tonnes": NaN, "grade_ppm": NaN, "source_id": "det_2852", "comment": NaN } ], "index_right": 3989, "ISO3_CODE": "COD", "COUNTRY_NAME": "Democratic Republic of The Congo", "AREA": 13.431616470063371, "distance": 0.0 }, "geometry": { "type": "MultiPoint", "coordinates": [ [ 3068688.709556928835809, -1273340.57305532018654 ] ] } },
{ "type": "Feature", "properties": { "facility_id": "COM00651.00", "facility_name": "Kipoi", "facility_other_names": null, "facility_type": "Mine", "primary_commodity": "Copper", "commodities_products": "Copper, Copper cathode", "facility_equipment": "Open pit, SX-EW plant", "production_start": 2011.0, "production_end": null, "activity_status": null, "activity_status_year": null, "surface_area_sq_km": null, "concession_area_sq_km": null, "country": "DR Congo", "GID_0": "COD", "GID_1": "COD.3_1", "GID_2": "COD.3.1_1", "GID_3": null, "GID_4": null, "source_id": "det_1483", "comment": "SX-EW plant comissioned in 2014", "Reserves_data": [ { "id": 438, "year": 2018, "material": "O.Cu", "commodity": "Me.Cu", "mineral_value_tonnes": 45300000.0, "commodity_value_tonnes": 553000.0, "grade_ppm": 13000.0, "source_id": "det_2316", "comment": NaN } ], "index_right": 3991, "ISO3_CODE": "COD", "COUNTRY_NAME": "Democratic Republic of The Congo", "AREA": 4.7149992941276402, "distance": 0.0 }, "geometry": { "type": "MultiPoint", "coordinates": [ [ 3016837.491420655045658, -1260386.273820756934583 ] ] } },
{ "type": "Feature", "properties": { "facility_id": "COM00754.00", "facility_name": "Lumwana", "facility_other_names": null, "facility_type": "Mine", "primary_commodity": "Copper", "commodities_products": "Copper", "facility_equipment": "Open pit", "production_start": null, "production_end": null, "activity_status": null, "activity_status_year": null, "surface_area_sq_km": null, "concession_area_sq_km": null, "country": "Zambia", "GID_0": "ZMB", "GID_1": "ZMB.7_1", "GID_2": "ZMB.7.6_1", "GID_3": null, "GID_4": null, "source_id": "det_1027", "comment": null, "Reserves_data": [ { "id": 516, "year": 2018, "material": "O.Cu", "commodity": "Me.Cu", "mineral_value_tonnes": 374596000.0, "commodity_value_tonnes": 2062756.661812, "grade_ppm": 5510.0, "source_id": "det_1035", "comment": NaN } ], "index_right": 3996, "ISO3_CODE": "ZMB", "COUNTRY_NAME": "Zambia", "AREA": 103.53842332504408, "distance": 0.0 }, "geometry": { "type": "MultiPoint", "coordinates": [ [ 2874495.008209652267396, -1372860.147009149426594 ] ] } },
{ "type": "Feature", "properties": { "facility_id": "COM01150.00", "facility_name": "Sentinel", "facility_other_names": null, "facility_type": "Mine", "primary_commodity": "Copper", "commodities_products": "Copper", "facility_equipment": null, "production_start": null, "production_end": null, "activity_status": null, "activity_status_year": null, "surface_area_sq_km": null, "concession_area_sq_km": null, "country": "Zambia", "GID_0": "ZMB", "GID_1": "ZMB.7_1", "GID_2": "ZMB.7.6_1", "GID_3": null, "GID_4": null, "source_id": "det_1089", "comment": null, "Reserves_data": [ { "id": 836, "year": 2017, "material": "O.bulk", "commodity": "Me.AsCu", "mineral_value_tonnes": 869800000.0, "commodity_value_tonnes": NaN, "grade_ppm": NaN, "source_id": "det_2881", "comment": NaN }, { "id": 837, "year": 2017, "material": "O.bulk", "commodity": "Me.Cu", "mineral_value_tonnes": 894000000.0, "commodity_value_tonnes": NaN, "grade_ppm": NaN, "source_id": "det_2881", "comment": NaN } ], "index_right": 3998, "ISO3_CODE": "ZMB", "COUNTRY_NAME": "Zambia", "AREA": 20.46894584347428, "distance": 0.0 }, "geometry": { "type": "MultiPoint", "coordinates": [ [ 2816494.714859341271222, -1377748.618537605972961 ] ] } },
{ "type": "Feature", "properties": { "facility_id": "COM00227.00", "facility_name": "Cerro de Pasco", "facility_other_names": "Cerro de Pasco UEA", "facility_type": "Mine", "primary_commodity": "Zinc", "commodities_products": "Zinc, Silver, Lead, Copper, Gold", "facility_equipment": "Open pit, Underground, Leaching plant", "production_start": null, "production_end": null, "activity_status": null, "activity_status_year": null, "surface_area_sq_km": null, "concession_area_sq_km": null, "country": "Peru", "GID_0": "PER", "GID_1": "PER.20_1", "GID_2": "PER.20.3_1", "GID_3": "PER.20.3.9_1", "GID_4": null, "source_id": "det_1374", "comment": null, "Reserves_data": [ { "id": 149, "year": 2018, "material": "O.bulk", "commodity": "Me.Ag", "mineral_value_tonnes": 2100000.0, "commodity_value_tonnes": NaN, "grade_ppm": NaN, "source_id": "det_1374", "comment": NaN }, { "id": 150, "year": 2018, "material": "O.bulk", "commodity": "Me.Pb", "mineral_value_tonnes": 2100000.0, "commodity_value_tonnes": NaN, "grade_ppm": NaN, "source_id": "det_1374", "comment": NaN }, { "id": 151, "year": 2018, "material": "O.bulk", "commodity": "Me.Zn", "mineral_value_tonnes": 2100000.0, "commodity_value_tonnes": NaN, "grade_ppm": NaN, "source_id": "det_1374", "comment": NaN } ], "index_right": 4006, "ISO3_CODE": "PER", "COUNTRY_NAME": "Peru", "AREA": 10.63948255885594, "distance": 0.0 }, "geometry": { "type": "MultiPoint", "coordinates": [ [ -8489663.470926998183131, -1194900.906360607361421 ] ] } },
{ "type": "Feature", "properties": { "facility_id": "COM01314.00", "facility_name": "Uchucchacua", "facility_other_names": null, "facility_type": "Mine", "primary_commodity": "Silver", "commodities_products": "Silver, Lead, Zinc, Manganese", "facility_equipment": "Underground", "production_start": 1975.0, "production_end": null, "activity_status": null, "activity_status_year": null, "surface_area_sq_km": null, "concession_area_sq_km": null, "country": "Peru", "GID_0": "PER", "GID_1": "PER.16_1", "GID_2": "PER.16.8_1", "GID_3": "PER.16.8.5_1", "GID_4": null, "source_id": "det_1335", "comment": null, "Reserves_data": [ { "id": 966, "year": 2019, "material": "O.bulk", "commodity": "Me.Ag", "mineral_value_tonnes": 10425777.0, "commodity_value_tonnes": NaN, "grade_ppm": NaN, "source_id": "det_1631", "comment": NaN }, { "id": 967, "year": 2019, "material": "O.bulk", "commodity": "Me.Pb", "mineral_value_tonnes": 10425777.0, "commodity_value_tonnes": NaN, "grade_ppm": NaN, "source_id": "det_1631", "comment": NaN }, { "id": 968, "year": 2019, "material": "O.bulk", "commodity": "Me.Zn", "mineral_value_tonnes": 10425777.0, "commodity_value_tonnes": NaN, "grade_ppm": NaN, "source_id": "det_1631", "comment": NaN } ], "index_right": 4008, "ISO3_CODE": "PER", "COUNTRY_NAME": "Peru", "AREA": 1.8429823124110571, "distance": 50.056294948033525 }, "geometry": { "type": "MultiPoint", "coordinates": [ [ -8537164.540232175961137, -1189451.478156777797267 ] ] } },
{ "type": "Feature", "properties": { "facility_id": "COM01260.00", "facility_name": "Taquari-Vassouras", "facility_other_names": null, "facility_type": "Mine", "primary_commodity": "Other (poly)-metallic", "commodities_products": "Potash", "facility_equipment": "Underground", "production_start": null, "production_end": null, "activity_status": null, "activity_status_year": null, "surface_area_sq_km": null, "concession_area_sq_km": null, "country": "Brazil", "GID_0": "BRA", "GID_1": "BRA.26_1", "GID_2": "BRA.26.60_1", "GID_3": "BRA.26.60.1_1", "GID_4": null, "source_id": "det_1162", "comment": null, "Reserves_data": [ { "id": 915, "year": 2013, "material": "O.K2O", "commodity": "Me.KCl", "mineral_value_tonnes": 12900000.0, "commodity_value_tonnes": NaN, "grade_ppm": NaN, "source_id": "det_1162", "comment": NaN } ], "index_right": 4030, "ISO3_CODE": "BRA", "COUNTRY_NAME": "Brazil", "AREA": 1.1271466575768532, "distance": 0.0 }, "geometry": { "type": "MultiPoint", "coordinates": [ [ -4122577.661579654552042, -1192979.877501320559531 ] ] } },
{ "type": "Feature", "properties": { "facility_id": "COM00876.00", "facility_name": "Mutanda", "facility_other_names": null, "facility_type": "Mine", "primary_commodity": "Copper", "commodities_products": "Copper, Cobalt", "facility_equipment": null, "production_start": null, "production_end": null, "activity_status": null, "activity_status_year": null, "surface_area_sq_km": null, "concession_area_sq_km": null, "country": "DR Congo", "GID_0": "COD", "GID_1": "COD.15_1", "GID_2": "COD.15.6_1", "GID_3": null, "GID_4": null, "source_id": "det_1178", "comment": null, "Reserves_data": [ { "id": 613, "year": 2019, "material": "O.bulk", "commodity": "Me.Co", "mineral_value_tonnes": 130000000.0, "commodity_value_tonnes": NaN, "grade_ppm": NaN, "source_id": "det_2855", "comment": NaN }, { "id": 614, "year": 2019, "material": "O.bulk", "commodity": "Me.Cu", "mineral_value_tonnes": 130000000.0, "commodity_value_tonnes": NaN, "grade_ppm": NaN, "source_id": "det_2855", "comment": NaN } ], "index_right": 4110, "ISO3_CODE": "COD", "COUNTRY_NAME": "Democratic Republic of The Congo", "AREA": 33.596518863482885, "distance": 0.0 }, "geometry": { "type": "MultiPoint", "coordinates": [ [ 2873112.631641032639891, -1208012.141604527831078 ] ] } },
{ "type": "Feature", "properties": { "facility_id": "COM00624.00", "facility_name": "Katanga Mining Complex", "facility_other_names": null, "facility_type": "Mine", "primary_commodity": "Copper", "commodities_products": "Copper, Cobalt", "facility_equipment": "Underground, Open pit", "production_start": null, "production_end": null, "activity_status": null, "activity_status_year": null, "surface_area_sq_km": null, "concession_area_sq_km": null, "country": "DR Congo", "GID_0": "COD", "GID_1": "COD.15_1", "GID_2": "COD.15.6_1", "GID_3": null, "GID_4": null, "source_id": "det_1177", "comment": "Website not available anymore (07/2020)", "Reserves_data": [ { "id": 414, "year": 2019, "material": "O.bulk", "commodity": "Me.Co", "mineral_value_tonnes": 124000000.0, "commodity_value_tonnes": NaN, "grade_ppm": NaN, "source_id": "det_2855", "comment": NaN }, { "id": 415, "year": 2019, "material": "O.bulk", "commodity": "Me.Cu", "mineral_value_tonnes": 124000000.0, "commodity_value_tonnes": NaN, "grade_ppm": NaN, "source_id": "det_2855", "comment": NaN } ], "index_right": 4126, "ISO3_CODE": "COD", "COUNTRY_NAME": "Democratic Republic of The Congo", "AREA": 66.377397143354386, "distance": 0.0 }, "geometry": { "type": "MultiPoint", "coordinates": [ [ 2825918.019516889471561, -1200865.160757035715505 ] ] } },
{ "type": "Feature", "properties": { "facility_id": "COM00662.00", "facility_name": "Kolwezi", "facility_other_names": "La Compagnie Minière de Musonoie Global SAS, Noyka", "facility_type": "Mine", "primary_commodity": "Copper", "commodities_products": "Copper", "facility_equipment": "Open Pit", "production_start": 2017.0, "production_end": null, "activity_status": null, "activity_status_year": null, "surface_area_sq_km": null, "concession_area_sq_km": 3.36, "country": "DR Congo", "GID_0": "COD", "GID_1": "COD.15_1", "GID_2": "COD.15.6_1", "GID_3": null, "GID_4": null, "source_id": "det_1323", "comment": null, "Reserves_data": [ { "id": 445, "year": 2018, "material": "O.Cu", "commodity": "Me.Cu", "mineral_value_tonnes": NaN, "commodity_value_tonnes": 639643.0, "grade_ppm": 48000.0, "source_id": "det_1332", "comment": NaN } ], "index_right": 4126, "ISO3_CODE": "COD", "COUNTRY_NAME": "Democratic Republic of The Congo", "AREA": 66.377397143354386, "distance": 0.0 }, "geometry": { "type": "MultiPoint", "coordinates": [ [ 2827699.477203294634819, -1199347.645475587574765 ] ] } },
{ "type": "Feature", "properties": { "facility_id": "COM01164.00", "facility_name": "Shahuindo", "facility_other_names": null, "facility_type": "Mine", "primary_commodity": "Gold", "commodities_products": "Gold, Silver", "facility_equipment": "Open pit, Leaching plant", "production_start": null, "production_end": null, "activity_status": null, "activity_status_year": null, "surface_area_sq_km": null, "concession_area_sq_km": 73.39, "country": "Peru", "GID_0": "PER", "GID_1": "PER.6_1", "GID_2": "PER.6.1_1", "GID_3": "PER.6.1.1_1", "GID_4": null, "source_id": "det_1382", "comment": null, "Reserves_data": [ { "id": 844, "year": 2019, "material": "O.bulk", "commodity": "Me.Ag", "mineral_value_tonnes": 112600000.0, "commodity_value_tonnes": NaN, "grade_ppm": NaN, "source_id": "det_1380", "comment": NaN }, { "id": 845, "year": 2019, "material": "O.bulk", "commodity": "Me.Au", "mineral_value_tonnes": 112600000.0, "commodity_value_tonnes": NaN, "grade_ppm": NaN, "source_id": "det_1380", "comment": NaN } ], "index_right": 4171, "ISO3_CODE": "PER", "COUNTRY_NAME": "Peru", "AREA": 3.2322261790888409, "distance": 680.11537615532313 }, "geometry": { "type": "MultiPoint", "coordinates": [ [ -8706544.413534158840775, -851575.115684836520813 ] ] } },
{ "type": "Feature", "properties": { "facility_id": "COM00699.00", "facility_name": "Lagunas Norte", "facility_other_names": null, "facility_type": "Mine", "primary_commodity": "Gold", "commodities_products": "Gold, Silver", "facility_equipment": "Open pit, Heap leach", "production_start": null, "production_end": null, "activity_status": null, "activity_status_year": null, "surface_area_sq_km": null, "concession_area_sq_km": null, "country": "Peru", "GID_0": "PER", "GID_1": "PER.13_1", "GID_2": "PER.13.10_1", "GID_3": "PER.13.10.5_1", "GID_4": null, "source_id": "det_1031", "comment": null, "Reserves_data": [ { "id": 481, "year": 2018, "material": "O.Au", "commodity": "Me.Ag", "mineral_value_tonnes": 44886000.0, "commodity_value_tonnes": 253.44473562, "grade_ppm": 6.19, "source_id": "det_1035", "comment": NaN }, { "id": 482, "year": 2018, "material": "O.Au", "commodity": "Me.Au", "mineral_value_tonnes": 44886000.0, "commodity_value_tonnes": 112.037314896, "grade_ppm": 2.74, "source_id": "det_1035", "comment": NaN } ], "index_right": 4177, "ISO3_CODE": "PER", "COUNTRY_NAME": "Peru", "AREA": 12.437232564016856, "distance": 0.0 }, "geometry": { "type": "MultiPoint", "coordinates": [ [ -8710035.817401235923171, -887815.320458334637806 ] ] } },
{ "type": "Feature", "properties": { "facility_id": "COM01388.00", "facility_name": "Yanacocha", "facility_other_names": null, "facility_type": "Mine", "primary_commodity": "Gold", "commodities_products": "Gold, Silver", "facility_equipment": "Open pit, Underground", "production_start": 1993.0, "production_end": null, "activity_status": null, "activity_status_year": null, "surface_area_sq_km": null, "concession_area_sq_km": 1218.1169, "country": "Peru", "GID_0": "PER", "GID_1": "PER.6_1", "GID_2": "PER.6.2_1", "GID_3": "PER.6.2.5_1", "GID_4": null, "source_id": "det_1010", "comment": null, "Reserves_data": [ { "id": 1006, "year": 2017, "material": "O.bulk", "commodity": "Me.Ag", "mineral_value_tonnes": 178941524.79644707, "commodity_value_tonnes": 1416.4269448556624, "grade_ppm": 7.973926366213754, "source_id": "det_2839", "comment": NaN }, { "id": 1007, "year": 2017, "material": "O.bulk", "commodity": "Me.Au", "mineral_value_tonnes": 193190229.45965952, "commodity_value_tonnes": 108.59273243893412, "grade_ppm": 0.5503717766272413, "source_id": "det_2839", "comment": NaN } ], "index_right": 4184, "ISO3_CODE": "PER", "COUNTRY_NAME": "Peru", "AREA": 61.248999387378468, "distance": 0.0 }, "geometry": { "type": "MultiPoint", "coordinates": [ [ -8738349.017064681276679, -778148.440175507450476 ] ] } },
{ "type": "Feature", "properties": { "facility_id": "COM00698.00", "facility_name": "La Zanja", "facility_other_names": null, "facility_type": "Mine", "primary_commodity": "Gold", "commodities_products": "Gold, Silver", "facility_equipment": "Open Pit, Carbon-in-column circuit, Merrill-Crowe circuit", "production_start": 2010.0, "production_end": null, "activity_status": null, "activity_status_year": null, "surface_area_sq_km": null, "concession_area_sq_km": null, "country": "Peru", "GID_0": "PER", "GID_1": "PER.6_1", "GID_2": "PER.6.13_1", "GID_3": "PER.6.13.6_1", "GID_4": null, "source_id": "det_1337", "comment": null, "Reserves_data": [ { "id": 478, "year": 2013, "material": "O.Au", "commodity": "Me.Au", "mineral_value_tonnes": 18534299.10524073, "commodity_value_tonnes": 10.267189838091182, "grade_ppm": 0.59533998573, "source_id": "det_1012", "comment": NaN }, { "id": 479, "year": 2019, "material": "O.bulk", "commodity": "Me.Ag", "mineral_value_tonnes": 560177.0, "commodity_value_tonnes": NaN, "grade_ppm": NaN, "source_id": "det_1631", "comment": NaN }, { "id": 480, "year": 2019, "material": "O.bulk", "commodity": "Me.Au", "mineral_value_tonnes": 560177.0, "commodity_value_tonnes": NaN, "grade_ppm": NaN, "source_id": "det_1631", "comment": NaN } ], "index_right": 4193, "ISO3_CODE": "PER", "COUNTRY_NAME": "Peru", "AREA": 5.8961868869742426, "distance": 0.0 }, "geometry": { "type": "MultiPoint", "coordinates": [ [ -8781845.85018190741539, -762773.321562610915862 ] ] } },
{ "type": "Feature", "properties": { "facility_id": "COM00107.00", "facility_name": "Bayovar", "facility_other_names": null, "facility_type": "Mine", "primary_commodity": "Other mine", "commodities_products": "Phosphate", "facility_equipment": "Open pit", "production_start": null, "production_end": null, "activity_status": null, "activity_status_year": null, "surface_area_sq_km": null, "concession_area_sq_km": null, "country": "Peru", "GID_0": "PER", "GID_1": "PER.21_1", "GID_2": "PER.21.6_1", "GID_3": "PER.21.6.5_1", "GID_4": null, "source_id": "det_1161", "comment": null, "Reserves_data": [ { "id": 55, "year": 2013, "material": "O.P", "commodity": "Nm.PO", "mineral_value_tonnes": 415900000.0, "commodity_value_tonnes": NaN, "grade_ppm": NaN, "source_id": "det_1162", "comment": NaN } ], "index_right": 4270, "ISO3_CODE": "PER", "COUNTRY_NAME": "Peru", "AREA": 27.973013190416374, "distance": 0.0 }, "geometry": { "type": "MultiPoint", "coordinates": [ [ -8998198.821893330663443, -670504.868492069537751 ] ] } },
{ "type": "Feature", "properties": { "facility_id": "COM00940.00", "facility_name": "Onca Puma", "facility_other_names": null, "facility_type": "Mine", "primary_commodity": "Nickel", "commodities_products": "Nickel", "facility_equipment": null, "production_start": null, "production_end": null, "activity_status": null, "activity_status_year": null, "surface_area_sq_km": null, "concession_area_sq_km": null, "country": "Brazil", "GID_0": "BRA", "GID_1": "BRA.14_1", "GID_2": "BRA.14.90_1", "GID_3": "BRA.14.90.1_1", "GID_4": null, "source_id": "det_1159", "comment": null, "Reserves_data": [ { "id": 666, "year": 2019, "material": "O.Ni", "commodity": "Me.Ni", "mineral_value_tonnes": 113300000.0, "commodity_value_tonnes": NaN, "grade_ppm": NaN, "source_id": "det_1159", "comment": NaN } ], "index_right": 4299, "ISO3_CODE": "BRA", "COUNTRY_NAME": "Brazil", "AREA": 3.0025313144939303, "distance": 0.0 }, "geometry": { "type": "MultiPoint", "coordinates": [ [ -5687578.949530833400786, -733456.29633431264665 ] ] } },
{ "type": "Feature", "properties": { "facility_id": "COM00051.00", "facility_name": "Antas", "facility_other_names": "Mina Antas Norte", "facility_type": "Mine", "primary_commodity": "Copper", "commodities_products": "Copper, Gold", "facility_equipment": "Open pit, Underground", "production_start": 2016.0, "production_end": null, "activity_status": null, "activity_status_year": null, "surface_area_sq_km": null, "concession_area_sq_km": null, "country": "Brazil", "GID_0": "BRA", "GID_1": "BRA.14_1", "GID_2": "BRA.14.42_1", "GID_3": "BRA.14.42.1_1", "GID_4": null, "source_id": "det_1454", "comment": null, "Reserves_data": [ { "id": 31, "year": 2019, "material": "O.bulk", "commodity": "Me.Au", "mineral_value_tonnes": 600000.0, "commodity_value_tonnes": 0.2438058978, "grade_ppm": 0.4, "source_id": "det_2835", "comment": NaN }, { "id": 32, "year": 2019, "material": "O.bulk", "commodity": "Me.Cu", "mineral_value_tonnes": 600000.0, "commodity_value_tonnes": 5900.0, "grade_ppm": 9000.0, "source_id": "det_2835", "comment": NaN } ], "index_right": 4339, "ISO3_CODE": "BRA", "COUNTRY_NAME": "Brazil", "AREA": 0.82645010468098856, "distance": 0.0 }, "geometry": { "type": "MultiPoint", "coordinates": [ [ -5538474.437705151736736, -696069.399089317535982 ] ] } },
{ "type": "Feature", "properties": { "facility_id": "COM01156.00", "facility_name": "Serra Sul", "facility_other_names": null, "facility_type": "Mine", "primary_commodity": "Iron", "commodities_products": "Iron", "facility_equipment": "Open Pit, Benefication Plant", "production_start": null, "production_end": null, "activity_status": null, "activity_status_year": null, "surface_area_sq_km": null, "concession_area_sq_km": null, "country": "Brazil", "GID_0": "BRA", "GID_1": "BRA.14_1", "GID_2": "BRA.14.33_1", "GID_3": "BRA.14.33.1_1", "GID_4": null, "source_id": "det_1159", "comment": "Part of Vale's Northern System", "Reserves_data": [ { "id": 842, "year": 2019, "material": "O.Fe", "commodity": "Me.Fe", "mineral_value_tonnes": 4198100000.000001, "commodity_value_tonnes": NaN, "grade_ppm": NaN, "source_id": "det_1159", "comment": NaN } ], "index_right": 4397, "ISO3_CODE": "BRA", "COUNTRY_NAME": "Brazil", "AREA": 10.918301600489675, "distance": 0.0 }, "geometry": { "type": "MultiPoint", "coordinates": [ [ -5600558.266055965796113, -713048.758108400041237 ] ] } },
{ "type": "Feature", "properties": { "facility_id": "COM01209.00", "facility_name": "Sossego", "facility_other_names": null, "facility_type": "Mine", "primary_commodity": "Copper", "commodities_products": "Copper, Gold", "facility_equipment": "Open pit", "production_start": 2004.0, "production_end": null, "activity_status": null, "activity_status_year": null, "surface_area_sq_km": null, "concession_area_sq_km": null, "country": "Brazil", "GID_0": "BRA", "GID_1": "BRA.14_1", "GID_2": "BRA.14.33_1", "GID_3": "BRA.14.33.1_1", "GID_4": null, "source_id": "det_1159", "comment": null, "Reserves_data": [ { "id": 877, "year": 2019, "material": "O.bulk", "commodity": "Me.Au", "mineral_value_tonnes": 109300000.0, "commodity_value_tonnes": NaN, "grade_ppm": NaN, "source_id": "det_1159", "comment": NaN }, { "id": 878, "year": 2019, "material": "O.bulk", "commodity": "Me.Cu", "mineral_value_tonnes": 109300000.0, "commodity_value_tonnes": NaN, "grade_ppm": NaN, "source_id": "det_1159", "comment": NaN } ], "index_right": 4398, "ISO3_CODE": "BRA", "COUNTRY_NAME": "Brazil", "AREA": 28.454625242013062, "distance": 0.0 }, "geometry": { "type": "MultiPoint", "coordinates": [ [ -5571551.68527832813561, -715243.993913028738461 ] ] } },
{ "type": "Feature", "properties": { "facility_id": "COM01258.00", "facility_name": "Tantahuatay", "facility_other_names": "Coimolache", "facility_type": "Mine", "primary_commodity": "Gold", "commodities_products": "Gold, Silver", "facility_equipment": "Open Pit", "production_start": 2011.0, "production_end": null, "activity_status": null, "activity_status_year": null, "surface_area_sq_km": null, "concession_area_sq_km": null, "country": "Peru", "GID_0": "PER", "GID_1": "PER.6_1", "GID_2": "PER.6.7_1", "GID_3": "PER.6.7.2_1", "GID_4": null, "source_id": "det_1338", "comment": null, "Reserves_data": [ { "id": 912, "year": 2019, "material": "O.bulk", "commodity": "Me.Ag", "mineral_value_tonnes": 66858656.0, "commodity_value_tonnes": NaN, "grade_ppm": NaN, "source_id": "det_1631", "comment": NaN }, { "id": 913, "year": 2019, "material": "O.bulk", "commodity": "Me.Au", "mineral_value_tonnes": 66858656.0, "commodity_value_tonnes": NaN, "grade_ppm": NaN, "source_id": "det_1631", "comment": NaN } ], "index_right": 4399, "ISO3_CODE": "PER", "COUNTRY_NAME": "Peru", "AREA": 13.350713158421719, "distance": 0.0 }, "geometry": { "type": "MultiPoint", "coordinates": [ [ -8760541.715277023613453, -752076.127287231851369 ] ] } },
{ "type": "Feature", "properties": { "facility_id": "COM01257.00", "facility_name": "Tanjung Enim", "facility_other_names": "Tanjung Enim Mining Unit, UPTE", "facility_type": "Mine", "primary_commodity": "Coal", "commodities_products": "Coal", "facility_equipment": "Open pit", "production_start": null, "production_end": null, "activity_status": null, "activity_status_year": null, "surface_area_sq_km": null, "concession_area_sq_km": 650.98, "country": "Indonesia", "GID_0": "IDN", "GID_1": "IDN.31_1", "GID_2": "IDN.31.5_1", "GID_3": "IDN.31.5.6_1", "GID_4": "IDN.31.5.6.3_1 ; IDN.31.5.6.7_1", "source_id": "det_1512", "comment": null, "Reserves_data": [ { "id": 911, "year": 2020, "material": "F.coal", "commodity": NaN, "mineral_value_tonnes": 2770000000.0, "commodity_value_tonnes": NaN, "grade_ppm": NaN, "source_id": "det_1512", "comment": NaN } ], "index_right": 4444, "ISO3_CODE": "IDN", "COUNTRY_NAME": "Indonesia", "AREA": 37.895962777270825, "distance": 0.0 }, "geometry": { "type": "MultiPoint", "coordinates": [ [ 11552459.70901963673532, -415838.772651094710454 ] ] } },
{ "type": "Feature", "properties": { "facility_id": "COM00087.00", "facility_name": "Balangan", "facility_other_names": "Balangan Coal Companies", "facility_type": "Mine", "primary_commodity": "Coal", "commodities_products": "Thermal coal", "facility_equipment": "Open pit", "production_start": null, "production_end": null, "activity_status": null, "activity_status_year": null, "surface_area_sq_km": null, "concession_area_sq_km": 75.0, "country": "Indonesia", "GID_0": "IDN", "GID_1": "IDN.13_1", "GID_2": "IDN.13.1_1", "GID_3": "IDN.13.1.4_1", "GID_4": "IDN.13.1.4.18_1", "source_id": "det_1508", "comment": null, "Reserves_data": [ { "id": 45, "year": 2019, "material": "F.coal", "commodity": NaN, "mineral_value_tonnes": 135000000.0, "commodity_value_tonnes": NaN, "grade_ppm": NaN, "source_id": "det_1508", "comment": NaN } ], "index_right": 4501, "ISO3_CODE": "IDN", "COUNTRY_NAME": "Indonesia", "AREA": 4.3136509074066858, "distance": 0.0 }, "geometry": { "type": "MultiPoint", "coordinates": [ [ 12869127.106783997267485, -262113.807698058342794 ] ] } },
{ "type": "Feature", "properties": { "facility_id": "COM01016.00", "facility_name": "PT Adaro Indonesia", "facility_other_names": "AI", "facility_type": "Mine", "primary_commodity": "Coal", "commodities_products": "Sub-bituminous coal", "facility_equipment": "Open pit", "production_start": 1992.0, "production_end": null, "activity_status": null, "activity_status_year": null, "surface_area_sq_km": null, "concession_area_sq_km": null, "country": "Indonesia", "GID_0": "IDN", "GID_1": "IDN.13_1", "GID_2": "IDN.13.1_1 ; IDN.13.10_1", "GID_3": "IDN.13.1.7_1 ; IDN.13.10.8_1 ; IDN.13.10.12_1", "GID_4": "IDN.13.1.7.10_1 ; IDN.13.1.7.12_1 ; IDN.13.10.8.6_1 ; IDN.13.10.12.1_1", "source_id": "det_1508", "comment": null, "Reserves_data": [ { "id": 725, "year": 2019, "material": "F.coal", "commodity": NaN, "mineral_value_tonnes": 821000000.0, "commodity_value_tonnes": NaN, "grade_ppm": NaN, "source_id": "det_1508", "comment": NaN } ], "index_right": 4523, "ISO3_CODE": "IDN", "COUNTRY_NAME": "Indonesia", "AREA": 152.8890145836863, "distance": 102.73743200602473 }, "geometry": { "type": "MultiPoint", "coordinates": [ [ 12857966.656619299203157, -256825.457820619310951 ] ] } },
{ "type": "Feature", "properties": { "facility_id": "COM00186.00", "facility_name": "Buzwagi", "facility_other_names": null, "facility_type": "Mine", "primary_commodity": "Gold", "commodities_products": "Gold, Copper", "facility_equipment": "Open Pit", "production_start": null, "production_end": null, "activity_status": null, "activity_status_year": null, "surface_area_sq_km": null, "concession_area_sq_km": null, "country": "Tanzania", "GID_0": "TZA", "GID_1": "TZA.23_1", "GID_2": "TZA.23.1_1", "GID_3": "TZA.23.1.13_1", "GID_4": null, "source_id": "det_1132", "comment": null, "Reserves_data": [ { "id": 104, "year": 2018, "material": "O.Au", "commodity": "Me.Au", "mineral_value_tonnes": 10668231.611893583, "commodity_value_tonnes": 8.739993788732395, "grade_ppm": 0.8999999999999999, "source_id": "det_1035", "comment": NaN } ], "index_right": 4531, "ISO3_CODE": "TZA", "COUNTRY_NAME": "United Republic of Tanzania", "AREA": 10.80466648546099, "distance": 0.0 }, "geometry": { "type": "MultiPoint", "coordinates": [ [ 3636921.577263634186238, -430464.678410035092384 ] ] } },
{ "type": "Feature", "properties": { "facility_id": "COM00646.00", "facility_name": "KIM BLOK", "facility_other_names": "PT Kuansing Inti Makmur dan Entitas Anak, KIM", "facility_type": "Mine", "primary_commodity": "Coal", "commodities_products": "Thermal coal", "facility_equipment": "Open pit", "production_start": null, "production_end": null, "activity_status": null, "activity_status_year": null, "surface_area_sq_km": null, "concession_area_sq_km": 26.1, "country": "Indonesia", "GID_0": "IDN", "GID_1": "IDN.8_1", "GID_2": "IDN.8.2_1", "GID_3": "IDN.8.2.7_1", "GID_4": "IDN.8.2.7.7_1", "source_id": "det_1528", "comment": null, "Reserves_data": [ { "id": 435, "year": 2020, "material": "F.coal", "commodity": NaN, "mineral_value_tonnes": 144600000.0, "commodity_value_tonnes": NaN, "grade_ppm": NaN, "source_id": "det_1528", "comment": "= 57.4 + 87.2" } ], "index_right": 4568, "ISO3_CODE": "IDN", "COUNTRY_NAME": "Indonesia", "AREA": 5.6863771761161441, "distance": 0.0 }, "geometry": { "type": "MultiPoint", "coordinates": [ [ 11324048.577831983566284, -156821.68800987440045 ] ] } },
{ "type": "Feature", "properties": { "facility_id": "COM00939.00", "facility_name": "Ombilin", "facility_other_names": "Pertambangan Ombilin, UPO", "facility_type": "Mine", "primary_commodity": "Coal", "commodities_products": "Coal", "facility_equipment": "Open pit", "production_start": null, "production_end": null, "activity_status": null, "activity_status_year": null, "surface_area_sq_km": null, "concession_area_sq_km": 29.35, "country": "Indonesia", "GID_0": "IDN", "GID_1": "IDN.30_1", "GID_2": "IDN.30.16_1", "GID_3": "IDN.30.16.4_1", "GID_4": "IDN.30.16.4.8_1", "source_id": "det_1512", "comment": null, "Reserves_data": [ { "id": 665, "year": 2020, "material": "F.coal", "commodity": NaN, "mineral_value_tonnes": 20000000.0, "commodity_value_tonnes": NaN, "grade_ppm": NaN, "source_id": "det_1512", "comment": NaN } ], "index_right": 4659, "ISO3_CODE": "IDN", "COUNTRY_NAME": "Indonesia", "AREA": 2.1650542577235417, "distance": 0.0 }, "geometry": { "type": "MultiPoint", "coordinates": [ [ 11216060.451416233554482, -70075.614099028432975 ] ] } },
{ "type": "Feature", "properties": { "facility_id": "COM01017.00", "facility_name": "PT Adimitra Baratama Nusantara", "facility_other_names": "ABN", "facility_type": "Mine", "primary_commodity": "Coal", "commodities_products": "Thermal coal", "facility_equipment": "Open pit", "production_start": 2008.0, "production_end": null, "activity_status": null, "activity_status_year": null, "surface_area_sq_km": null, "concession_area_sq_km": 29.9, "country": "Indonesia", "GID_0": "IDN", "GID_1": "IDN.15_1", "GID_2": "IDN.15.6_1", "GID_3": "IDN.15.6.13_1", "GID_4": "IDN.15.6.13.2_1", "source_id": "det_1537", "comment": null, "Reserves_data": [ { "id": 726, "year": 2019, "material": "F.coal", "commodity": NaN, "mineral_value_tonnes": 45000000.0, "commodity_value_tonnes": NaN, "grade_ppm": NaN, "source_id": "det_1537", "comment": NaN } ], "index_right": 4693, "ISO3_CODE": "IDN", "COUNTRY_NAME": "Indonesia", "AREA": 31.540283546805227, "distance": 0.0 }, "geometry": { "type": "MultiPoint", "coordinates": [ [ 13053319.508845347911119, -76831.902393012846005 ] ] } },
{ "type": "Feature", "properties": { "facility_id": "COM01031.00", "facility_name": "PT Indomining", "facility_other_names": "IM", "facility_type": "Mine", "primary_commodity": "Coal", "commodities_products": "Thermal coal", "facility_equipment": "Open pit", "production_start": 2007.0, "production_end": null, "activity_status": null, "activity_status_year": null, "surface_area_sq_km": null, "concession_area_sq_km": 6.83, "country": "Indonesia", "GID_0": "IDN", "GID_1": "IDN.15_1", "GID_2": "IDN.15.6_1", "GID_3": "IDN.15.6.13_1", "GID_4": "IDN.15.6.13.2_1", "source_id": "det_1537", "comment": null, "Reserves_data": [ { "id": 734, "year": 2019, "material": "F.coal", "commodity": NaN, "mineral_value_tonnes": 13100000.0, "commodity_value_tonnes": NaN, "grade_ppm": NaN, "source_id": "det_1537", "comment": NaN } ], "index_right": 4693, "ISO3_CODE": "IDN", "COUNTRY_NAME": "Indonesia", "AREA": 31.540283546805227, "distance": 0.0 }, "geometry": { "type": "MultiPoint", "coordinates": [ [ 13053575.573211241513491, -75331.306418853113428 ] ] } },
{ "type": "Feature", "properties": { "facility_id": "COM00861.00", "facility_name": "MRN Porto Trombetas", "facility_other_names": "Mineracao Rio do Norte, Trombetas", "facility_type": "Mine", "primary_commodity": "Aluminium", "commodities_products": "Bauxite", "facility_equipment": null, "production_start": 1979.0, "production_end": null, "activity_status": null, "activity_status_year": null, "surface_area_sq_km": null, "concession_area_sq_km": null, "country": "Brazil", "GID_0": "BRA", "GID_1": "BRA.14_1", "GID_2": "BRA.14.84_1", "GID_3": "BRA.14.84.1_1", "GID_4": null, "source_id": "det_1065", "comment": null, "Reserves_data": [ { "id": 602, "year": 2018, "material": "O.Al", "commodity": "Me.Al2O3", "mineral_value_tonnes": 48000000.0, "commodity_value_tonnes": NaN, "grade_ppm": NaN, "source_id": "det_1065", "comment": NaN } ], "index_right": 4711, "ISO3_CODE": "BRA", "COUNTRY_NAME": "Brazil", "AREA": 27.833299332554645, "distance": 28.511036541599935 }, "geometry": { "type": "MultiPoint", "coordinates": [ [ -6280061.782312052324414, -186616.671998034027638 ] ] } },
{ "type": "Feature", "properties": { "facility_id": "COM01039.00", "facility_name": "PT Mahakam Sumber Jaya", "facility_other_names": "MSJ", "facility_type": "Mine", "primary_commodity": "Coal", "commodities_products": "Thermal coal", "facility_equipment": "Open pit", "production_start": 2004.0, "production_end": null, "activity_status": null, "activity_status_year": null, "surface_area_sq_km": null, "concession_area_sq_km": 203.8, "country": "Indonesia", "GID_0": "IDN", "GID_1": "IDN.15_1", "GID_2": "IDN.15.6_1", "GID_3": "IDN.15.6.7_1", "GID_4": "IDN.15.6.7.3_1", "source_id": "det_1530", "comment": null, "Reserves_data": [ { "id": 740, "year": 2019, "material": "F.coal", "commodity": NaN, "mineral_value_tonnes": 95300000.0, "commodity_value_tonnes": NaN, "grade_ppm": NaN, "source_id": "det_2875", "comment": NaN } ], "index_right": 4788, "ISO3_CODE": "IDN", "COUNTRY_NAME": "Indonesia", "AREA": 4.2345813471673699, "distance": 0.0 }, "geometry": { "type": "MultiPoint", "coordinates": [ [ 13050258.368003468960524, -20832.36486268164299 ] ] } },
{ "type": "Feature", "properties": { "facility_id": "COM00086.00", "facility_name": "Bakan", "facility_other_names": null, "facility_type": "Mine", "primary_commodity": "Gold", "commodities_products": "Gold", "facility_equipment": "Heap leaching plant", "production_start": 2004.0, "production_end": null, "activity_status": null, "activity_status_year": null, "surface_area_sq_km": null, "concession_area_sq_km": 581.5, "country": "Indonesia", "GID_0": "IDN", "GID_1": "IDN.29_1", "GID_2": "IDN.29.2_1 ; IDN.29.3_1", "GID_3": "IDN.29.2.3_1 ; IDN.29.3.3_1", "GID_4": "IDN.29.2.3.6_1 ; IDN.29.3.3.1_1", "source_id": "det_1532", "comment": null, "Reserves_data": [ { "id": 44, "year": 2019, "material": "O.Au", "commodity": "Me.Au", "mineral_value_tonnes": 32700000.0, "commodity_value_tonnes": 19.759617531000004, "grade_ppm": 0.6688379204892967, "source_id": "det_2791", "comment": NaN } ], "index_right": 4872, "ISO3_CODE": "IDN", "COUNTRY_NAME": "Indonesia", "AREA": 3.6586150792139809, "distance": 0.0 }, "geometry": { "type": "MultiPoint", "coordinates": [ [ 13838353.771509490907192, 63746.943164286734827 ] ] } },
{ "type": "Feature", "properties": { "facility_id": "COM01036.00", "facility_name": "PT Kaltim Prima Coal", "facility_other_names": "PT Kaltim Prima Coal, KPC", "facility_type": "Mine", "primary_commodity": "Coal", "commodities_products": "Bituminous coal, Sub-bituminous coal", "facility_equipment": "Open pit", "production_start": null, "production_end": null, "activity_status": null, "activity_status_year": null, "surface_area_sq_km": null, "concession_area_sq_km": 849.38, "country": "Indonesia", "GID_0": "IDN", "GID_1": "IDN.15_1", "GID_2": "IDN.15.7_1", "GID_3": "IDN.15.7.2_1 ; IDN.15.7.15_1", "GID_4": "IDN.15.7.2.1_1 ; IDN.15.7.15.3_1", "source_id": "det_1510", "comment": null, "Reserves_data": [ { "id": 738, "year": 2019, "material": "F.coal", "commodity": NaN, "mineral_value_tonnes": 1073000000.0, "commodity_value_tonnes": NaN, "grade_ppm": NaN, "source_id": "det_1510", "comment": NaN } ], "index_right": 4882, "ISO3_CODE": "IDN", "COUNTRY_NAME": "Indonesia", "AREA": 38.897774086332149, "distance": 0.0 }, "geometry": { "type": "MultiPoint", "coordinates": [ [ 13089525.201082430779934, 91052.060982174400124 ] ] } },
{ "type": "Feature", "properties": { "facility_id": "COM00977.00", "facility_name": "Perkasa Inakakerta", "facility_other_names": "PIK, PT Perkasa Inakakerta", "facility_type": "Mine", "primary_commodity": "Coal", "commodities_products": "Sub-bituminous coal", "facility_equipment": "Open pit", "production_start": 2007.0, "production_end": null, "activity_status": null, "activity_status_year": null, "surface_area_sq_km": null, "concession_area_sq_km": 190.5, "country": "Indonesia", "GID_0": "IDN", "GID_1": "IDN.15_1", "GID_2": "IDN.15.7_1", "GID_3": "IDN.15.7.2_1", "GID_4": "IDN.15.7.2.3_1", "source_id": "det_1521", "comment": null, "Reserves_data": [ { "id": 692, "year": 2019, "material": "F.coal", "commodity": NaN, "mineral_value_tonnes": 21000000.0, "commodity_value_tonnes": NaN, "grade_ppm": NaN, "source_id": "det_1519", "comment": NaN } ], "index_right": 4884, "ISO3_CODE": "IDN", "COUNTRY_NAME": "Indonesia", "AREA": 1.2064631185100938, "distance": 0.0 }, "geometry": { "type": "MultiPoint", "coordinates": [ [ 13099877.579767731949687, 87186.782234607162536 ] ] } },
{ "type": "Feature", "properties": { "facility_id": "COM00779.00", "facility_name": "Martabe", "facility_other_names": null, "facility_type": "Mine", "primary_commodity": "Gold", "commodities_products": "Gold", "facility_equipment": null, "production_start": 2012.0, "production_end": null, "activity_status": null, "activity_status_year": null, "surface_area_sq_km": null, "concession_area_sq_km": null, "country": "Indonesia", "GID_0": "IDN", "GID_1": "IDN.32_1", "GID_2": "IDN.32.30_1", "GID_3": "IDN.32.30.7_1", "GID_4": "IDN.32.30.7.4_1", "source_id": "det_1538", "comment": null, "Reserves_data": [ { "id": 538, "year": 2020, "material": "O.Au", "commodity": "Me.Ag", "mineral_value_tonnes": NaN, "commodity_value_tonnes": 935.53426329, "grade_ppm": NaN, "source_id": "det_1538", "comment": NaN }, { "id": 539, "year": 2020, "material": "O.Au", "commodity": "Me.Au", "mineral_value_tonnes": NaN, "commodity_value_tonnes": 121.902949459, "grade_ppm": NaN, "source_id": "det_1538", "comment": NaN } ], "index_right": 4912, "ISO3_CODE": "IDN", "COUNTRY_NAME": "Indonesia", "AREA": 3.0286421750995824, "distance": 0.0 }, "geometry": { "type": "MultiPoint", "coordinates": [ [ 11027863.273849589750171, 168347.779779132251861 ] ] } },
{ "type": "Feature", "properties": { "facility_id": "COM00642.00", "facility_name": "Kibali", "facility_other_names": null, "facility_type": "Mine", "primary_commodity": "Gold", "commodities_products": "Gold", "facility_equipment": "Open pit, Underground", "production_start": null, "production_end": null, "activity_status": null, "activity_status_year": null, "surface_area_sq_km": null, "concession_area_sq_km": null, "country": "DR Congo", "GID_0": "COD", "GID_1": "COD.5_1", "GID_2": "COD.5.10_1", "GID_3": null, "GID_4": null, "source_id": "det_1024", "comment": null, "Reserves_data": [ { "id": 433, "year": 2018, "material": "O.Au", "commodity": "Me.Au", "mineral_value_tonnes": 62711111.11111111, "commodity_value_tonnes": 236.24602608333333, "grade_ppm": 4.13, "source_id": "det_2833", "comment": NaN } ], "index_right": 4920, "ISO3_CODE": "COD", "COUNTRY_NAME": "Democratic Republic of The Congo", "AREA": 9.3877493471193301, "distance": 0.0 }, "geometry": { "type": "MultiPoint", "coordinates": [ [ 3294302.403972301166505, 346791.808962464914657 ] ] } },
{ "type": "Feature", "properties": { "facility_id": "COM00134.00", "facility_name": "Binungan", "facility_other_names": null, "facility_type": "Mine", "primary_commodity": "Coal", "commodities_products": "Coal", "facility_equipment": "Open pit", "production_start": null, "production_end": null, "activity_status": null, "activity_status_year": null, "surface_area_sq_km": null, "concession_area_sq_km": null, "country": "Indonesia", "GID_0": "IDN", "GID_1": "IDN.15_1", "GID_2": "IDN.15.2_1", "GID_3": "IDN.15.2.8_1", "GID_4": "IDN.15.2.8.2_1 ; IDN.15.2.8.6_1 ; IDN.15.2.8.9_1", "source_id": "det_1515", "comment": null, "Reserves_data": [ { "id": 68, "year": 2019, "material": "F.coal", "commodity": NaN, "mineral_value_tonnes": 77000000.0, "commodity_value_tonnes": NaN, "grade_ppm": NaN, "source_id": "det_1515", "comment": NaN } ], "index_right": 4946, "ISO3_CODE": "IDN", "COUNTRY_NAME": "Indonesia", "AREA": 6.1010430838328302, "distance": 0.0 }, "geometry": { "type": "MultiPoint", "coordinates": [ [ 13075814.748830387368798, 233442.475227839604486 ] ] } },
{ "type": "Feature", "properties": { "facility_id": "COM01115.00", "facility_name": "Sambarata", "facility_other_names": null, "facility_type": "Mine", "primary_commodity": "Coal", "commodities_products": "Coal", "facility_equipment": "Open pit", "production_start": null, "production_end": null, "activity_status": null, "activity_status_year": null, "surface_area_sq_km": null, "concession_area_sq_km": null, "country": "Indonesia", "GID_0": "IDN", "GID_1": "IDN.15_1", "GID_2": "IDN.15.2_1", "GID_3": "IDN.15.2.4_1", "GID_4": "IDN.15.2.4.2_1", "source_id": "det_1515", "comment": null, "Reserves_data": [ { "id": 816, "year": 2019, "material": "F.coal", "commodity": NaN, "mineral_value_tonnes": 31000000.0, "commodity_value_tonnes": NaN, "grade_ppm": NaN, "source_id": "det_1515", "comment": NaN } ], "index_right": 4951, "ISO3_CODE": "IDN", "COUNTRY_NAME": "Indonesia", "AREA": 9.0197843500883206, "distance": 0.0 }, "geometry": { "type": "MultiPoint", "coordinates": [ [ 13075271.313410632312298, 243538.024791679752525 ] ] } },
{ "type": "Feature", "properties": { "facility_id": "COM00711.00", "facility_name": "Lati", "facility_other_names": null, "facility_type": "Mine", "primary_commodity": "Coal", "commodities_products": "Coal", "facility_equipment": "Open pit", "production_start": null, "production_end": null, "activity_status": null, "activity_status_year": null, "surface_area_sq_km": null, "concession_area_sq_km": null, "country": "Indonesia", "GID_0": "IDN", "GID_1": "IDN.15_1", "GID_2": "IDN.15.2_1", "GID_3": "IDN.15.2.4_1", "GID_4": "IDN.15.2.4.4_1", "source_id": "det_1515", "comment": null, "Reserves_data": [ { "id": 495, "year": 2019, "material": "F.coal", "commodity": NaN, "mineral_value_tonnes": 77000000.0, "commodity_value_tonnes": NaN, "grade_ppm": NaN, "source_id": "det_1515", "comment": NaN } ], "index_right": 4955, "ISO3_CODE": "IDN", "COUNTRY_NAME": "Indonesia", "AREA": 35.10682094422225, "distance": 0.0 }, "geometry": { "type": "MultiPoint", "coordinates": [ [ 13085553.329736173152924, 257080.693059307406656 ] ] } },
{ "type": "Feature", "properties": { "facility_id": "COM00623.00", "facility_name": "Karouni", "facility_other_names": null, "facility_type": "Mine", "primary_commodity": "Gold", "commodities_products": "Gold", "facility_equipment": "Open pit", "production_start": null, "production_end": null, "activity_status": null, "activity_status_year": null, "surface_area_sq_km": null, "concession_area_sq_km": null, "country": "Guyana", "GID_0": "GUY", "GID_1": "GUY.2_1", "GID_2": "GUY.2.8_1", "GID_3": null, "GID_4": null, "source_id": "det_1463", "comment": null, "Reserves_data": [ { "id": 413, "year": 2020, "material": "O.Au", "commodity": "Me.Au", "mineral_value_tonnes": 1074091.0, "commodity_value_tonnes": 2.04326, "grade_ppm": 2.1, "source_id": "det_2277", "comment": NaN } ], "index_right": 5055, "ISO3_CODE": "GUY", "COUNTRY_NAME": "Guyana", "AREA": 18.412300775505923, "distance": 0.0 }, "geometry": { "type": "MultiPoint", "coordinates": [ [ -6541144.348195407539606, 607578.37283993139863 ] ] } },
{ "type": "Feature", "properties": { "facility_id": "COM00016.00", "facility_name": "Akyem", "facility_other_names": null, "facility_type": "Mine", "primary_commodity": "Gold", "commodities_products": "Gold", "facility_equipment": "Open pit", "production_start": 2013.0, "production_end": null, "activity_status": null, "activity_status_year": null, "surface_area_sq_km": null, "concession_area_sq_km": null, "country": "Ghana", "GID_0": "GHA", "GID_1": "GHA.4_1", "GID_2": "GHA.4.6_1", "GID_3": null, "GID_4": null, "source_id": "det_1002", "comment": null, "Reserves_data": [ { "id": 15, "year": 2019, "material": "O.Au", "commodity": "Me.Au", "mineral_value_tonnes": 60800000.0, "commodity_value_tonnes": 73.14176934, "grade_ppm": 1.2160453342605264, "source_id": "det_2698", "comment": NaN } ], "index_right": 5098, "ISO3_CODE": "GHA", "COUNTRY_NAME": "Ghana", "AREA": 11.203950931722607, "distance": 0.0 }, "geometry": { "type": "MultiPoint", "coordinates": [ [ -113895.523997771626455, 707842.518986499635503 ] ] } },
{ "type": "Feature", "properties": { "facility_id": "COM00254.00", "facility_name": "Chirano", "facility_other_names": null, "facility_type": "Mine", "primary_commodity": "Gold", "commodities_products": "Gold, Silver", "facility_equipment": "Underground", "production_start": null, "production_end": null, "activity_status": null, "activity_status_year": null, "surface_area_sq_km": null, "concession_area_sq_km": null, "country": "Ghana", "GID_0": "GHA", "GID_1": "GHA.10_1", "GID_2": "GHA.10.4_1", "GID_3": null, "GID_4": null, "source_id": "det_1052", "comment": null, "Reserves_data": [ { "id": 173, "year": 2018, "material": "O.Au", "commodity": "Me.Au", "mineral_value_tonnes": 6725555.555555555, "commodity_value_tonnes": 13.07228005, "grade_ppm": 2.1, "source_id": "det_2836", "comment": NaN } ], "index_right": 5099, "ISO3_CODE": "GHA", "COUNTRY_NAME": "Ghana", "AREA": 12.288278902208202, "distance": 0.0 }, "geometry": { "type": "MultiPoint", "coordinates": [ [ -265195.432173347566277, 703986.032885524211451 ] ] } },
{ "type": "Feature", "properties": { "facility_id": "COM00932.00", "facility_name": "Obuasi", "facility_other_names": null, "facility_type": "Mine", "primary_commodity": "Gold", "commodities_products": "Gold", "facility_equipment": "Underground", "production_start": null, "production_end": null, "activity_status": null, "activity_status_year": null, "surface_area_sq_km": null, "concession_area_sq_km": null, "country": "Ghana", "GID_0": "GHA", "GID_1": "GHA.1_1", "GID_2": "GHA.1.1_1", "GID_3": null, "GID_4": null, "source_id": "det_1057", "comment": null, "Reserves_data": [ { "id": 657, "year": 2018, "material": "O.Au", "commodity": "Me.Au", "mineral_value_tonnes": 20280000.0, "commodity_value_tonnes": 166.01480744928, "grade_ppm": 9.0, "source_id": "det_2833", "comment": NaN } ], "index_right": 5114, "ISO3_CODE": "GHA", "COUNTRY_NAME": "Ghana", "AREA": 0.89134375345616279, "distance": 0.0 }, "geometry": { "type": "MultiPoint", "coordinates": [ [ -188364.122253414156148, 688418.152974899974652 ] ] } },
{ "type": "Feature", "properties": { "facility_id": "COM00130.00", "facility_name": "Bibiani", "facility_other_names": null, "facility_type": "Mine", "primary_commodity": "Gold", "commodities_products": "Gold", "facility_equipment": "Open pit", "production_start": null, "production_end": null, "activity_status": null, "activity_status_year": null, "surface_area_sq_km": null, "concession_area_sq_km": null, "country": "Ghana", "GID_0": "GHA", "GID_1": "GHA.10_1", "GID_2": "GHA.10.4_1", "GID_3": null, "GID_4": null, "source_id": "det_1060", "comment": null, "Reserves_data": [ { "id": 63, "year": 2005, "material": "O.Au", "commodity": "Me.Au", "mineral_value_tonnes": 4300000.0, "commodity_value_tonnes": 2.8349523130000005, "grade_ppm": 0.8504856939000002, "source_id": "det_2837", "comment": NaN } ], "index_right": 5142, "ISO3_CODE": "GHA", "COUNTRY_NAME": "Ghana", "AREA": 1.2504817960220092, "distance": 0.0 }, "geometry": { "type": "MultiPoint", "coordinates": [ [ -258893.439137394947466, 721195.151347030419856 ] ] } },
{ "type": "Feature", "properties": { "facility_id": "COM00973.00", "facility_name": "Penjom", "facility_other_names": null, "facility_type": "Mine", "primary_commodity": "Gold", "commodities_products": "Gold", "facility_equipment": "Resin-In-Leach plant", "production_start": 1996.0, "production_end": null, "activity_status": null, "activity_status_year": null, "surface_area_sq_km": null, "concession_area_sq_km": 12.2183, "country": "Malaysia", "GID_0": "MYS", "GID_1": "MYS.8_1", "GID_2": "MYS.8.6_1", "GID_3": null, "GID_4": null, "source_id": "det_1532", "comment": null, "Reserves_data": [ { "id": 689, "year": 2019, "material": "O.Au", "commodity": "Me.Au", "mineral_value_tonnes": 14800000.0, "commodity_value_tonnes": 11.566605384, "grade_ppm": 14.8, "source_id": "det_2791", "comment": NaN } ], "index_right": 5149, "ISO3_CODE": "MYS", "COUNTRY_NAME": "Malaysia", "AREA": 7.5660473211934454, "distance": 0.0 }, "geometry": { "type": "MultiPoint", "coordinates": [ [ 11352499.039349677041173, 460935.440484802587889 ] ] } },
{ "type": "Feature", "properties": { "facility_id": "COM00009.00", "facility_name": "Ahafo", "facility_other_names": null, "facility_type": "Mine", "primary_commodity": "Gold", "commodities_products": "Gold", "facility_equipment": "Open pit, Underground", "production_start": 2006.0, "production_end": null, "activity_status": null, "activity_status_year": null, "surface_area_sq_km": null, "concession_area_sq_km": null, "country": "Ghana", "GID_0": "GHA", "GID_1": "GHA.2_1", "GID_2": "GHA.2.3_1", "GID_3": null, "GID_4": null, "source_id": "det_1001", "comment": null, "Reserves_data": [ { "id": 9, "year": 2019, "material": "O.Au", "commodity": "Me.Au", "mineral_value_tonnes": 171000000.0, "commodity_value_tonnes": 273.28940172, "grade_ppm": 1.594967381429696, "source_id": "det_2698", "comment": NaN } ], "index_right": 5239, "ISO3_CODE": "GHA", "COUNTRY_NAME": "Ghana", "AREA": 27.213375811392936, "distance": 0.0 }, "geometry": { "type": "MultiPoint", "coordinates": [ [ -262860.711111972515937, 781163.089407150866464 ] ] } },
{ "type": "Feature", "properties": { "facility_id": "COM01158.00", "facility_name": "Seruyung", "facility_other_names": null, "facility_type": "Mine", "primary_commodity": "Gold", "commodities_products": "Gold", "facility_equipment": "Heap leaching plant", "production_start": 2014.0, "production_end": null, "activity_status": null, "activity_status_year": null, "surface_area_sq_km": null, "concession_area_sq_km": 35.6, "country": "Indonesia", "GID_0": "IDN", "GID_1": "IDN.15_1", "GID_2": "IDN.15.9_1", "GID_3": "IDN.15.9.8_1", "GID_4": "IDN.15.9.8.4_1", "source_id": "det_1532", "comment": null, "Reserves_data": [ { "id": 843, "year": 2019, "material": "O.Au", "commodity": "Me.Au", "mineral_value_tonnes": 4300000.0, "commodity_value_tonnes": 2.466408501, "grade_ppm": 0.63, "source_id": "det_2791", "comment": NaN } ], "index_right": 5255, "ISO3_CODE": "IDN", "COUNTRY_NAME": "Indonesia", "AREA": 2.339128148995691, "distance": 1243.3691703882596 }, "geometry": { "type": "MultiPoint", "coordinates": [ [ 13049969.768120128661394, 434244.773204040480778 ] ] } },
{ "type": "Feature", "properties": { "facility_id": "COM00992.00", "facility_name": "Pit Bajau Bulungan Kaltara", "facility_other_names": "PT Garda Tujuh Buana Tbk, GTB, KW 96 JNP 249", "facility_type": "Mine", "primary_commodity": "Coal", "commodities_products": "Thermal coal", "facility_equipment": "Open pit", "production_start": null, "production_end": null, "activity_status": null, "activity_status_year": null, "surface_area_sq_km": null, "concession_area_sq_km": 7.1, "country": "Indonesia", "GID_0": "IDN", "GID_1": "IDN.15_1", "GID_2": "IDN.15.4_1", "GID_3": "IDN.15.4.1_1", "GID_4": "IDN.15.4.1.1_1", "source_id": "det_1526", "comment": null, "Reserves_data": [ { "id": 707, "year": 2019, "material": "F.coal", "commodity": NaN, "mineral_value_tonnes": 54671869.0, "commodity_value_tonnes": NaN, "grade_ppm": NaN, "source_id": "det_2448", "comment": NaN } ], "index_right": 5287, "ISO3_CODE": "IDN", "COUNTRY_NAME": "Indonesia", "AREA": 6.9729291151105048, "distance": 334.16015292805042 }, "geometry": { "type": "MultiPoint", "coordinates": [ [ 13115285.55620739236474, 389393.89405516901752 ] ] } },
{ "type": "Feature", "properties": { "facility_id": "COM00228.00", "facility_name": "Cerro Matoso", "facility_other_names": "CMSA", "facility_type": "Mine, Smelter", "primary_commodity": "Nickel", "commodities_products": "Nickel", "facility_equipment": null, "production_start": null, "production_end": null, "activity_status": null, "activity_status_year": null, "surface_area_sq_km": null, "concession_area_sq_km": null, "country": "Colombia", "GID_0": "COL", "GID_1": "COL.13_1", "GID_2": "COL.13.11_1", "GID_3": null, "GID_4": null, "source_id": "det_1136", "comment": null, "Reserves_data": [ { "id": 152, "year": 2019, "material": "O.Ni", "commodity": "Me.Ni", "mineral_value_tonnes": 32000000.0, "commodity_value_tonnes": NaN, "grade_ppm": NaN, "source_id": "det_1147", "comment": NaN } ], "index_right": 5420, "ISO3_CODE": "COL", "COUNTRY_NAME": "Colombia", "AREA": 10.011429584991877, "distance": 0.0 }, "geometry": { "type": "MultiPoint", "coordinates": [ [ -8409953.256699193269014, 884755.399085478391498 ] ] } },
{ "type": "Feature", "properties": { "facility_id": "COM01289.00", "facility_name": "Tongon", "facility_other_names": null, "facility_type": "Mine", "primary_commodity": "Other mine", "commodities_products": "Gold", "facility_equipment": null, "production_start": null, "production_end": null, "activity_status": null, "activity_status_year": null, "surface_area_sq_km": null, "concession_area_sq_km": null, "country": "Cote d'Ivoire", "GID_0": "CIV", "GID_1": "CIV.10_1", "GID_2": "CIV.10.3_1", "GID_3": "CIV.10.3.3_1", "GID_4": "CIV.10.3.3.1_1", "source_id": "det_1028", "comment": null, "Reserves_data": [ { "id": 945, "year": 2018, "material": "O.Au", "commodity": "Me.Au", "mineral_value_tonnes": NaN, "commodity_value_tonnes": 26.9320469735, "grade_ppm": NaN, "source_id": "det_1028", "comment": NaN } ], "index_right": 5431, "ISO3_CODE": "CIV", "COUNTRY_NAME": "Côte D’Ivoire", "AREA": 6.8133609112443976, "distance": 0.0 }, "geometry": { "type": "MultiPoint", "coordinates": [ [ -635130.237775280256756, 1111872.981794165447354 ] ] } },
{ "type": "Feature", "properties": { "facility_id": "COM00217.00", "facility_name": "CBG Sangaredi", "facility_other_names": "Boke", "facility_type": "Mine", "primary_commodity": "Aluminium", "commodities_products": "Bauxite", "facility_equipment": null, "production_start": 1973.0, "production_end": null, "activity_status": null, "activity_status_year": null, "surface_area_sq_km": null, "concession_area_sq_km": null, "country": "Guinea", "GID_0": "GIN", "GID_1": "GIN.5_1", "GID_2": "GIN.5.5_1", "GID_3": "GIN.5.5.7_1", "GID_4": null, "source_id": "det_1065", "comment": null, "Reserves_data": [ { "id": 137, "year": 2018, "material": "O.Al", "commodity": "Me.Al2O3", "mineral_value_tonnes": 466000000.0, "commodity_value_tonnes": NaN, "grade_ppm": NaN, "source_id": "det_1065", "comment": NaN } ], "index_right": 5462, "ISO3_CODE": "GIN", "COUNTRY_NAME": "Guinea", "AREA": 11.725414086296873, "distance": 36.600801298222535 }, "geometry": { "type": "MultiPoint", "coordinates": [ [ -1534745.411073919618502, 1241140.939238438615575 ] ] } },
{ "type": "Feature", "properties": { "facility_id": "COM00841.00", "facility_name": "Morila", "facility_other_names": null, "facility_type": "Mine", "primary_commodity": "Gold", "commodities_products": "Gold", "facility_equipment": null, "production_start": null, "production_end": null, "activity_status": null, "activity_status_year": null, "surface_area_sq_km": null, "concession_area_sq_km": null, "country": "Mali", "GID_0": "MLI", "GID_1": "MLI.8_1", "GID_2": "MLI.8.1_1", "GID_3": "MLI.8.1.8_1", "GID_4": "MLI.8.1.8.3_1", "source_id": "det_1057", "comment": null, "Reserves_data": [ { "id": 589, "year": 2018, "material": "O.Au", "commodity": "Me.Au", "mineral_value_tonnes": 6550000.0, "commodity_value_tonnes": 8.2213617077, "grade_ppm": 0.67, "source_id": "det_3482", "comment": " NA" } ], "index_right": 5469, "ISO3_CODE": "MLI", "COUNTRY_NAME": "Mali", "AREA": 13.393318104498386, "distance": 0.0 }, "geometry": { "type": "MultiPoint", "coordinates": [ [ -762191.829643746372312, 1309414.066010411130264 ] ] } },
{ "type": "Feature", "properties": { "facility_id": "COM00736.00", "facility_name": "Loma de Niquel", "facility_other_names": null, "facility_type": "Mine", "primary_commodity": "Nickel", "commodities_products": "Nickel", "facility_equipment": null, "production_start": null, "production_end": null, "activity_status": null, "activity_status_year": null, "surface_area_sq_km": null, "concession_area_sq_km": null, "country": "Venezuela", "GID_0": "VEN", "GID_1": "VEN.4_1", "GID_2": "VEN.4.14_1", "GID_3": null, "GID_4": null, "source_id": "det_1106", "comment": null, "Reserves_data": [ { "id": 506, "year": 2011, "material": "O.Ni", "commodity": "Me.Ni", "mineral_value_tonnes": 4600000.0, "commodity_value_tonnes": NaN, "grade_ppm": NaN, "source_id": "det_2843", "comment": NaN } ], "index_right": 5496, "ISO3_CODE": "VEN", "COUNTRY_NAME": "Venezuela", "AREA": 4.4470232035035817, "distance": 0.0 }, "geometry": { "type": "MultiPoint", "coordinates": [ [ -7473743.237687946297228, 1136037.911512515041977 ] ] } },
{ "type": "Feature", "properties": { "facility_id": "COM00748.00", "facility_name": "Loulo - Gounkoto", "facility_other_names": null, "facility_type": "Mine", "primary_commodity": "Other mine", "commodities_products": "Gold", "facility_equipment": "Open pit, Underground", "production_start": 2005.0, "production_end": null, "activity_status": null, "activity_status_year": null, "surface_area_sq_km": null, "concession_area_sq_km": null, "country": "Mali", "GID_0": "MLI", "GID_1": "MLI.3_1", "GID_2": "MLI.3.4_1", "GID_3": "MLI.3.4.6_1", "GID_4": "MLI.3.4.6.3_1 ; MLI.3.4.6.4_1", "source_id": "det_1024", "comment": null, "Reserves_data": [ { "id": 514, "year": 2018, "material": "O.Au", "commodity": "Me.Au", "mineral_value_tonnes": NaN, "commodity_value_tonnes": 238.135994292, "grade_ppm": NaN, "source_id": "det_2867", "comment": NaN } ], "index_right": 5507, "ISO3_CODE": "MLI", "COUNTRY_NAME": "Mali", "AREA": 3.2951828643306724, "distance": 0.0 }, "geometry": { "type": "MultiPoint", "coordinates": [ [ -1268152.90178000414744, 1463583.81326654064469 ] ] } },
{ "type": "Feature", "properties": { "facility_id": "COM01191.00", "facility_name": "Siguiri", "facility_other_names": null, "facility_type": "Mine", "primary_commodity": "Gold", "commodities_products": "Gold", "facility_equipment": "Open pit", "production_start": null, "production_end": null, "activity_status": null, "activity_status_year": null, "surface_area_sq_km": null, "concession_area_sq_km": null, "country": "Guinea", "GID_0": "GIN", "GID_1": "GIN.4_1", "GID_2": "GIN.4.5_1", "GID_3": "GIN.4.5.5_1", "GID_4": null, "source_id": "det_1057", "comment": null, "Reserves_data": [ { "id": 864, "year": 2018, "material": "O.Au", "commodity": "Me.Au", "mineral_value_tonnes": 95223529.41176473, "commodity_value_tonnes": 68.70590311505883, "grade_ppm": 0.7899999999999999, "source_id": "det_2833", "comment": NaN } ], "index_right": 5526, "ISO3_CODE": "GIN", "COUNTRY_NAME": "Guinea", "AREA": 15.677011777550165, "distance": 0.0 }, "geometry": { "type": "MultiPoint", "coordinates": [ [ -1041189.961530109518208, 1295313.779376375954598 ] ] } },
{ "type": "Feature", "properties": { "facility_id": "COM00225.00", "facility_name": "Cerrejon", "facility_other_names": null, "facility_type": "Mine", "primary_commodity": "Coal", "commodities_products": "Thermal bituminous coal", "facility_equipment": "Open pit", "production_start": 1976.0, "production_end": null, "activity_status": null, "activity_status_year": null, "surface_area_sq_km": null, "concession_area_sq_km": null, "country": "Colombia", "GID_0": "COL", "GID_1": "COL.18_1", "GID_2": "COL.18.4_1", "GID_3": null, "GID_4": null, "source_id": "det_1135", "comment": null, "Reserves_data": [ { "id": 148, "year": 2019, "material": "F.stc", "commodity": NaN, "mineral_value_tonnes": 342000000.0, "commodity_value_tonnes": NaN, "grade_ppm": NaN, "source_id": "det_1135", "comment": NaN } ], "index_right": 5542, "ISO3_CODE": "COL", "COUNTRY_NAME": "Colombia", "AREA": 118.54467369310198, "distance": 0.0 }, "geometry": { "type": "MultiPoint", "coordinates": [ [ -8084522.359116096049547, 1247172.399554522009566 ] ] } },
{ "type": "Feature", "properties": { "facility_id": "COM01106.00", "facility_name": "Sadiola", "facility_other_names": null, "facility_type": "Mine", "primary_commodity": "Gold", "commodities_products": "Gold", "facility_equipment": null, "production_start": null, "production_end": null, "activity_status": null, "activity_status_year": null, "surface_area_sq_km": null, "concession_area_sq_km": null, "country": "Mali", "GID_0": "MLI", "GID_1": "MLI.3_1", "GID_2": "MLI.3.3_1", "GID_3": "MLI.3.3.8_1", "GID_4": "MLI.3.3.8.1_1", "source_id": "det_1057", "comment": null, "Reserves_data": [ { "id": 811, "year": 2018, "material": "O.Au", "commodity": "Me.Au", "mineral_value_tonnes": 63780487.804878056, "commodity_value_tonnes": 112.70664073634148, "grade_ppm": 1.94, "source_id": "det_2833", "comment": NaN } ], "index_right": 5546, "ISO3_CODE": "MLI", "COUNTRY_NAME": "Mali", "AREA": 4.0180317206398977, "distance": 0.0 }, "geometry": { "type": "MultiPoint", "coordinates": [ [ -1296546.36917547415942, 1559252.08311903802678 ] ] } },
{ "type": "Feature", "properties": { "facility_id": "COM00002.00", "facility_name": "A Narrain", "facility_other_names": null, "facility_type": "Mine", "primary_commodity": "Iron", "commodities_products": "Iron ore", "facility_equipment": "Open pit", "production_start": null, "production_end": null, "activity_status": null, "activity_status_year": null, "surface_area_sq_km": null, "concession_area_sq_km": 1.606, "country": "India", "GID_0": "IND", "GID_1": "IND.16_1", "GID_2": "IND.16.11_1", "GID_3": "IND.16.11.2_1", "GID_4": null, "source_id": "det_1307", "comment": null, "Reserves_data": [ { "id": 5, "year": 2019, "material": "O.Fe", "commodity": "Me.Fe", "mineral_value_tonnes": 56300000.0, "commodity_value_tonnes": NaN, "grade_ppm": NaN, "source_id": "det_1307", "comment": NaN } ], "index_right": 5610, "ISO3_CODE": "IND", "COUNTRY_NAME": "India", "AREA": 2.107414671992478, "distance": 0.0 }, "geometry": { "type": "MultiPoint", "coordinates": [ [ 8483481.818379081785679, 1599873.577970725949854 ] ] } },
{ "type": "Feature", "properties": { "facility_id": "COM01086.00", "facility_name": "Rio Tuba", "facility_other_names": "RTN", "facility_type": "Mine", "primary_commodity": "Other (poly)-metallic", "commodities_products": "Nickel, Cobalt, Iron, Limestone", "facility_equipment": null, "production_start": null, "production_end": null, "activity_status": null, "activity_status_year": null, "surface_area_sq_km": null, "concession_area_sq_km": null, "country": "Philippines", "GID_0": "PHL", "GID_1": "PHL.59_1", "GID_2": "PHL.59.5_1", "GID_3": "PHL.59.5.13_1", "GID_4": null, "source_id": "det_1442", "comment": null, "Reserves_data": [ { "id": 787, "year": 2019, "material": "O.bulk", "commodity": "Me.Fe", "mineral_value_tonnes": 19845000.0, "commodity_value_tonnes": NaN, "grade_ppm": NaN, "source_id": "det_1447", "comment": NaN }, { "id": 788, "year": 2019, "material": "O.bulk", "commodity": "Me.Ni", "mineral_value_tonnes": 19845000.0, "commodity_value_tonnes": 285760.0, "grade_ppm": 14400.0, "source_id": "det_1447", "comment": NaN }, { "id": 789, "year": 2019, "material": "O.Fe", "commodity": "Me.Fe", "mineral_value_tonnes": 41881000.0, "commodity_value_tonnes": NaN, "grade_ppm": NaN, "source_id": "det_1447", "comment": NaN }, { "id": 790, "year": 2019, "material": "O.Fe", "commodity": "Me.Ni", "mineral_value_tonnes": 41881000.0, "commodity_value_tonnes": 490000.0, "grade_ppm": 11700.0, "source_id": "det_1447", "comment": NaN } ], "index_right": 5645, "ISO3_CODE": "PHL", "COUNTRY_NAME": "Philippines", "AREA": 13.521232077968175, "distance": 0.0 }, "geometry": { "type": "MultiPoint", "coordinates": [ [ 13070932.808973273262382, 957585.447969045490026 ] ] } },
{ "type": "Feature", "properties": { "facility_id": "COM00508.00", "facility_name": "Guelb Moghrein", "facility_other_names": null, "facility_type": "Mine, Smelter", "primary_commodity": "Copper", "commodities_products": "Copper, Gold", "facility_equipment": null, "production_start": null, "production_end": null, "activity_status": null, "activity_status_year": null, "surface_area_sq_km": null, "concession_area_sq_km": null, "country": "Mauritania", "GID_0": "MRT", "GID_1": "MRT.9_1", "GID_2": "MRT.9.1_1", "GID_3": null, "GID_4": null, "source_id": "det_1089", "comment": null, "Reserves_data": [ { "id": 334, "year": 2017, "material": "O.bulk", "commodity": "Me.Au", "mineral_value_tonnes": 22500000.0, "commodity_value_tonnes": NaN, "grade_ppm": NaN, "source_id": "det_2859", "comment": NaN }, { "id": 335, "year": 2017, "material": "O.bulk", "commodity": "Me.Cu", "mineral_value_tonnes": 22500000.0, "commodity_value_tonnes": NaN, "grade_ppm": NaN, "source_id": "det_2859", "comment": NaN } ], "index_right": 5762, "ISO3_CODE": "MRT", "COUNTRY_NAME": "Mauritania", "AREA": 13.30687545729792, "distance": 0.0 }, "geometry": { "type": "MultiPoint", "coordinates": [ [ -1604967.921491394750774, 2243893.778806968592107 ] ] } },
{ "type": "Feature", "properties": { "facility_id": "COM00396.00", "facility_name": "Escobal", "facility_other_names": null, "facility_type": "Mine", "primary_commodity": "Silver", "commodities_products": "Silver, Gold, Zinc, Lead", "facility_equipment": "Underground", "production_start": 2013.0, "production_end": null, "activity_status": "inactive", "activity_status_year": 2019.0, "surface_area_sq_km": null, "concession_area_sq_km": 29.2, "country": "Guatemala", "GID_0": "GTM", "GID_1": "GTM.18_1", "GID_2": "GTM.18.10_1", "GID_3": null, "GID_4": null, "source_id": "det_1382", "comment": null, "Reserves_data": [ { "id": 274, "year": 2019, "material": "O.bulk", "commodity": "Me.Ag", "mineral_value_tonnes": 24700000.0, "commodity_value_tonnes": NaN, "grade_ppm": NaN, "source_id": "det_1380", "comment": NaN }, { "id": 275, "year": 2019, "material": "O.bulk", "commodity": "Me.Au", "mineral_value_tonnes": 24700000.0, "commodity_value_tonnes": NaN, "grade_ppm": NaN, "source_id": "det_1380", "comment": NaN } ], "index_right": 5776, "ISO3_CODE": "GTM", "COUNTRY_NAME": "Guatemala", "AREA": 0.36527250297837249, "distance": 0.0 }, "geometry": { "type": "MultiPoint", "coordinates": [ [ -10037136.316191183403134, 1628067.566250863717869 ] ] } },
{ "type": "Feature", "properties": { "facility_id": "COM00417.00", "facility_name": "FNI Cagdianao", "facility_other_names": null, "facility_type": "Mine", "primary_commodity": "Nickel", "commodities_products": "Nickel", "facility_equipment": null, "production_start": 2007.0, "production_end": null, "activity_status": null, "activity_status_year": null, "surface_area_sq_km": null, "concession_area_sq_km": null, "country": "Philippines", "GID_0": "PHL", "GID_1": "PHL.74_1", "GID_2": "PHL.74.4_1", "GID_3": "PHL.74.4.5_1", "GID_4": null, "source_id": "det_1448", "comment": null, "Reserves_data": [ { "id": 284, "year": 2017, "material": "O.Ni", "commodity": "Me.Fe", "mineral_value_tonnes": 36342670.0, "commodity_value_tonnes": NaN, "grade_ppm": NaN, "source_id": "det_1448", "comment": NaN }, { "id": 285, "year": 2017, "material": "O.Ni", "commodity": "Me.Ni", "mineral_value_tonnes": 36342670.0, "commodity_value_tonnes": NaN, "grade_ppm": NaN, "source_id": "det_1448", "comment": NaN } ], "index_right": 5784, "ISO3_CODE": "PHL", "COUNTRY_NAME": "Philippines", "AREA": 11.365910936966928, "distance": 0.0 }, "geometry": { "type": "MultiPoint", "coordinates": [ [ 14011507.789728671312332, 1061858.556831754511222 ] ] } },
{ "type": "Feature", "properties": { "facility_id": "COM01185.00", "facility_name": "Siana", "facility_other_names": null, "facility_type": "Mine", "primary_commodity": "Gold", "commodities_products": "Gold, Silver", "facility_equipment": "Open Pit", "production_start": null, "production_end": null, "activity_status": null, "activity_status_year": null, "surface_area_sq_km": null, "concession_area_sq_km": null, "country": "Philippines", "GID_0": "PHL", "GID_1": "PHL.74_1", "GID_2": "PHL.74.10_1", "GID_3": "PHL.74.10.4_1", "GID_4": null, "source_id": "det_1497", "comment": null, "Reserves_data": [ { "id": 857, "year": 2020, "material": "O.bulk", "commodity": "Me.Ag", "mineral_value_tonnes": 3300000.0, "commodity_value_tonnes": 19.986413715, "grade_ppm": 6.691212121212121, "source_id": "det_1699", "comment": NaN }, { "id": 858, "year": 2020, "material": "O.bulk", "commodity": "Me.Au", "mineral_value_tonnes": 3300000.0, "commodity_value_tonnes": 11.509906338, "grade_ppm": 3.836363636363636, "source_id": "det_1699", "comment": NaN } ], "index_right": 5796, "ISO3_CODE": "PHL", "COUNTRY_NAME": "Philippines", "AREA": 2.0865122340940179, "distance": 0.0 }, "geometry": { "type": "MultiPoint", "coordinates": [ [ 13979289.746036622673273, 1066849.76961114234291 ] ] } },
{ "type": "Feature", "properties": { "facility_id": "COM01265.00", "facility_name": "Tasiast", "facility_other_names": null, "facility_type": "Mine", "primary_commodity": "Other (poly)-metallic", "commodities_products": "Gold", "facility_equipment": "Open pit", "production_start": null, "production_end": null, "activity_status": null, "activity_status_year": null, "surface_area_sq_km": null, "concession_area_sq_km": null, "country": "Mauritania", "GID_0": "MRT", "GID_1": "MRT.9_1", "GID_2": "MRT.9.1_1", "GID_3": null, "GID_4": null, "source_id": "det_1051", "comment": null, "Reserves_data": [ { "id": 918, "year": 2018, "material": "O.Au", "commodity": "Me.Au", "mineral_value_tonnes": 119917000.0, "commodity_value_tonnes": 210.92045112, "grade_ppm": 1.9, "source_id": "det_2836", "comment": NaN } ], "index_right": 5801, "ISO3_CODE": "MRT", "COUNTRY_NAME": "Mauritania", "AREA": 17.862180747042498, "distance": 0.0 }, "geometry": { "type": "MultiPoint", "coordinates": [ [ -1726673.504748724168167, 2338319.056777835823596 ] ] } },
{ "type": "Feature", "properties": { "facility_id": "COM00541.00", "facility_name": "Hinatuan", "facility_other_names": "Tagana-an Nickel Project", "facility_type": "Mine", "primary_commodity": "Other (poly)-metallic", "commodities_products": "Nickel", "facility_equipment": null, "production_start": null, "production_end": null, "activity_status": null, "activity_status_year": null, "surface_area_sq_km": null, "concession_area_sq_km": null, "country": "Philippines", "GID_0": "PHL", "GID_1": "PHL.74_1", "GID_2": "PHL.74.20_1", "GID_3": "PHL.74.20.40_1", "GID_4": null, "source_id": "det_1444", "comment": null, "Reserves_data": [ { "id": 357, "year": 2019, "material": "O.bulk", "commodity": "Me.Fe", "mineral_value_tonnes": 878000.0, "commodity_value_tonnes": NaN, "grade_ppm": NaN, "source_id": "det_1447", "comment": NaN }, { "id": 358, "year": 2019, "material": "O.bulk", "commodity": "Me.Ni", "mineral_value_tonnes": 878000.0, "commodity_value_tonnes": 12630.0, "grade_ppm": 14400.0, "source_id": "det_1447", "comment": NaN }, { "id": 359, "year": 2019, "material": "O.Fe", "commodity": "Me.Fe", "mineral_value_tonnes": 2472000.0, "commodity_value_tonnes": NaN, "grade_ppm": NaN, "source_id": "det_1447", "comment": NaN }, { "id": 360, "year": 2019, "material": "O.Fe", "commodity": "Me.Ni", "mineral_value_tonnes": 2472000.0, "commodity_value_tonnes": 25200.0, "grade_ppm": 10200.0, "source_id": "det_1447", "comment": NaN } ], "index_right": 5839, "ISO3_CODE": "PHL", "COUNTRY_NAME": "Philippines", "AREA": 5.4208421206304402, "distance": 0.0 }, "geometry": { "type": "MultiPoint", "coordinates": [ [ 13994574.949262855574489, 1093679.533709232229739 ] ] } },
{ "type": "Feature", "properties": { "facility_id": "COM00192.00", "facility_name": "Cagdianao", "facility_other_names": null, "facility_type": "Mine", "primary_commodity": "Other (poly)-metallic", "commodities_products": "Nickel", "facility_equipment": null, "production_start": null, "production_end": null, "activity_status": null, "activity_status_year": null, "surface_area_sq_km": null, "concession_area_sq_km": null, "country": "Philippines", "GID_0": "PHL", "GID_1": "PHL.30_1", "GID_2": "PHL.30.2_1", "GID_3": "PHL.30.2.5_1", "GID_4": null, "source_id": "det_1445", "comment": null, "Reserves_data": [ { "id": 110, "year": 2019, "material": "O.bulk", "commodity": "Me.Fe", "mineral_value_tonnes": 11461000.0, "commodity_value_tonnes": NaN, "grade_ppm": NaN, "source_id": "det_1447", "comment": NaN }, { "id": 111, "year": 2019, "material": "O.bulk", "commodity": "Me.Ni", "mineral_value_tonnes": 11461000.0, "commodity_value_tonnes": 165030.0, "grade_ppm": 14400.0, "source_id": "det_1447", "comment": NaN }, { "id": 112, "year": 2019, "material": "O.Fe", "commodity": "Me.Ni", "mineral_value_tonnes": 7862000.0, "commodity_value_tonnes": 97490.0, "grade_ppm": 12400.0, "source_id": "det_1447", "comment": NaN } ], "index_right": 5906, "ISO3_CODE": "PHL", "COUNTRY_NAME": "Philippines", "AREA": 3.0335905258627354, "distance": 0.0 }, "geometry": { "type": "MultiPoint", "coordinates": [ [ 13989326.472025355324149, 1137367.2547836038284 ] ] } },
{ "type": "Feature", "properties": { "facility_id": "COM00586.00", "facility_name": "Jabal Sayid", "facility_other_names": null, "facility_type": "Mine", "primary_commodity": "Copper", "commodities_products": "Copper", "facility_equipment": null, "production_start": 2016.0, "production_end": null, "activity_status": null, "activity_status_year": null, "surface_area_sq_km": null, "concession_area_sq_km": null, "country": "Saudi Arabia", "GID_0": "SAU", "GID_1": "SAU.5_1", "GID_2": null, "GID_3": null, "GID_4": null, "source_id": "det_1034", "comment": null, "Reserves_data": [ { "id": 386, "year": 2018, "material": "O.Cu", "commodity": "Me.Cu", "mineral_value_tonnes": 27112000.0, "commodity_value_tonnes": 646006.253354, "grade_ppm": 23830.0, "source_id": "det_1035", "comment": NaN } ], "index_right": 6067, "ISO3_CODE": "SAU", "COUNTRY_NAME": "Saudi Arabia", "AREA": 1.1555675129465106, "distance": 0.0 }, "geometry": { "type": "MultiPoint", "coordinates": [ [ 4557670.421930904500186, 2735265.701196991838515 ] ] } },
{ "type": "Feature", "properties": { "facility_id": "COM00828.00", "facility_name": "Moa Project", "facility_other_names": "Moa Nickel, Moa Joint Venture", "facility_type": "Mine", "primary_commodity": "Nickel", "commodities_products": "Nickel, Cobalt", "facility_equipment": "Surface, High-pressure acid leaching plant", "production_start": 1961.0, "production_end": null, "activity_status": null, "activity_status_year": null, "surface_area_sq_km": null, "concession_area_sq_km": 123.22, "country": "Cuba", "GID_0": "CUB", "GID_1": "CUB.7_1", "GID_2": "CUB.7.11_1", "GID_3": null, "GID_4": null, "source_id": "det_1432", "comment": null, "Reserves_data": [ { "id": 575, "year": 2019, "material": "M.lat", "commodity": "Me.Co", "mineral_value_tonnes": 51100000.0, "commodity_value_tonnes": 66800.0, "grade_ppm": 1300.0, "source_id": "det_1432", "comment": NaN }, { "id": 576, "year": 2019, "material": "M.lat", "commodity": "Me.Ni", "mineral_value_tonnes": 51100000.0, "commodity_value_tonnes": 595100.0, "grade_ppm": 11600.0, "source_id": "det_1432", "comment": NaN } ], "index_right": 6097, "ISO3_CODE": "CUB", "COUNTRY_NAME": "Cuba", "AREA": 20.936413654319743, "distance": 2652.0690856474489 }, "geometry": { "type": "MultiPoint", "coordinates": [ [ -8343407.345391201786697, 2351080.584454305004328 ] ] } },
{ "type": "Feature", "properties": { "facility_id": "COM01052.00", "facility_name": "Pueblo Viejo", "facility_other_names": null, "facility_type": "Mine", "primary_commodity": "Gold", "commodities_products": "Gold", "facility_equipment": "Open Pit", "production_start": 2013.0, "production_end": null, "activity_status": null, "activity_status_year": null, "surface_area_sq_km": null, "concession_area_sq_km": null, "country": "Dominican Republic", "GID_0": "DOM", "GID_1": "DOM.28_1", "GID_2": "DOM.28.2_1", "GID_3": null, "GID_4": null, "source_id": "det_1024", "comment": null, "Reserves_data": [ { "id": 748, "year": 2018, "material": "O.Au", "commodity": "Me.Ag", "mineral_value_tonnes": 127901666.66666669, "commodity_value_tonnes": 1986.92356866, "grade_ppm": 17.04, "source_id": "det_1035", "comment": NaN }, { "id": 749, "year": 2018, "material": "O.Au", "commodity": "Me.Au", "mineral_value_tonnes": 127901666.66666669, "commodity_value_tonnes": 309.57679116, "grade_ppm": 2.66, "source_id": "det_1035", "comment": NaN } ], "index_right": 6120, "ISO3_CODE": "DOM", "COUNTRY_NAME": "Dominican Republic", "AREA": 7.2628782868002828, "distance": 0.0 }, "geometry": { "type": "MultiPoint", "coordinates": [ [ -7812176.107944609597325, 2147902.582196351140738 ] ] } },
{ "type": "Feature", "properties": { "facility_id": "COM01189.00", "facility_name": "Sierra Rutile", "facility_other_names": "Lanti, Gangama, Sembehun", "facility_type": "Mine, Refinery", "primary_commodity": "Iron", "commodities_products": "Zircon, Rutile, Ilmenite,", "facility_equipment": null, "production_start": null, "production_end": null, "activity_status": null, "activity_status_year": null, "surface_area_sq_km": null, "concession_area_sq_km": null, "country": "Sierra Leone", "GID_0": "SLE", "GID_1": "SLE.3_1", "GID_2": "SLE.3.2_1", "GID_3": "SLE.3.2.4_1", "GID_4": null, "source_id": "det_1474", "comment": null, "Reserves_data": [ { "id": 860, "year": 2019, "material": "O.bulk", "commodity": "O.TiO2", "mineral_value_tonnes": 272000000.0, "commodity_value_tonnes": 3700000.0, "grade_ppm": 13000.0, "source_id": "det_2860", "comment": NaN } ], "index_right": 6141, "ISO3_CODE": "SLE", "COUNTRY_NAME": "Sierra Leone", "AREA": 5.0323199629725588, "distance": 143.45444935453008 }, "geometry": { "type": "MultiPoint", "coordinates": [ [ -1368637.072890789713711, 867142.544310610275716 ] ] } },
{ "type": "Feature", "properties": { "facility_id": "COM01048.00", "facility_name": "PT Trubaindo Coal Mining", "facility_other_names": "TCM, Trobaindo", "facility_type": "Mine", "primary_commodity": "Coal", "commodities_products": "Coal", "facility_equipment": "Open pit", "production_start": null, "production_end": null, "activity_status": null, "activity_status_year": null, "surface_area_sq_km": null, "concession_area_sq_km": 226.87, "country": "Indonesia", "GID_0": "IDN", "GID_1": "IDN.15_1", "GID_2": "IDN.15.5_1", "GID_3": "IDN.15.5.2_1 ; IDN.15.5.15_1", "GID_4": "IDN.15.5.2.2_1 ; IDN.15.5.15.5_1", "source_id": "det_1531", "comment": null, "Reserves_data": [ { "id": 747, "year": 2020, "material": "F.coal", "commodity": NaN, "mineral_value_tonnes": 39200000.0, "commodity_value_tonnes": NaN, "grade_ppm": NaN, "source_id": "det_1531", "comment": NaN } ], "index_right": 6160, "ISO3_CODE": "IDN", "COUNTRY_NAME": "Indonesia", "AREA": 50.601336482334453, "distance": 0.0 }, "geometry": { "type": "MultiPoint", "coordinates": [ [ 12880393.628714676946402, -61161.077766041686118 ] ] } },
{ "type": "Feature", "properties": { "facility_id": "COM01032.00", "facility_name": "PT Insani Baraperkasa", "facility_other_names": null, "facility_type": "Mine", "primary_commodity": "Coal", "commodities_products": "Coal", "facility_equipment": null, "production_start": null, "production_end": null, "activity_status": null, "activity_status_year": null, "surface_area_sq_km": null, "concession_area_sq_km": 244.77, "country": "Indonesia", "GID_0": "IDN", "GID_1": "IDN.15_1", "GID_2": "IDN.15.12_1", "GID_3": "IDN.15.12.4_1", "GID_4": "IDN.15.12.4.4_1", "source_id": "det_1536", "comment": null, "Reserves_data": [ { "id": 735, "year": 2020, "material": "F.coal", "commodity": NaN, "mineral_value_tonnes": 162960000.0, "commodity_value_tonnes": NaN, "grade_ppm": NaN, "source_id": "det_2478", "comment": NaN } ], "index_right": 6169, "ISO3_CODE": "IDN", "COUNTRY_NAME": "Indonesia", "AREA": 3.3939764549828717, "distance": 0.0 }, "geometry": { "type": "MultiPoint", "coordinates": [ [ 13034515.505852282047272, -49071.562805334309814 ] ] } },
{ "type": "Feature", "properties": { "facility_id": "COM01241.00", "facility_name": "Sukari", "facility_other_names": null, "facility_type": "Mine", "primary_commodity": "Gold", "commodities_products": "Gold", "facility_equipment": "Open pit, Underground", "production_start": null, "production_end": null, "activity_status": null, "activity_status_year": null, "surface_area_sq_km": null, "concession_area_sq_km": 160.0, "country": "Egypt", "GID_0": "EGY", "GID_1": "EGY.2_1", "GID_2": "EGY.2.5_1", "GID_3": null, "GID_4": null, "source_id": "det_1000", "comment": null, "Reserves_data": [ { "id": 895, "year": 2017, "material": "O.Au", "commodity": "Me.Au", "mineral_value_tonnes": NaN, "commodity_value_tonnes": 226.79618504, "grade_ppm": NaN, "source_id": "det_2883", "comment": NaN } ], "index_right": 6198, "ISO3_CODE": "EGY", "COUNTRY_NAME": "Egypt", "AREA": 20.054299472485159, "distance": 0.0 }, "geometry": { "type": "MultiPoint", "coordinates": [ [ 3864447.139405584894121, 2868975.473953580483794 ] ] } },
{ "type": "Feature", "properties": { "facility_id": "COM00150.00", "facility_name": "Bodai-Daldali", "facility_other_names": null, "facility_type": "Mine", "primary_commodity": "Aluminium", "commodities_products": "Bauxite, Alumina", "facility_equipment": "Open pit", "production_start": 2004.0, "production_end": null, "activity_status": null, "activity_status_year": null, "surface_area_sq_km": null, "concession_area_sq_km": 6.3, "country": "India", "GID_0": "IND", "GID_1": "IND.7_1", "GID_2": "IND.7.14_1", "GID_3": "IND.7.14.1_1", "GID_4": null, "source_id": "det_1307", "comment": null, "Reserves_data": [ { "id": 81, "year": 2019, "material": "O.Al", "commodity": "Me.Al2O3", "mineral_value_tonnes": 2540000.0, "commodity_value_tonnes": NaN, "grade_ppm": NaN, "source_id": "det_1307", "comment": NaN }, { "id": 82, "year": 2019, "material": "O.Al", "commodity": "Nm.SiO2", "mineral_value_tonnes": 2540000.0, "commodity_value_tonnes": NaN, "grade_ppm": NaN, "source_id": "det_1307", "comment": NaN } ], "index_right": 6413, "ISO3_CODE": "IND", "COUNTRY_NAME": "India", "AREA": 7.5059762297589625, "distance": 0.0 }, "geometry": { "type": "MultiPoint", "coordinates": [ [ 9037672.967968566343188, 2561529.031271374318749 ] ] } },
{ "type": "Feature", "properties": { "facility_id": "COM01151.00", "facility_name": "Sepon", "facility_other_names": null, "facility_type": "Mine", "primary_commodity": "Copper", "commodities_products": "Copper, Gold, Copper cathode, Silver", "facility_equipment": "Open pit, Leaching, SX-EW, Carbon-in-leach", "production_start": null, "production_end": null, "activity_status": null, "activity_status_year": null, "surface_area_sq_km": null, "concession_area_sq_km": null, "country": "Laos", "GID_0": "LAO", "GID_1": "LAO.12_1", "GID_2": "LAO.12.12_1", "GID_3": null, "GID_4": null, "source_id": "det_1102", "comment": "Sepon’s copper cathode is registered as Copper – Grade A quality by the London Metal Exchange (LME). Hence, Sepon copper is eligible for delivery to LME-approved warehouses.", "Reserves_data": [ { "id": 838, "year": 2016, "material": "O.Cu", "commodity": "Me.Cu", "mineral_value_tonnes": 14900000.0, "commodity_value_tonnes": NaN, "grade_ppm": NaN, "source_id": "det_2846", "comment": NaN } ], "index_right": 6418, "ISO3_CODE": "LAO", "COUNTRY_NAME": "Laos", "AREA": 10.851709800040625, "distance": 0.0 }, "geometry": { "type": "MultiPoint", "coordinates": [ [ 11799905.895138658583164, 1916126.552806455409154 ] ] } },
{ "type": "Feature", "properties": { "facility_id": "COM00017.00", "facility_name": "Al Ba’itha", "facility_other_names": null, "facility_type": "Mine", "primary_commodity": "Aluminium", "commodities_products": "Bauxite", "facility_equipment": "Open pit", "production_start": 2014.0, "production_end": null, "activity_status": null, "activity_status_year": null, "surface_area_sq_km": null, "concession_area_sq_km": null, "country": "Saudi Arabia", "GID_0": "SAU", "GID_1": "SAU.9_1", "GID_2": null, "GID_3": null, "GID_4": null, "source_id": "det_1270", "comment": null, "Reserves_data": [ { "id": 16, "year": 2019, "material": "O.Al", "commodity": "Me.Al2O3", "mineral_value_tonnes": 188724510.19592163, "commodity_value_tonnes": NaN, "grade_ppm": NaN, "source_id": "det_1270", "comment": "30.9 (probable) + 16.3 (proven)" }, { "id": 17, "year": 2019, "material": "O.Al", "commodity": "Nm.SiO2", "mineral_value_tonnes": 188724510.19592163, "commodity_value_tonnes": NaN, "grade_ppm": NaN, "source_id": "det_1270", "comment": "30.9 (probable) + 16.3 (proven)" } ], "index_right": 6486, "ISO3_CODE": "SAU", "COUNTRY_NAME": "Saudi Arabia", "AREA": 0.39359117218292328, "distance": 5.2748522618520228 }, "geometry": { "type": "MultiPoint", "coordinates": [ [ 4896573.884202948771417, 3207636.369596871547401 ] ] } },
{ "type": "Feature", "properties": { "facility_id": "COM01416.00", "facility_name": "Zawar", "facility_other_names": null, "facility_type": "Mine", "primary_commodity": "Zinc", "commodities_products": "Lead, Zinc", "facility_equipment": "Underground", "production_start": null, "production_end": null, "activity_status": null, "activity_status_year": null, "surface_area_sq_km": null, "concession_area_sq_km": null, "country": "India", "GID_0": "IND", "GID_1": "IND.29_1", "GID_2": "IND.29.33_1", "GID_3": "IND.29.33.7_1", "GID_4": null, "source_id": "det_1307", "comment": null, "Reserves_data": [ { "id": 1026, "year": 2019, "material": "O.bulk", "commodity": "Me.Ag", "mineral_value_tonnes": 10100000.0, "commodity_value_tonnes": NaN, "grade_ppm": NaN, "source_id": "det_1307", "comment": NaN }, { "id": 1027, "year": 2019, "material": "O.bulk", "commodity": "Me.Pb", "mineral_value_tonnes": 10100000.0, "commodity_value_tonnes": NaN, "grade_ppm": NaN, "source_id": "det_1307", "comment": NaN }, { "id": 1028, "year": 2019, "material": "O.bulk", "commodity": "Me.Zn", "mineral_value_tonnes": 10100000.0, "commodity_value_tonnes": NaN, "grade_ppm": NaN, "source_id": "det_1307", "comment": NaN } ], "index_right": 6535, "ISO3_CODE": "IND", "COUNTRY_NAME": "India", "AREA": 1.3676240200052292, "distance": 0.0 }, "geometry": { "type": "MultiPoint", "coordinates": [ [ 8206660.48990230448544, 2797683.948654667939991 ] ] } },
{ "type": "Feature", "properties": { "facility_id": "COM00970.00", "facility_name": "Pena Colorada", "facility_other_names": null, "facility_type": "Mine", "primary_commodity": "Iron", "commodities_products": "Iron", "facility_equipment": "Open pit", "production_start": 1974.0, "production_end": null, "activity_status": null, "activity_status_year": null, "surface_area_sq_km": null, "concession_area_sq_km": 401.4039172, "country": "Mexico", "GID_0": "MEX", "GID_1": "MEX.14_1", "GID_2": "MEX.14.30_1", "GID_3": null, "GID_4": null, "source_id": "det_1218", "comment": null, "Reserves_data": [ { "id": 685, "year": 2019, "material": "O.Fe", "commodity": "Me.Fe", "mineral_value_tonnes": 201000000.0, "commodity_value_tonnes": NaN, "grade_ppm": NaN, "source_id": "det_1218", "comment": NaN } ], "index_right": 6580, "ISO3_CODE": "MEX", "COUNTRY_NAME": "Mexico", "AREA": 10.851384145606634, "distance": 79.099052839816338 }, "geometry": { "type": "MultiPoint", "coordinates": [ [ -11587145.309326704591513, 2199001.484728253446519 ] ] } },
{ "type": "Feature", "properties": { "facility_id": "COM01061.00", "facility_name": "Rajpura Dariba", "facility_other_names": null, "facility_type": "Mine", "primary_commodity": "Zinc", "commodities_products": "Lead, Zinc", "facility_equipment": "Underground", "production_start": 1983.0, "production_end": null, "activity_status": null, "activity_status_year": null, "surface_area_sq_km": null, "concession_area_sq_km": null, "country": "India", "GID_0": "IND", "GID_1": "IND.29_1", "GID_2": "IND.29.28_1", "GID_3": "IND.29.28.7_1", "GID_4": null, "source_id": "det_1307", "comment": null, "Reserves_data": [ { "id": 764, "year": 2019, "material": "O.bulk", "commodity": "Me.Ag", "mineral_value_tonnes": 42700000.0, "commodity_value_tonnes": NaN, "grade_ppm": NaN, "source_id": "det_1307", "comment": NaN }, { "id": 765, "year": 2019, "material": "O.bulk", "commodity": "Me.Pb", "mineral_value_tonnes": 42700000.0, "commodity_value_tonnes": NaN, "grade_ppm": NaN, "source_id": "det_1307", "comment": NaN }, { "id": 766, "year": 2019, "material": "O.bulk", "commodity": "Me.Zn", "mineral_value_tonnes": 42700000.0, "commodity_value_tonnes": NaN, "grade_ppm": NaN, "source_id": "det_1307", "comment": NaN } ], "index_right": 6641, "ISO3_CODE": "IND", "COUNTRY_NAME": "India", "AREA": 1.0278571027372723, "distance": 0.0 }, "geometry": { "type": "MultiPoint", "coordinates": [ [ 8252263.688539977185428, 2869277.644516089465469 ] ] } },
{ "type": "Feature", "properties": { "facility_id": "COM00762.00", "facility_name": "Mainpat", "facility_other_names": null, "facility_type": "Mine", "primary_commodity": "Aluminium", "commodities_products": "Bauxite, Alumina", "facility_equipment": "Open pit", "production_start": 1993.0, "production_end": null, "activity_status": null, "activity_status_year": null, "surface_area_sq_km": null, "concession_area_sq_km": 6.39, "country": "India", "GID_0": "IND", "GID_1": "IND.7_1", "GID_2": "IND.7.26_1", "GID_3": "IND.7.26.3_1", "GID_4": null, "source_id": "det_1307", "comment": null, "Reserves_data": [ { "id": 521, "year": 2019, "material": "O.Al", "commodity": "Me.Al2O3", "mineral_value_tonnes": 5220000.0, "commodity_value_tonnes": NaN, "grade_ppm": NaN, "source_id": "det_1307", "comment": NaN }, { "id": 522, "year": 2019, "material": "O.Al", "commodity": "Nm.SiO2", "mineral_value_tonnes": 5220000.0, "commodity_value_tonnes": NaN, "grade_ppm": NaN, "source_id": "det_1307", "comment": NaN } ], "index_right": 6648, "ISO3_CODE": "IND", "COUNTRY_NAME": "India", "AREA": 167.17798248000739, "distance": 0.0 }, "geometry": { "type": "MultiPoint", "coordinates": [ [ 9272471.785232957452536, 2611791.533300555776805 ] ] } },
{ "type": "Feature", "properties": { "facility_id": "COM00221.00", "facility_name": "Central Coalfields Limited", "facility_other_names": "CCL", "facility_type": "Mine", "primary_commodity": "Coal", "commodities_products": "Coking coal, Thermal coal", "facility_equipment": "Open pit, Underground", "production_start": null, "production_end": null, "activity_status": null, "activity_status_year": null, "surface_area_sq_km": null, "concession_area_sq_km": null, "country": "India", "GID_0": "IND", "GID_1": "IND.15_1", "GID_2": "IND.15.1_1 ; IND.15.2_1 ; IND.15.7_1 ; IND.15.10_1 ; IND.15.20_1", "GID_3": "IND.15.1.1_1 ; IND.15.1.2_1 ; IND.15.2.1_1 ; IND.15.7.1_1 ; IND.15.10.1_1 ; IND.15.20.1_1", "GID_4": null, "source_id": "det_1503", "comment": null, "Reserves_data": [ { "id": 142, "year": 2020, "material": "F.coal", "commodity": NaN, "mineral_value_tonnes": 24737010000.0, "commodity_value_tonnes": NaN, "grade_ppm": NaN, "source_id": "det_2845", "comment": "Only proved reserve" } ], "index_right": 6734, "ISO3_CODE": "IND", "COUNTRY_NAME": "India", "AREA": 1.3158190649077659, "distance": 0.0 }, "geometry": { "type": "MultiPoint", "coordinates": [ [ 9558995.801971988752484, 2729307.649737106636167 ] ] } },
{ "type": "Feature", "properties": { "facility_id": "COM01062.00", "facility_name": "Rampura Agucha", "facility_other_names": null, "facility_type": "Mine", "primary_commodity": "Zinc", "commodities_products": "Lead, Zinc", "facility_equipment": "Open pit, Underground", "production_start": null, "production_end": null, "activity_status": null, "activity_status_year": null, "surface_area_sq_km": null, "concession_area_sq_km": null, "country": "India", "GID_0": "IND", "GID_1": "IND.29_1", "GID_2": "IND.29.7_1", "GID_3": "IND.29.7.5_1", "GID_4": null, "source_id": "det_1307", "comment": null, "Reserves_data": [ { "id": 767, "year": 2019, "material": "O.bulk", "commodity": "Me.Ag", "mineral_value_tonnes": 35300000.0, "commodity_value_tonnes": NaN, "grade_ppm": NaN, "source_id": "det_1307", "comment": NaN }, { "id": 768, "year": 2019, "material": "O.bulk", "commodity": "Me.Pb", "mineral_value_tonnes": 35300000.0, "commodity_value_tonnes": NaN, "grade_ppm": NaN, "source_id": "det_1307", "comment": NaN }, { "id": 769, "year": 2019, "material": "O.bulk", "commodity": "Me.Zn", "mineral_value_tonnes": 35300000.0, "commodity_value_tonnes": NaN, "grade_ppm": NaN, "source_id": "det_1307", "comment": NaN } ], "index_right": 6827, "ISO3_CODE": "IND", "COUNTRY_NAME": "India", "AREA": 9.3025235721096333, "distance": 0.0 }, "geometry": { "type": "MultiPoint", "coordinates": [ [ 8320210.623295546509326, 2978181.908462286926806 ] ] } },
{ "type": "Feature", "properties": { "facility_id": "COM00333.00", "facility_name": "Didipio", "facility_other_names": null, "facility_type": "Mine", "primary_commodity": "Gold", "commodities_products": "Gold, Copper, Silver", "facility_equipment": "Open Pit, Underground", "production_start": 2013.0, "production_end": null, "activity_status": null, "activity_status_year": null, "surface_area_sq_km": null, "concession_area_sq_km": 102.66, "country": "Philippines", "GID_0": "PHL", "GID_1": "PHL.63_1", "GID_2": "PHL.63.5_1", "GID_3": "PHL.63.5.8_1", "GID_4": null, "source_id": "det_1359", "comment": null, "Reserves_data": [ { "id": 233, "year": 2019, "material": "O.Au", "commodity": "Me.Ag", "mineral_value_tonnes": 43100000.0, "commodity_value_tonnes": 75.9767219884, "grade_ppm": 1.9394663573085849, "source_id": "det_1359", "comment": NaN }, { "id": 234, "year": 2019, "material": "O.Au", "commodity": "Me.Au", "mineral_value_tonnes": 43100000.0, "commodity_value_tonnes": 35.7203991438, "grade_ppm": 0.904245939675174, "source_id": "det_1359", "comment": NaN }, { "id": 235, "year": 2019, "material": "O.Au", "commodity": "Me.Cu", "mineral_value_tonnes": 43100000.0, "commodity_value_tonnes": 160000.0, "grade_ppm": 3589.0951276102087, "source_id": "det_1359", "comment": NaN } ], "index_right": 6860, "ISO3_CODE": "PHL", "COUNTRY_NAME": "Philippines", "AREA": 3.420640022387841, "distance": 0.0 }, "geometry": { "type": "MultiPoint", "coordinates": [ [ 13519918.056280205026269, 1842625.858203341253102 ] ] } },
{ "type": "Feature", "properties": { "facility_id": "COM00625.00", "facility_name": "Kayad", "facility_other_names": null, "facility_type": "Mine", "primary_commodity": "Zinc", "commodities_products": "Lead, Zinc", "facility_equipment": "Underground", "production_start": 2014.0, "production_end": null, "activity_status": null, "activity_status_year": null, "surface_area_sq_km": null, "concession_area_sq_km": null, "country": "India", "GID_0": "IND", "GID_1": "IND.29_1", "GID_2": "IND.29.1_1", "GID_3": "IND.29.1.1_1", "GID_4": null, "source_id": "det_1307", "comment": null, "Reserves_data": [ { "id": 416, "year": 2019, "material": "O.bulk", "commodity": "Me.Ag", "mineral_value_tonnes": 4500000.0, "commodity_value_tonnes": NaN, "grade_ppm": NaN, "source_id": "det_1307", "comment": NaN }, { "id": 417, "year": 2019, "material": "O.bulk", "commodity": "Me.Pb", "mineral_value_tonnes": 4500000.0, "commodity_value_tonnes": NaN, "grade_ppm": NaN, "source_id": "det_1307", "comment": NaN }, { "id": 418, "year": 2019, "material": "O.bulk", "commodity": "Me.Zn", "mineral_value_tonnes": 4500000.0, "commodity_value_tonnes": NaN, "grade_ppm": NaN, "source_id": "det_1307", "comment": NaN } ], "index_right": 6874, "ISO3_CODE": "IND", "COUNTRY_NAME": "India", "AREA": 0.42573091269334379, "distance": 0.0 }, "geometry": { "type": "MultiPoint", "coordinates": [ [ 8314702.006488186307251, 3065552.561079934239388 ] ] } },
{ "type": "Feature", "properties": { "facility_id": "COM00299.00", "facility_name": "Cozamin", "facility_other_names": null, "facility_type": "Mine", "primary_commodity": "Copper", "commodities_products": "Copper, Silver, Gold, Zinc, Lead", "facility_equipment": "Underground", "production_start": null, "production_end": null, "activity_status": null, "activity_status_year": null, "surface_area_sq_km": null, "concession_area_sq_km": null, "country": "Mexico", "GID_0": "MEX", "GID_1": "MEX.32_1", "GID_2": "MEX.32.50_1", "GID_3": null, "GID_4": null, "source_id": "det_1143", "comment": null, "Reserves_data": [ { "id": 208, "year": 2019, "material": "O.bulk", "commodity": "Me.Ag", "mineral_value_tonnes": 5166000.0, "commodity_value_tonnes": 190.22529933, "grade_ppm": 40.0, "source_id": "det_2850", "comment": NaN }, { "id": 209, "year": 2019, "material": "O.bulk", "commodity": "Me.Cu", "mineral_value_tonnes": 5166000.0, "commodity_value_tonnes": 78000.0, "grade_ppm": 15000.0, "source_id": "det_2850", "comment": NaN }, { "id": 210, "year": 2019, "material": "O.bulk", "commodity": "Me.Pb", "mineral_value_tonnes": 5166000.0, "commodity_value_tonnes": 7000.0, "grade_ppm": 1300.0, "source_id": "det_2850", "comment": NaN }, { "id": 211, "year": 2019, "material": "O.bulk", "commodity": "Me.Zn", "mineral_value_tonnes": 5166000.0, "commodity_value_tonnes": 33000.0, "grade_ppm": 6400.0, "source_id": "det_2850", "comment": NaN } ], "index_right": 7030, "ISO3_CODE": "MEX", "COUNTRY_NAME": "Mexico", "AREA": 0.80653801330569974, "distance": 156.71111589027907 }, "geometry": { "type": "MultiPoint", "coordinates": [ [ -11418796.887296875938773, 2607908.535688898060471 ] ] } },
{ "type": "Feature", "properties": { "facility_id": "COM01138.00", "facility_name": "Saucito", "facility_other_names": null, "facility_type": "Mine", "primary_commodity": "Silver", "commodities_products": "Silver, Gold, Lead, Zinc", "facility_equipment": "Underground", "production_start": 2011.0, "production_end": null, "activity_status": null, "activity_status_year": null, "surface_area_sq_km": null, "concession_area_sq_km": null, "country": "Mexico", "GID_0": "MEX", "GID_1": "MEX.32_1", "GID_2": "MEX.32.11_1", "GID_3": null, "GID_4": null, "source_id": "det_1125", "comment": null, "Reserves_data": [ { "id": 828, "year": 2018, "material": "O.bulk", "commodity": "Me.Ag", "mineral_value_tonnes": 14910000.0, "commodity_value_tonnes": 376.736811147, "grade_ppm": 272.0, "source_id": "det_1126", "comment": NaN }, { "id": 829, "year": 2018, "material": "O.bulk", "commodity": "Me.Au", "mineral_value_tonnes": 14910000.0, "commodity_value_tonnes": 19.249326117000003, "grade_ppm": 1.42, "source_id": "det_1126", "comment": NaN }, { "id": 830, "year": 2018, "material": "O.bulk", "commodity": "Me.Pb", "mineral_value_tonnes": 14910000.0, "commodity_value_tonnes": 192000.0, "grade_ppm": 12900.0, "source_id": "det_1126", "comment": NaN }, { "id": 831, "year": 2018, "material": "O.bulk", "commodity": "Me.Zn", "mineral_value_tonnes": 14910000.0, "commodity_value_tonnes": 333000.0, "grade_ppm": 22400.000000000004, "source_id": "det_1126", "comment": NaN } ], "index_right": 7169, "ISO3_CODE": "MEX", "COUNTRY_NAME": "Mexico", "AREA": 2.4054362976468373, "distance": 0.0 }, "geometry": { "type": "MultiPoint", "coordinates": [ [ -11457657.564056947827339, 2647411.944105340633541 ] ] } },
{ "type": "Feature", "properties": { "facility_id": "COM00429.00", "facility_name": "Fresnillo", "facility_other_names": null, "facility_type": "Mine", "primary_commodity": "Silver", "commodities_products": "Silver, Gold, Lead, Zinc", "facility_equipment": "Underground", "production_start": 1554.0, "production_end": null, "activity_status": null, "activity_status_year": null, "surface_area_sq_km": null, "concession_area_sq_km": null, "country": "Mexico", "GID_0": "MEX", "GID_1": "MEX.32_1", "GID_2": "MEX.32.11_1", "GID_3": null, "GID_4": null, "source_id": "det_1125", "comment": null, "Reserves_data": [ { "id": 294, "year": 2018, "material": "O.bulk", "commodity": "Me.Ag", "mineral_value_tonnes": 22572000.0, "commodity_value_tonnes": 5008.113335088, "grade_ppm": 243.0, "source_id": "det_1126", "comment": NaN }, { "id": 295, "year": 2018, "material": "O.bulk", "commodity": "Me.Au", "mineral_value_tonnes": 22572000.0, "commodity_value_tonnes": 16.045830018, "grade_ppm": 0.78, "source_id": "det_1126", "comment": NaN }, { "id": 296, "year": 2018, "material": "O.bulk", "commodity": "Me.Pb", "mineral_value_tonnes": 22572000.0, "commodity_value_tonnes": 355000.0, "grade_ppm": 15700.000000000002, "source_id": "det_1126", "comment": NaN }, { "id": 297, "year": 2018, "material": "O.bulk", "commodity": "Me.Zn", "mineral_value_tonnes": 22572000.0, "commodity_value_tonnes": 755000.0, "grade_ppm": 33500.0, "source_id": "det_1126", "comment": NaN } ], "index_right": 7173, "ISO3_CODE": "MEX", "COUNTRY_NAME": "Mexico", "AREA": 0.77226853893374614, "distance": 0.0 }, "geometry": { "type": "MultiPoint", "coordinates": [ [ -11451685.268030213192105, 2651621.698472657706589 ] ] } },
{ "type": "Feature", "properties": { "facility_id": "COM00269.00", "facility_name": "Cobre Las Cruces", "facility_other_names": "Las Cruces", "facility_type": "Mine", "primary_commodity": "Copper", "commodities_products": "Copper, Copper cathode", "facility_equipment": "Open pit, Leaching tanks", "production_start": 2009.0, "production_end": null, "activity_status": null, "activity_status_year": null, "surface_area_sq_km": null, "concession_area_sq_km": null, "country": "Spain", "GID_0": "ESP", "GID_1": "ESP.1_1", "GID_2": "ESP.1.8_1", "GID_3": "ESP.1.8.1_1", "GID_4": "ESP.1.8.1.13_1", "source_id": "det_1090", "comment": null, "Reserves_data": [ { "id": 189, "year": 2017, "material": "O.Cu", "commodity": "Me.Cu", "mineral_value_tonnes": 4300000.0, "commodity_value_tonnes": NaN, "grade_ppm": NaN, "source_id": "det_2848", "comment": NaN } ], "index_right": 7259, "ISO3_CODE": "ESP", "COUNTRY_NAME": "Spain", "AREA": 4.3605508680172003, "distance": 0.0 }, "geometry": { "type": "MultiPoint", "coordinates": [ [ -679575.268051184830256, 4508508.199018479324877 ] ] } },
{ "type": "Feature", "properties": { "facility_id": "COM00889.00", "facility_name": "Neves Corvo", "facility_other_names": null, "facility_type": "Mine", "primary_commodity": "Copper", "commodities_products": "Copper, Zinc, Lead, Silver, Tin", "facility_equipment": "Underground", "production_start": null, "production_end": null, "activity_status": null, "activity_status_year": null, "surface_area_sq_km": null, "concession_area_sq_km": null, "country": "Portugal", "GID_0": "PRT", "GID_1": "PRT.3_1", "GID_2": "PRT.3.6_1", "GID_3": "PRT.3.6.4_1", "GID_4": null, "source_id": "det_1204", "comment": null, "Reserves_data": [ { "id": 622, "year": 2019, "material": "O.bulk", "commodity": "Me.Ag", "mineral_value_tonnes": 27917000.0, "commodity_value_tonnes": 15308.7424902, "grade_ppm": 64.0, "source_id": "det_2842", "comment": NaN }, { "id": 623, "year": 2019, "material": "O.bulk", "commodity": "Me.Cu", "mineral_value_tonnes": 27917000.0, "commodity_value_tonnes": 98000.0, "grade_ppm": 3000.0, "source_id": "det_2842", "comment": NaN }, { "id": 624, "year": 2019, "material": "O.bulk", "commodity": "Me.Pb", "mineral_value_tonnes": 27917000.0, "commodity_value_tonnes": 540000.0, "grade_ppm": 18000.0, "source_id": "det_2842", "comment": NaN }, { "id": 625, "year": 2019, "material": "O.bulk", "commodity": "Me.Zn", "mineral_value_tonnes": 27917000.0, "commodity_value_tonnes": 2214000.0, "grade_ppm": 75000.0, "source_id": "det_2842", "comment": NaN } ], "index_right": 7274, "ISO3_CODE": "PRT", "COUNTRY_NAME": "Portugal", "AREA": 1.3530652653811739, "distance": 0.0 }, "geometry": { "type": "MultiPoint", "coordinates": [ [ -888117.561955954646692, 4519562.975420140661299 ] ] } },
{ "type": "Feature", "properties": { "facility_id": "COM00971.00", "facility_name": "Penasquito", "facility_other_names": null, "facility_type": "Mine", "primary_commodity": "Gold", "commodities_products": "Gold, Silver, Lead, Zinc", "facility_equipment": "Open pit", "production_start": 2010.0, "production_end": null, "activity_status": null, "activity_status_year": null, "surface_area_sq_km": null, "concession_area_sq_km": 458.23, "country": "Mexico", "GID_0": "MEX", "GID_1": "MEX.32_1", "GID_2": "MEX.32.26_1", "GID_3": null, "GID_4": null, "source_id": "det_1151", "comment": null, "Reserves_data": [ { "id": 686, "year": 2019, "material": "O.Au", "commodity": "Me.Au", "mineral_value_tonnes": 486800000.0, "commodity_value_tonnes": 229.06414584, "grade_ppm": 0.4819418932100001, "source_id": "det_1151", "comment": NaN } ], "index_right": 7300, "ISO3_CODE": "MEX", "COUNTRY_NAME": "Mexico", "AREA": 51.586466162630593, "distance": 0.0 }, "geometry": { "type": "MultiPoint", "coordinates": [ [ -11323171.863840444013476, 2833674.997962737455964 ] ] } },
{ "type": "Feature", "properties": { "facility_id": "COM00986.00", "facility_name": "Pingguo", "facility_other_names": "Guangxi Plant, Pingguo Plant, Guangxi branch", "facility_type": "Mine, Refinery, Smelter", "primary_commodity": "Aluminium", "commodities_products": "Bauxite, Alumina, Aluminium", "facility_equipment": "Open pit", "production_start": 1994.0, "production_end": null, "activity_status": "active", "activity_status_year": 2019.0, "surface_area_sq_km": null, "concession_area_sq_km": null, "country": "China", "GID_0": "CHN", "GID_1": "CHN.7_1", "GID_2": "CHN.7.1_1", "GID_3": "CHN.7.1.8_1", "GID_4": null, "source_id": "det_1273", "comment": "Primary aluminium Smelter closed in 2014", "Reserves_data": [ { "id": 701, "year": 2019, "material": "O.Al", "commodity": "Me.Al2O3", "mineral_value_tonnes": 80080000.0, "commodity_value_tonnes": NaN, "grade_ppm": NaN, "source_id": "det_1274", "comment": NaN }, { "id": 702, "year": 2019, "material": "O.Al", "commodity": "Nm.SiO2", "mineral_value_tonnes": 80080000.0, "commodity_value_tonnes": NaN, "grade_ppm": NaN, "source_id": "det_1274", "comment": NaN } ], "index_right": 7500, "ISO3_CODE": "CHN", "COUNTRY_NAME": "China", "AREA": 1.4173655574573547, "distance": 2599.5235572677329 }, "geometry": { "type": "MultiPoint", "coordinates": [ [ 11980147.024015475064516, 2684064.587412737775594 ] ] } },
{ "type": "Feature", "properties": { "facility_id": "COM00258.00", "facility_name": "Cienega", "facility_other_names": null, "facility_type": "Mine", "primary_commodity": "Gold", "commodities_products": "Silver, Gold, Lead, Zinc", "facility_equipment": "Underground", "production_start": 1992.0, "production_end": null, "activity_status": null, "activity_status_year": null, "surface_area_sq_km": null, "concession_area_sq_km": null, "country": "Mexico", "GID_0": "MEX", "GID_1": "MEX.10_1", "GID_2": "MEX.10.35_1", "GID_3": null, "GID_4": null, "source_id": "det_1125", "comment": null, "Reserves_data": [ { "id": 179, "year": 2018, "material": "O.bulk", "commodity": "Me.Ag", "mineral_value_tonnes": 8950000.0, "commodity_value_tonnes": 1613.995043436, "grade_ppm": 198.0, "source_id": "det_1126", "comment": NaN }, { "id": 180, "year": 2018, "material": "O.bulk", "commodity": "Me.Au", "mineral_value_tonnes": 8950000.0, "commodity_value_tonnes": 16.953014754, "grade_ppm": 2.08, "source_id": "det_1126", "comment": NaN }, { "id": 181, "year": 2018, "material": "O.bulk", "commodity": "Me.Pb", "mineral_value_tonnes": 8950000.0, "commodity_value_tonnes": 74000.0, "grade_ppm": 8199.999999999998, "source_id": "det_1126", "comment": NaN }, { "id": 182, "year": 2018, "material": "O.bulk", "commodity": "Me.Zn", "mineral_value_tonnes": 8950000.0, "commodity_value_tonnes": 112000.0, "grade_ppm": 12500.0, "source_id": "det_1126", "comment": NaN } ], "index_right": 7716, "ISO3_CODE": "MEX", "COUNTRY_NAME": "Mexico", "AREA": 0.20896611410253751, "distance": 173.96942657274479 }, "geometry": { "type": "MultiPoint", "coordinates": [ [ -11837792.696120964363217, 2881728.700317060574889 ] ] } },
{ "type": "Feature", "properties": { "facility_id": "COM01123.00", "facility_name": "San Julian", "facility_other_names": null, "facility_type": "Mine", "primary_commodity": "Silver", "commodities_products": "Silver, Gold, Lead, Zinc", "facility_equipment": "Underground", "production_start": 2016.0, "production_end": null, "activity_status": null, "activity_status_year": null, "surface_area_sq_km": null, "concession_area_sq_km": null, "country": "Mexico", "GID_0": "MEX", "GID_1": "MEX.10_1", "GID_2": "MEX.10.10_1", "GID_3": null, "GID_4": null, "source_id": "det_1125", "comment": null, "Reserves_data": [ { "id": 818, "year": 2018, "material": "O.bulk", "commodity": "Me.Ag", "mineral_value_tonnes": 18454000.0, "commodity_value_tonnes": 3178.406771145, "grade_ppm": 188.95838300639429, "source_id": "det_1126", "comment": NaN }, { "id": 819, "year": 2018, "material": "O.bulk", "commodity": "Me.Au", "mineral_value_tonnes": 18454000.0, "commodity_value_tonnes": 8.107963578, "grade_ppm": 0.4821978974748022, "source_id": "det_1126", "comment": NaN }, { "id": 820, "year": 2018, "material": "O.bulk", "commodity": "Me.Pb", "mineral_value_tonnes": 13998000.0, "commodity_value_tonnes": 83000.0, "grade_ppm": 5900.0, "source_id": "det_1126", "comment": NaN }, { "id": 821, "year": 2018, "material": "O.bulk", "commodity": "Me.Zn", "mineral_value_tonnes": 13998000.0, "commodity_value_tonnes": 211000.0, "grade_ppm": 15100.0, "source_id": "det_1126", "comment": NaN } ], "index_right": 8076, "ISO3_CODE": "MEX", "COUNTRY_NAME": "Mexico", "AREA": 1.548229314104586, "distance": 0.0 }, "geometry": { "type": "MultiPoint", "coordinates": [ [ -11855621.067068362608552, 3003049.431362422648817 ] ] } },
{ "type": "Feature", "properties": { "facility_id": "COM00216.00", "facility_name": "Cayeli", "facility_other_names": null, "facility_type": "Mine", "primary_commodity": "Copper", "commodities_products": "Copper, Zinc", "facility_equipment": null, "production_start": null, "production_end": null, "activity_status": null, "activity_status_year": null, "surface_area_sq_km": null, "concession_area_sq_km": null, "country": "Turkey", "GID_0": "TUR", "GID_1": "TUR.65_1", "GID_2": "TUR.65.3_1", "GID_3": null, "GID_4": null, "source_id": "det_1089", "comment": null, "Reserves_data": [ { "id": 133, "year": 2017, "material": "O.bulk", "commodity": "Me.Ag", "mineral_value_tonnes": 4100000.0, "commodity_value_tonnes": NaN, "grade_ppm": NaN, "source_id": "det_2844", "comment": NaN }, { "id": 134, "year": 2017, "material": "O.bulk", "commodity": "Me.Au", "mineral_value_tonnes": 4100000.0, "commodity_value_tonnes": NaN, "grade_ppm": NaN, "source_id": "det_2844", "comment": NaN }, { "id": 135, "year": 2017, "material": "O.bulk", "commodity": "Me.Zn", "mineral_value_tonnes": 4100000.0, "commodity_value_tonnes": NaN, "grade_ppm": NaN, "source_id": "det_2844", "comment": NaN }, { "id": 136, "year": 2017, "material": "O.Cu", "commodity": "Me.Cu", "mineral_value_tonnes": 4100000.0, "commodity_value_tonnes": NaN, "grade_ppm": NaN, "source_id": "det_2844", "comment": NaN } ], "index_right": 8356, "ISO3_CODE": "TUR", "COUNTRY_NAME": "Turkey", "AREA": 0.11592172078945713, "distance": 50.887108052444127 }, "geometry": { "type": "MultiPoint", "coordinates": [ [ 4537943.027425567619503, 5018167.629836943931878 ] ] } },
{ "type": "Feature", "properties": { "facility_id": "COM00532.00", "facility_name": "Hercules", "facility_other_names": "MINOSA, Hercules Unit", "facility_type": "Mine", "primary_commodity": "Iron", "commodities_products": "Iron ore", "facility_equipment": "Open pit, Underground", "production_start": null, "production_end": null, "activity_status": null, "activity_status_year": null, "surface_area_sq_km": null, "concession_area_sq_km": null, "country": "Mexico", "GID_0": "MEX", "GID_1": "MEX.7_1", "GID_2": "MEX.7.34_1", "GID_3": null, "GID_4": null, "source_id": "det_1371", "comment": "Hercules Unit currently operates 7 iron ore pits and two underground mines", "Reserves_data": [ { "id": 353, "year": 2018, "material": "O.Fe", "commodity": "Me.Fe", "mineral_value_tonnes": 207200000.0, "commodity_value_tonnes": NaN, "grade_ppm": NaN, "source_id": "det_1371", "comment": NaN } ], "index_right": 8386, "ISO3_CODE": "MEX", "COUNTRY_NAME": "Mexico", "AREA": 25.791894002574914, "distance": 470.27101128113708 }, "geometry": { "type": "MultiPoint", "coordinates": [ [ -11550919.486102627590299, 3253180.815240991301835 ] ] } },
{ "type": "Feature", "properties": { "facility_id": "COM00516.00", "facility_name": "Haile", "facility_other_names": "HGM", "facility_type": "Mine", "primary_commodity": "Gold", "commodities_products": "Gold", "facility_equipment": "Open Pit, Underground", "production_start": 1837.0, "production_end": null, "activity_status": null, "activity_status_year": null, "surface_area_sq_km": null, "concession_area_sq_km": null, "country": "United States of America", "GID_0": "USA", "GID_1": "USA.41_1", "GID_2": "USA.41.29_1", "GID_3": null, "GID_4": null, "source_id": "det_1359", "comment": null, "Reserves_data": [ { "id": 342, "year": 2019, "material": "O.Au", "commodity": "Me.Au", "mineral_value_tonnes": 47500000.0, "commodity_value_tonnes": 80.79614092050001, "grade_ppm": 1.8725263157894736, "source_id": "det_1359", "comment": NaN } ], "index_right": 8404, "ISO3_CODE": "USA", "COUNTRY_NAME": "United States", "AREA": 10.817836136221931, "distance": 0.0 }, "geometry": { "type": "MultiPoint", "coordinates": [ [ -8965586.951906319707632, 4109347.571201403159648 ] ] } },
{ "type": "Feature", "properties": { "facility_id": "COM00509.00", "facility_name": "Guizhou", "facility_other_names": null, "facility_type": "Mine, Refinery, Smelter", "primary_commodity": "Aluminium", "commodities_products": "Bauxite, Alumina, Aluminium", "facility_equipment": "Open pit, Underground", "production_start": 1978.0, "production_end": null, "activity_status": "active", "activity_status_year": 2019.0, "surface_area_sq_km": null, "concession_area_sq_km": null, "country": "China", "GID_0": "CHN", "GID_1": "CHN.8_1", "GID_2": "CHN.8.3_1", "GID_3": "CHN.8.3.1_1 ; CHN.8.3.3_1 ; CHN.8.3.5_1", "GID_4": null, "source_id": "det_1274", "comment": null, "Reserves_data": [ { "id": 336, "year": 2019, "material": "O.Al", "commodity": "Me.Al2O3", "mineral_value_tonnes": 41680000.0, "commodity_value_tonnes": NaN, "grade_ppm": NaN, "source_id": "det_1274", "comment": NaN }, { "id": 337, "year": 2019, "material": "O.Al", "commodity": "Nm.SiO2", "mineral_value_tonnes": 41680000.0, "commodity_value_tonnes": NaN, "grade_ppm": NaN, "source_id": "det_1274", "comment": NaN } ], "index_right": 8427, "ISO3_CODE": "CHN", "COUNTRY_NAME": "China", "AREA": 6.8512278139742415, "distance": 0.0 }, "geometry": { "type": "MultiPoint", "coordinates": [ [ 11868010.072723774239421, 3098232.992162975482643 ] ] } },
{ "type": "Feature", "properties": { "facility_id": "COM00157.00", "facility_name": "Bolivar", "facility_other_names": null, "facility_type": "Mine", "primary_commodity": "Copper", "commodities_products": "Copper, Zinc, Silver, Gold", "facility_equipment": "Underground", "production_start": null, "production_end": null, "activity_status": null, "activity_status_year": null, "surface_area_sq_km": null, "concession_area_sq_km": 68.0, "country": "Mexico", "GID_0": "MEX", "GID_1": "MEX.6_1", "GID_2": "MEX.6.64_1", "GID_3": null, "GID_4": null, "source_id": "det_1385", "comment": null, "Reserves_data": [ { "id": 86, "year": 2019, "material": "O.bulk", "commodity": "Me.Ag", "mineral_value_tonnes": 7925000.0, "commodity_value_tonnes": 141.74761565, "grade_ppm": 19.0, "source_id": "det_2129", "comment": NaN }, { "id": 87, "year": 2019, "material": "O.bulk", "commodity": "Me.Au", "mineral_value_tonnes": 7925000.0, "commodity_value_tonnes": 1.814369472, "grade_ppm": 0.25, "source_id": "det_2129", "comment": NaN }, { "id": 88, "year": 2019, "material": "O.bulk", "commodity": "Me.Cu", "mineral_value_tonnes": 7925000.0, "commodity_value_tonnes": 68038.8555, "grade_ppm": 8600.0, "source_id": "det_2129", "comment": NaN } ], "index_right": 8462, "ISO3_CODE": "MEX", "COUNTRY_NAME": "Mexico", "AREA": 0.066705702225660482, "distance": 0.0 }, "geometry": { "type": "MultiPoint", "coordinates": [ [ -12021314.074721224606037, 3135261.833169404417276 ] ] } },
{ "type": "Feature", "properties": { "facility_id": "COM00697.00", "facility_name": "La Perla", "facility_other_names": "MINOSA, La Perla Unit", "facility_type": "Mine", "primary_commodity": "Other mine", "commodities_products": "Iron ore", "facility_equipment": "Open pit", "production_start": null, "production_end": null, "activity_status": null, "activity_status_year": null, "surface_area_sq_km": null, "concession_area_sq_km": null, "country": "Mexico", "GID_0": "MEX", "GID_1": "MEX.6_1", "GID_2": "MEX.6.11_1", "GID_3": null, "GID_4": null, "source_id": "det_1371", "comment": "La Perla Unit operates 2 iron ore pits", "Reserves_data": [ { "id": 477, "year": 2018, "material": "O.Fe", "commodity": "Me.Fe", "mineral_value_tonnes": 21900000.0, "commodity_value_tonnes": NaN, "grade_ppm": NaN, "source_id": "det_1371", "comment": NaN } ], "index_right": 8475, "ISO3_CODE": "MEX", "COUNTRY_NAME": "Mexico", "AREA": 4.3007734792752146, "distance": 0.0 }, "geometry": { "type": "MultiPoint", "coordinates": [ [ -11639487.287866108119488, 3288713.090308241546154 ] ] } },
{ "type": "Feature", "properties": { "facility_id": "COM01180.00", "facility_name": "Shoal Creek", "facility_other_names": null, "facility_type": "Mine", "primary_commodity": "Coal", "commodities_products": "Coking coal", "facility_equipment": "Underground", "production_start": null, "production_end": null, "activity_status": null, "activity_status_year": null, "surface_area_sq_km": null, "concession_area_sq_km": null, "country": "United States of America", "GID_0": "USA", "GID_1": "USA.1_1", "GID_2": "USA.1.64_1", "GID_3": null, "GID_4": null, "source_id": "det_1390", "comment": null, "Reserves_data": [ { "id": 853, "year": 2019, "material": "F.coc", "commodity": NaN, "mineral_value_tonnes": 48081600.0, "commodity_value_tonnes": NaN, "grade_ppm": NaN, "source_id": "det_2144", "comment": NaN } ], "index_right": 8586, "ISO3_CODE": "USA", "COUNTRY_NAME": "United States", "AREA": 3.7284698745297269, "distance": 5496.7317186584869 }, "geometry": { "type": "MultiPoint", "coordinates": [ [ -9718687.875334434211254, 3964508.578858552500606 ] ] } },
{ "type": "Feature", "properties": { "facility_id": "COM00954.00", "facility_name": "Palmarejo", "facility_other_names": null, "facility_type": "Mine", "primary_commodity": "Silver", "commodities_products": "Gold, Silver", "facility_equipment": "Underground, Open pit", "production_start": 2009.0, "production_end": null, "activity_status": null, "activity_status_year": null, "surface_area_sq_km": null, "concession_area_sq_km": 272.33, "country": "Mexico", "GID_0": "MEX", "GID_1": "MEX.6_1", "GID_2": "MEX.6.15_1", "GID_3": null, "GID_4": null, "source_id": "det_1477", "comment": null, "Reserves_data": [ { "id": 674, "year": 2019, "material": "O.bulk", "commodity": "Me.Ag", "mineral_value_tonnes": 11669000.0, "commodity_value_tonnes": 1431.424115316, "grade_ppm": 122.7534351529, "source_id": "det_1477", "comment": NaN }, { "id": 675, "year": 2019, "material": "O.bulk", "commodity": "Me.Au", "mineral_value_tonnes": 11669000.0, "commodity_value_tonnes": 19.646219439, "grade_ppm": 1.67262186467, "source_id": "det_1477", "comment": NaN } ], "index_right": 8595, "ISO3_CODE": "MEX", "COUNTRY_NAME": "Mexico", "AREA": 4.6006841017464026, "distance": 0.0 }, "geometry": { "type": "MultiPoint", "coordinates": [ [ -12067954.04870081320405, 3172429.505398860666901 ] ] } },
{ "type": "Feature", "properties": { "facility_id": "COM01012.00", "facility_name": "Prijedor", "facility_other_names": "Omarska, Buvac, Jezero, Mamuze", "facility_type": "Mine", "primary_commodity": "Iron", "commodities_products": "Iron", "facility_equipment": "Open pit", "production_start": 1916.0, "production_end": null, "activity_status": null, "activity_status_year": null, "surface_area_sq_km": null, "concession_area_sq_km": 20.0, "country": "Bosnia and Herzegovina", "GID_0": "BIH", "GID_1": "BIH.3_1", "GID_2": "BIH.3.1_1", "GID_3": "BIH.3.1.16_1", "GID_4": null, "source_id": "det_1218", "comment": null, "Reserves_data": [ { "id": 720, "year": 2019, "material": "O.Fe", "commodity": "Me.Fe", "mineral_value_tonnes": 12000000.0, "commodity_value_tonnes": NaN, "grade_ppm": NaN, "source_id": "det_1218", "comment": NaN } ], "index_right": 8662, "ISO3_CODE": "BIH", "COUNTRY_NAME": "Bosnia and Herzegovina", "AREA": 6.1163178388519732, "distance": 0.0 }, "geometry": { "type": "MultiPoint", "coordinates": [ [ 1881053.364529155194759, 5601715.688474507071078 ] ] } },
{ "type": "Feature", "properties": { "facility_id": "COM00414.00", "facility_name": "Five Forks", "facility_other_names": "Demery Resources Company", "facility_type": "Mine", "primary_commodity": "Coal", "commodities_products": "Lignite", "facility_equipment": "Surface", "production_start": null, "production_end": null, "activity_status": null, "activity_status_year": null, "surface_area_sq_km": null, "concession_area_sq_km": null, "country": "United States of America", "GID_0": "USA", "GID_1": "USA.19_1", "GID_2": "USA.19.35_1", "GID_3": null, "GID_4": null, "source_id": "det_1373", "comment": null, "Reserves_data": [ { "id": 282, "year": 2019, "material": "F.coal", "commodity": NaN, "mineral_value_tonnes": 4445280.0, "commodity_value_tonnes": NaN, "grade_ppm": NaN, "source_id": "det_1373", "comment": NaN } ], "index_right": 8685, "ISO3_CODE": "USA", "COUNTRY_NAME": "United States", "AREA": 1.128778117138022, "distance": 2.205995491230861 }, "geometry": { "type": "MultiPoint", "coordinates": [ [ -10363348.185848476365209, 3763816.049463239032775 ] ] } },
{ "type": "Feature", "properties": { "facility_id": "COM01073.00", "facility_name": "Red Hills", "facility_other_names": "Mississippi Lignite Mining Company", "facility_type": "Mine", "primary_commodity": "Coal", "commodities_products": "Lignite", "facility_equipment": "Surface", "production_start": 2000.0, "production_end": null, "activity_status": null, "activity_status_year": null, "surface_area_sq_km": null, "concession_area_sq_km": 27.680796, "country": "United States of America", "GID_0": "USA", "GID_1": "USA.25_1", "GID_2": "USA.25.10_1", "GID_3": null, "GID_4": null, "source_id": "det_1373", "comment": null, "Reserves_data": [ { "id": 783, "year": 2019, "material": "F.coal", "commodity": NaN, "mineral_value_tonnes": 217728000.0, "commodity_value_tonnes": NaN, "grade_ppm": NaN, "source_id": "det_1373", "comment": NaN } ], "index_right": 8740, "ISO3_CODE": "USA", "COUNTRY_NAME": "United States", "AREA": 25.335473231413097, "distance": 0.0 }, "geometry": { "type": "MultiPoint", "coordinates": [ [ -9932431.28301584161818, 3946141.919918445404619 ] ] } },
{ "type": "Feature", "properties": { "facility_id": "COM01430.00", "facility_name": "Zijinshan", "facility_other_names": "Fujian Zijinshan", "facility_type": "Mine", "primary_commodity": "Gold", "commodities_products": "Gold, Copper, Copper cathodes, Silver", "facility_equipment": "Open Pit", "production_start": 1980.0, "production_end": null, "activity_status": null, "activity_status_year": null, "surface_area_sq_km": 30.0, "concession_area_sq_km": null, "country": "China", "GID_0": "CHN", "GID_1": "CHN.4_1", "GID_2": "CHN.4.2_1", "GID_3": "CHN.4.2.4_1", "GID_4": null, "source_id": "det_1315", "comment": null, "Reserves_data": [ { "id": 1033, "year": 2018, "material": "O.bulk", "commodity": "Me.Au", "mineral_value_tonnes": NaN, "commodity_value_tonnes": 0.357, "grade_ppm": 0.32, "source_id": "det_1332", "comment": NaN }, { "id": 1034, "year": 2018, "material": "O.bulk", "commodity": "Me.Cu", "mineral_value_tonnes": NaN, "commodity_value_tonnes": 501440.0, "grade_ppm": 6800.000000000001, "source_id": "det_1332", "comment": NaN } ], "index_right": 8770, "ISO3_CODE": "CHN", "COUNTRY_NAME": "China", "AREA": 18.908501605018234, "distance": 0.0 }, "geometry": { "type": "MultiPoint", "coordinates": [ [ 12958194.020669605582952, 2899074.720862027723342 ] ] } },
{ "type": "Feature", "properties": { "facility_id": "COM00778.00", "facility_name": "Marshall", "facility_other_names": "Caddo Creek Resources", "facility_type": "Mine", "primary_commodity": "Coal", "commodities_products": "Lignite", "facility_equipment": "Surface", "production_start": 2014.0, "production_end": null, "activity_status": null, "activity_status_year": null, "surface_area_sq_km": null, "concession_area_sq_km": null, "country": "United States of America", "GID_0": "USA", "GID_1": "USA.44_1", "GID_2": "USA.44.102_1", "GID_3": null, "GID_4": null, "source_id": "det_1373", "comment": null, "Reserves_data": [ { "id": 537, "year": 2019, "material": "F.coal", "commodity": NaN, "mineral_value_tonnes": 17418240.0, "commodity_value_tonnes": NaN, "grade_ppm": NaN, "source_id": "det_1373", "comment": NaN } ], "index_right": 8798, "ISO3_CODE": "USA", "COUNTRY_NAME": "United States", "AREA": 3.1504760027525442, "distance": 0.0 }, "geometry": { "type": "MultiPoint", "coordinates": [ [ -10497891.035045126453042, 3808028.726136827841401 ] ] } },
{ "type": "Feature", "properties": { "facility_id": "COM00990.00", "facility_name": "Pinos Altos", "facility_other_names": null, "facility_type": "Mine", "primary_commodity": "Gold", "commodities_products": "Gold, Silver", "facility_equipment": "Open pit, Underground", "production_start": 2009.0, "production_end": null, "activity_status": null, "activity_status_year": null, "surface_area_sq_km": null, "concession_area_sq_km": null, "country": "Mexico", "GID_0": "MEX", "GID_1": "MEX.6_1", "GID_2": "MEX.6.51_1", "GID_3": null, "GID_4": null, "source_id": "det_1353", "comment": null, "Reserves_data": [ { "id": 703, "year": 2019, "material": "O.bulk", "commodity": "Me.Ag", "mineral_value_tonnes": 15215000.0, "commodity_value_tonnes": 737.115947523, "grade_ppm": 53.149116661189616, "source_id": "det_1632", "comment": NaN }, { "id": 704, "year": 2019, "material": "O.bulk", "commodity": "Me.Au", "mineral_value_tonnes": 15215000.0, "commodity_value_tonnes": 28.859814414, "grade_ppm": 2.081422280644101, "source_id": "det_1632", "comment": NaN } ], "index_right": 8852, "ISO3_CODE": "MEX", "COUNTRY_NAME": "Mexico", "AREA": 4.057460482043008, "distance": 0.0 }, "geometry": { "type": "MultiPoint", "coordinates": [ [ -12056241.045275392010808, 3283127.732805388979614 ] ] } },
{ "type": "Feature", "properties": { "facility_id": "COM01211.00", "facility_name": "South Hallsville No. 1", "facility_other_names": "The Sabine Mining Company", "facility_type": "Mine", "primary_commodity": "Coal", "commodities_products": "Lignite", "facility_equipment": "Surface", "production_start": 1985.0, "production_end": null, "activity_status": null, "activity_status_year": null, "surface_area_sq_km": null, "concession_area_sq_km": null, "country": "United States of America", "GID_0": "USA", "GID_1": "USA.44_1", "GID_2": "USA.44.102_1", "GID_3": null, "GID_4": null, "source_id": "det_1373", "comment": null, "Reserves_data": [ { "id": 879, "year": 2019, "material": "F.coal", "commodity": NaN, "mineral_value_tonnes": 93078720.0, "commodity_value_tonnes": NaN, "grade_ppm": NaN, "source_id": "det_1373", "comment": NaN } ], "index_right": 8862, "ISO3_CODE": "USA", "COUNTRY_NAME": "United States", "AREA": 1.2917794084562246, "distance": 3133.4937596188115 }, "geometry": { "type": "MultiPoint", "coordinates": [ [ -10522012.419216094538569, 3825950.672751243691891 ] ] } },
{ "type": "Feature", "properties": { "facility_id": "COM01418.00", "facility_name": "Zeravshan", "facility_other_names": "JV Zeravshan LLC, ZGC", "facility_type": "Mine", "primary_commodity": "Gold", "commodities_products": "Gold", "facility_equipment": "Open Pit, Underground", "production_start": 2007.0, "production_end": null, "activity_status": null, "activity_status_year": null, "surface_area_sq_km": null, "concession_area_sq_km": null, "country": "Tajikistan", "GID_0": "TJK", "GID_1": "TJK.4_1", "GID_2": "TJK.4.11_1", "GID_3": "TJK.4.11.10_1", "GID_4": null, "source_id": "det_1313", "comment": null, "Reserves_data": [ { "id": 1029, "year": 2018, "material": "O.Au", "commodity": "Me.Au", "mineral_value_tonnes": NaN, "commodity_value_tonnes": 9.896, "grade_ppm": 7.879999999999999, "source_id": "det_1332", "comment": NaN } ], "index_right": 8926, "ISO3_CODE": "TJK", "COUNTRY_NAME": "Tajikistan", "AREA": 3.7107037624294943, "distance": 170.65995642507539 }, "geometry": { "type": "MultiPoint", "coordinates": [ [ 7538246.889522173441947, 4772608.146336716599762 ] ] } },
{ "type": "Feature", "properties": { "facility_id": "COM00696.00", "facility_name": "La India", "facility_other_names": null, "facility_type": "Mine", "primary_commodity": "Gold", "commodities_products": "Gold, Silver", "facility_equipment": "Open pit", "production_start": 2014.0, "production_end": null, "activity_status": null, "activity_status_year": null, "surface_area_sq_km": null, "concession_area_sq_km": null, "country": "Mexico", "GID_0": "MEX", "GID_1": "MEX.26_1", "GID_2": "MEX.26.52_1", "GID_3": null, "GID_4": null, "source_id": "det_1354", "comment": null, "Reserves_data": [ { "id": 475, "year": 2019, "material": "O.bulk", "commodity": "Me.Ag", "mineral_value_tonnes": 20432000.0, "commodity_value_tonnes": 48.732830037, "grade_ppm": 2.62, "source_id": "det_1632", "comment": NaN }, { "id": 476, "year": 2019, "material": "O.bulk", "commodity": "Me.Au", "mineral_value_tonnes": 20432000.0, "commodity_value_tonnes": 13.89126627, "grade_ppm": 0.75, "source_id": "det_1632", "comment": NaN } ], "index_right": 9060, "ISO3_CODE": "MEX", "COUNTRY_NAME": "Mexico", "AREA": 3.9981731353437948, "distance": 0.0 }, "geometry": { "type": "MultiPoint", "coordinates": [ [ -12121573.330095106735826, 3338262.342398467939347 ] ] } },
{ "type": "Feature", "properties": { "facility_id": "COM00338.00", "facility_name": "Dolores", "facility_other_names": null, "facility_type": "Mine", "primary_commodity": "Gold", "commodities_products": "Silver, Gold", "facility_equipment": "Open pit, Underground, cyanide heap leaching plant, Merrill Crowe plant", "production_start": 2008.0, "production_end": null, "activity_status": null, "activity_status_year": null, "surface_area_sq_km": null, "concession_area_sq_km": null, "country": "Mexico", "GID_0": "MEX", "GID_1": "MEX.6_1", "GID_2": "MEX.6.40_1", "GID_3": null, "GID_4": null, "source_id": "det_1381", "comment": null, "Reserves_data": [ { "id": 236, "year": 2019, "material": "O.bulk", "commodity": "Me.Ag", "mineral_value_tonnes": 43700000.0, "commodity_value_tonnes": NaN, "grade_ppm": NaN, "source_id": "det_1380", "comment": NaN }, { "id": 237, "year": 2019, "material": "O.bulk", "commodity": "Me.Au", "mineral_value_tonnes": 43700000.0, "commodity_value_tonnes": NaN, "grade_ppm": NaN, "source_id": "det_1380", "comment": NaN } ], "index_right": 9084, "ISO3_CODE": "MEX", "COUNTRY_NAME": "Mexico", "AREA": 10.270869651543688, "distance": 0.0 }, "geometry": { "type": "MultiPoint", "coordinates": [ [ -12082250.922222882509232, 3374291.043802233878523 ] ] } },
{ "type": "Feature", "properties": { "facility_id": "COM00176.00", "facility_name": "Buchanan", "facility_other_names": null, "facility_type": "Mine", "primary_commodity": "Coal", "commodities_products": "Bituminous coal", "facility_equipment": "Underground", "production_start": 1983.0, "production_end": null, "activity_status": null, "activity_status_year": null, "surface_area_sq_km": null, "concession_area_sq_km": null, "country": "United States of America", "GID_0": "USA", "GID_1": "USA.47_1", "GID_2": "USA.47.17_1", "GID_3": null, "GID_4": null, "source_id": "det_1416", "comment": null, "Reserves_data": [ { "id": 98, "year": 2019, "material": "F.coal", "commodity": NaN, "mineral_value_tonnes": 108000000.0, "commodity_value_tonnes": NaN, "grade_ppm": NaN, "source_id": "det_1426", "comment": "4.5% - 6.0% moisture basis" } ], "index_right": 9126, "ISO3_CODE": "USA", "COUNTRY_NAME": "United States", "AREA": 0.011815968990468051, "distance": 135.7832354475068 }, "geometry": { "type": "MultiPoint", "coordinates": [ [ -9116871.332884289324284, 4468861.611894449219108 ] ] } },
{ "type": "Feature", "properties": { "facility_id": "COM00738.00", "facility_name": "Lone Mountain", "facility_other_names": null, "facility_type": "Mine", "primary_commodity": "Coal", "commodities_products": "Thermal coal, Pulverized Coal Injection", "facility_equipment": "Underground", "production_start": null, "production_end": null, "activity_status": null, "activity_status_year": null, "surface_area_sq_km": null, "concession_area_sq_km": 218.5326, "country": "United States of America", "GID_0": "USA", "GID_1": "USA.47_1", "GID_2": "USA.47.70_1", "GID_3": null, "GID_4": null, "source_id": "det_1402", "comment": null, "Reserves_data": [ { "id": 507, "year": 2016, "material": "F.coal", "commodity": NaN, "mineral_value_tonnes": 8618400.0, "commodity_value_tonnes": NaN, "grade_ppm": NaN, "source_id": "det_1402", "comment": NaN } ], "index_right": 9179, "ISO3_CODE": "USA", "COUNTRY_NAME": "United States", "AREA": 1.3052734627757461, "distance": 471.49862783776064 }, "geometry": { "type": "MultiPoint", "coordinates": [ [ -9243322.155780404806137, 4415591.760732587426901 ] ] } },
{ "type": "Feature", "properties": { "facility_id": "COM00113.00", "facility_name": "Beckley", "facility_other_names": null, "facility_type": "Mine", "primary_commodity": "Coal", "commodities_products": "Metallurgical coal", "facility_equipment": "Underground", "production_start": 2007.0, "production_end": null, "activity_status": null, "activity_status_year": null, "surface_area_sq_km": null, "concession_area_sq_km": null, "country": "United States of America", "GID_0": "USA", "GID_1": "USA.49_1", "GID_2": "USA.49.41_1", "GID_3": null, "GID_4": null, "source_id": "det_1400", "comment": null, "Reserves_data": [ { "id": 58, "year": 2019, "material": "F.coc", "commodity": NaN, "mineral_value_tonnes": 23133600.0, "commodity_value_tonnes": NaN, "grade_ppm": NaN, "source_id": "det_1399", "comment": NaN } ], "index_right": 9309, "ISO3_CODE": "USA", "COUNTRY_NAME": "United States", "AREA": 0.49591957443092299, "distance": 627.03333568797325 }, "geometry": { "type": "MultiPoint", "coordinates": [ [ -9046210.771352794021368, 4548293.278209362179041 ] ] } },
{ "type": "Feature", "properties": { "facility_id": "COM00585.00", "facility_name": "Itmann No. 5 Mine", "facility_other_names": null, "facility_type": "Mine", "primary_commodity": "Other mine", "commodities_products": "Metallurgical coal", "facility_equipment": "Underground", "production_start": null, "production_end": null, "activity_status": "in development", "activity_status_year": 2019.0, "surface_area_sq_km": null, "concession_area_sq_km": null, "country": "United States of America", "GID_0": "USA", "GID_1": "USA.49_1", "GID_2": "USA.49.55_1", "GID_3": null, "GID_4": null, "source_id": "det_1415", "comment": null, "Reserves_data": [ { "id": 385, "year": 2019, "material": "F.coc", "commodity": NaN, "mineral_value_tonnes": 18688320.0, "commodity_value_tonnes": NaN, "grade_ppm": NaN, "source_id": "det_1415", "comment": NaN } ], "index_right": 9374, "ISO3_CODE": "USA", "COUNTRY_NAME": "United States", "AREA": 0.076622939419589892, "distance": 1805.4484591253506 }, "geometry": { "type": "MultiPoint", "coordinates": [ [ -9063368.345765341073275, 4519361.705306393094361 ] ] } },
{ "type": "Feature", "properties": { "facility_id": "COM00307.00", "facility_name": "Cumberland River", "facility_other_names": null, "facility_type": "Mine", "primary_commodity": "Coal", "commodities_products": "Metallurgical coa, Thermal coal", "facility_equipment": "Underground, Surface", "production_start": null, "production_end": 2014.0, "activity_status": null, "activity_status_year": null, "surface_area_sq_km": null, "concession_area_sq_km": 134.76177, "country": "United States of America", "GID_0": "USA", "GID_1": "USA.47_1", "GID_2": "USA.47.131_1", "GID_3": null, "GID_4": null, "source_id": "det_1403", "comment": null, "Reserves_data": [ { "id": 217, "year": 2013, "material": "F.coal", "commodity": NaN, "mineral_value_tonnes": 17781120.0, "commodity_value_tonnes": NaN, "grade_ppm": NaN, "source_id": "det_1403", "comment": NaN } ], "index_right": 9413, "ISO3_CODE": "USA", "COUNTRY_NAME": "United States", "AREA": 26.71891085783221, "distance": 1367.7920034488895 }, "geometry": { "type": "MultiPoint", "coordinates": [ [ -9210790.624449381604791, 4434942.291616314090788 ] ] } },
{ "type": "Feature", "properties": { "facility_id": "COM00784.00", "facility_name": "MC Mining Complex", "facility_other_names": "Excel Mining, Excel Mine No. 5, Excel Mining, Pontiki Coal", "facility_type": "Mine", "primary_commodity": "Coal", "commodities_products": "Coal", "facility_equipment": "Underground", "production_start": null, "production_end": null, "activity_status": null, "activity_status_year": null, "surface_area_sq_km": null, "concession_area_sq_km": null, "country": "United States of America", "GID_0": "USA", "GID_1": "USA.18_1", "GID_2": "USA.18.98_1", "GID_3": null, "GID_4": null, "source_id": "det_1411", "comment": null, "Reserves_data": [ { "id": 541, "year": 2019, "material": "F.coal", "commodity": NaN, "mineral_value_tonnes": 14061600.0, "commodity_value_tonnes": NaN, "grade_ppm": NaN, "source_id": "det_1411", "comment": NaN } ], "index_right": 9453, "ISO3_CODE": "USA", "COUNTRY_NAME": "United States", "AREA": 0.95405609572101757, "distance": 1592.3980598717405 }, "geometry": { "type": "MultiPoint", "coordinates": [ [ -9183052.616193078458309, 4521902.566224082373083 ] ] } },
{ "type": "Feature", "properties": { "facility_id": "COM00416.00", "facility_name": "Flint Ridge", "facility_other_names": null, "facility_type": "Mine", "primary_commodity": "Coal", "commodities_products": "Coal", "facility_equipment": "Underground", "production_start": null, "production_end": 2012.0, "activity_status": null, "activity_status_year": null, "surface_area_sq_km": null, "concession_area_sq_km": null, "country": "United States of America", "GID_0": "USA", "GID_1": "USA.18_1", "GID_2": "USA.18.13_1", "GID_3": null, "GID_4": null, "source_id": "det_1407", "comment": null, "Reserves_data": [ { "id": 283, "year": 2010, "material": "F.coal", "commodity": NaN, "mineral_value_tonnes": 18416160.0, "commodity_value_tonnes": NaN, "grade_ppm": NaN, "source_id": "det_1406", "comment": NaN } ], "index_right": 9469, "ISO3_CODE": "USA", "COUNTRY_NAME": "United States", "AREA": 3.069802042790851, "distance": 8014.2550604206272 }, "geometry": { "type": "MultiPoint", "coordinates": [ [ -9265838.043194524943829, 4506558.737781771458685 ] ] } },
{ "type": "Feature", "properties": { "facility_id": "COM00858.00", "facility_name": "Mountain Laurel", "facility_other_names": null, "facility_type": "Mine", "primary_commodity": "Coal", "commodities_products": "Metallurgical coal", "facility_equipment": "Underground", "production_start": null, "production_end": null, "activity_status": null, "activity_status_year": null, "surface_area_sq_km": null, "concession_area_sq_km": null, "country": "United States of America", "GID_0": "USA", "GID_1": "USA.49_1", "GID_2": "USA.49.23_1", "GID_3": null, "GID_4": null, "source_id": "det_1399", "comment": null, "Reserves_data": [ { "id": 599, "year": 2019, "material": "F.coc", "commodity": NaN, "mineral_value_tonnes": 19414080.0, "commodity_value_tonnes": NaN, "grade_ppm": NaN, "source_id": "det_1399", "comment": NaN } ], "index_right": 9500, "ISO3_CODE": "USA", "COUNTRY_NAME": "United States", "AREA": 4.6175723798374877, "distance": 0.0 }, "geometry": { "type": "MultiPoint", "coordinates": [ [ -9106454.498342458158731, 4566739.317962409928441 ] ] } },
{ "type": "Feature", "properties": { "facility_id": "COM00267.00", "facility_name": "Coal‑Mac", "facility_other_names": null, "facility_type": "Mine", "primary_commodity": "Coal", "commodities_products": "Thermal coal", "facility_equipment": "Surface", "production_start": null, "production_end": null, "activity_status": null, "activity_status_year": null, "surface_area_sq_km": null, "concession_area_sq_km": 186.1574, "country": "United States of America", "GID_0": "USA", "GID_1": "USA.49_1", "GID_2": "USA.49.23_1", "GID_3": null, "GID_4": null, "source_id": "det_1402", "comment": null, "Reserves_data": [ { "id": 188, "year": 2016, "material": "F.stc", "commodity": NaN, "mineral_value_tonnes": 20865600.0, "commodity_value_tonnes": NaN, "grade_ppm": NaN, "source_id": "det_1402", "comment": NaN } ], "index_right": 9526, "ISO3_CODE": "USA", "COUNTRY_NAME": "United States", "AREA": 3.5777834241266118, "distance": 0.0 }, "geometry": { "type": "MultiPoint", "coordinates": [ [ -9140655.140971079468727, 4545289.667067274451256 ] ] } },
{ "type": "Feature", "properties": { "facility_id": "COM00135.00", "facility_name": "Birch River", "facility_other_names": "Eastern", "facility_type": "Mine", "primary_commodity": "Coal", "commodities_products": "Coal", "facility_equipment": "Surface", "production_start": null, "production_end": 2012.0, "activity_status": null, "activity_status_year": null, "surface_area_sq_km": null, "concession_area_sq_km": null, "country": "United States of America", "GID_0": "USA", "GID_1": "USA.49_1", "GID_2": "USA.49.51_1", "GID_3": null, "GID_4": null, "source_id": "det_1406", "comment": null, "Reserves_data": [ { "id": 69, "year": 2010, "material": "F.coal", "commodity": NaN, "mineral_value_tonnes": 6985440.0, "commodity_value_tonnes": NaN, "grade_ppm": NaN, "source_id": "det_1406", "comment": NaN } ], "index_right": 9647, "ISO3_CODE": "USA", "COUNTRY_NAME": "United States", "AREA": 20.179506260578929, "distance": 983.41505047543967 }, "geometry": { "type": "MultiPoint", "coordinates": [ [ -8977130.627223605290055, 4646032.158023356460035 ] ] } },
{ "type": "Feature", "properties": { "facility_id": "COM00795.00", "facility_name": "Mettiki Complex", "facility_other_names": "Mountain View", "facility_type": "Mine", "primary_commodity": "Coal", "commodities_products": "Coal", "facility_equipment": "Underground", "production_start": 2006.0, "production_end": null, "activity_status": null, "activity_status_year": null, "surface_area_sq_km": null, "concession_area_sq_km": null, "country": "United States of America", "GID_0": "USA", "GID_1": "USA.21_1 ; USA.49_1", "GID_2": "USA.21.11_1 ; USA.49.47_1", "GID_3": null, "GID_4": null, "source_id": "det_1411", "comment": null, "Reserves_data": [ { "id": 551, "year": 2019, "material": "F.coal", "commodity": NaN, "mineral_value_tonnes": 12156480.0, "commodity_value_tonnes": NaN, "grade_ppm": NaN, "source_id": "det_1411", "comment": NaN } ], "index_right": 9703, "ISO3_CODE": "USA", "COUNTRY_NAME": "United States", "AREA": 1.2556578036625359, "distance": 0.0 }, "geometry": { "type": "MultiPoint", "coordinates": [ [ -8836591.466355422511697, 4748334.024330059066415 ] ] } },
{ "type": "Feature", "properties": { "facility_id": "COM00569.00", "facility_name": "Ingulets GOK", "facility_other_names": "InGOK, JSC Ingulets Mining and Processing Works", "facility_type": "Mine", "primary_commodity": "Iron", "commodities_products": "Iron", "facility_equipment": "Open pit", "production_start": 1965.0, "production_end": null, "activity_status": null, "activity_status_year": null, "surface_area_sq_km": null, "concession_area_sq_km": null, "country": "Ukraine", "GID_0": "UKR", "GID_1": "UKR.5_1", "GID_2": "UKR.5.23_1", "GID_3": null, "GID_4": null, "source_id": "det_1224", "comment": null, "Reserves_data": [ { "id": 378, "year": 2012, "material": NaN, "commodity": NaN, "mineral_value_tonnes": NaN, "commodity_value_tonnes": NaN, "grade_ppm": NaN, "source_id": "det_1941", "comment": "0.24*1867" } ], "index_right": 9721, "ISO3_CODE": "UKR", "COUNTRY_NAME": "Ukraine", "AREA": 34.646329343589137, "distance": 0.0 }, "geometry": { "type": "MultiPoint", "coordinates": [ [ 3697999.963003768585622, 6053778.964056524448097 ] ] } },
{ "type": "Feature", "properties": { "facility_id": "COM00164.00", "facility_name": "Bozymchak", "facility_other_names": null, "facility_type": "Mine", "primary_commodity": "Copper", "commodities_products": "Copper, Gold, Silver", "facility_equipment": "Open pit", "production_start": 2014.0, "production_end": null, "activity_status": null, "activity_status_year": null, "surface_area_sq_km": null, "concession_area_sq_km": null, "country": "Kyrgyzstan", "GID_0": "KGZ", "GID_1": "KGZ.4_1", "GID_2": "KGZ.4.2_1", "GID_3": null, "GID_4": null, "source_id": "det_1119", "comment": null, "Reserves_data": [ { "id": 94, "year": 2019, "material": "O.bulk", "commodity": "Me.Ag", "mineral_value_tonnes": 11700000.0, "commodity_value_tonnes": NaN, "grade_ppm": NaN, "source_id": "det_2834", "comment": NaN }, { "id": 95, "year": 2019, "material": "O.bulk", "commodity": "Me.Au", "mineral_value_tonnes": 11700000.0, "commodity_value_tonnes": NaN, "grade_ppm": NaN, "source_id": "det_2834", "comment": NaN }, { "id": 96, "year": 2019, "material": "O.bulk", "commodity": "Me.Cu", "mineral_value_tonnes": 11700000.0, "commodity_value_tonnes": NaN, "grade_ppm": NaN, "source_id": "det_2834", "comment": NaN } ], "index_right": 9722, "ISO3_CODE": "KGZ", "COUNTRY_NAME": "Kyrgyzstan", "AREA": 3.2366644927801924, "distance": 0.0 }, "geometry": { "type": "MultiPoint", "coordinates": [ [ 7910879.186963961459696, 5050572.70881066750735 ] ] } },
{ "type": "Feature", "properties": { "facility_id": "COM01353.00", "facility_name": "Warrior Complex", "facility_other_names": "Warrior Coal", "facility_type": "Mine", "primary_commodity": "Coal", "commodities_products": "Coal", "facility_equipment": "Underground", "production_start": 1985.0, "production_end": null, "activity_status": null, "activity_status_year": null, "surface_area_sq_km": null, "concession_area_sq_km": null, "country": "United States of America", "GID_0": "USA", "GID_1": "USA.18_1", "GID_2": "USA.18.54_1", "GID_3": null, "GID_4": null, "source_id": "det_1411", "comment": null, "Reserves_data": [ { "id": 986, "year": 2019, "material": "F.coal", "commodity": NaN, "mineral_value_tonnes": 81375840.0, "commodity_value_tonnes": NaN, "grade_ppm": NaN, "source_id": "det_1411", "comment": NaN } ], "index_right": 9852, "ISO3_CODE": "USA", "COUNTRY_NAME": "United States", "AREA": 1.5561363183798451, "distance": 6015.0564618752032 }, "geometry": { "type": "MultiPoint", "coordinates": [ [ -9752908.3646882455796, 4492752.456115714274347 ] ] } },
{ "type": "Feature", "properties": { "facility_id": "COM00715.00", "facility_name": "Leer", "facility_other_names": "Tygart Valley", "facility_type": "Mine", "primary_commodity": "Coal", "commodities_products": "Metallurgical coal", "facility_equipment": "Underground", "production_start": 2013.0, "production_end": null, "activity_status": null, "activity_status_year": null, "surface_area_sq_km": null, "concession_area_sq_km": null, "country": "United States of America", "GID_0": "USA", "GID_1": "USA.49_1", "GID_2": "USA.49.46_1", "GID_3": null, "GID_4": null, "source_id": "det_1401", "comment": null, "Reserves_data": [ { "id": 497, "year": 2019, "material": "F.coc", "commodity": NaN, "mineral_value_tonnes": 43817760.0, "commodity_value_tonnes": NaN, "grade_ppm": NaN, "source_id": "det_1399", "comment": NaN } ], "index_right": 9882, "ISO3_CODE": "USA", "COUNTRY_NAME": "United States", "AREA": 0.446144539579933, "distance": 1871.1561399575253 }, "geometry": { "type": "MultiPoint", "coordinates": [ [ -8900025.62242846749723, 4771449.343687061220407 ] ] } },
{ "type": "Feature", "properties": { "facility_id": "COM00222.00", "facility_name": "Central GOK", "facility_other_names": "CGOK, JSC Central Mining and Processing Works, TsGok", "facility_type": "Mine", "primary_commodity": "Iron", "commodities_products": "Iron", "facility_equipment": "Open pit, Underground", "production_start": null, "production_end": null, "activity_status": null, "activity_status_year": null, "surface_area_sq_km": null, "concession_area_sq_km": null, "country": "Ukraine", "GID_0": "UKR", "GID_1": "UKR.5_1", "GID_2": "UKR.5.7_1", "GID_3": null, "GID_4": null, "source_id": "det_1224", "comment": null, "Reserves_data": [ { "id": 143, "year": 2012, "material": "O.Fe", "commodity": NaN, "mineral_value_tonnes": 709460000.0, "commodity_value_tonnes": NaN, "grade_ppm": NaN, "source_id": "det_1941", "comment": "0.38*1867" } ], "index_right": 9892, "ISO3_CODE": "UKR", "COUNTRY_NAME": "Ukraine", "AREA": 14.374038401874468, "distance": 0.0 }, "geometry": { "type": "MultiPoint", "coordinates": [ [ 3719786.044097581412643, 6106274.481840116903186 ] ] } },
{ "type": "Feature", "properties": { "facility_id": "COM00514.00", "facility_name": "Guston Run", "facility_other_names": "Patriot Mining Company", "facility_type": "Mine", "primary_commodity": "Coal", "commodities_products": "Coal", "facility_equipment": "Surface", "production_start": null, "production_end": 2012.0, "activity_status": null, "activity_status_year": null, "surface_area_sq_km": null, "concession_area_sq_km": null, "country": "United States of America", "GID_0": "USA", "GID_1": "USA.49_1", "GID_2": "USA.49.31_1", "GID_3": null, "GID_4": null, "source_id": "det_1405", "comment": null, "Reserves_data": [ { "id": 340, "year": 2010, "material": "F.coal", "commodity": NaN, "mineral_value_tonnes": 7892639.999999999, "commodity_value_tonnes": NaN, "grade_ppm": NaN, "source_id": "det_1406", "comment": NaN } ], "index_right": 9920, "ISO3_CODE": "USA", "COUNTRY_NAME": "United States", "AREA": 0.046980557138533705, "distance": 5436.560734418621 }, "geometry": { "type": "MultiPoint", "coordinates": [ [ -8912239.070286270231009, 4820948.109765311703086 ] ] } },
{ "type": "Feature", "properties": { "facility_id": "COM01145.00", "facility_name": "Sebree - Onton Complex", "facility_other_names": "Green River Collieries, Onton No. 9", "facility_type": "Mine", "primary_commodity": "Coal", "commodities_products": "Coal", "facility_equipment": "Underground", "production_start": null, "production_end": 2015.0, "activity_status": null, "activity_status_year": null, "surface_area_sq_km": null, "concession_area_sq_km": null, "country": "United States of America", "GID_0": "USA", "GID_1": "USA.18_1", "GID_2": "USA.18.117_1", "GID_3": null, "GID_4": null, "source_id": "det_1411", "comment": null, "Reserves_data": [ { "id": 835, "year": 2019, "material": "F.coal", "commodity": NaN, "mineral_value_tonnes": 36560160.0, "commodity_value_tonnes": NaN, "grade_ppm": NaN, "source_id": "det_1411", "comment": NaN } ], "index_right": 9924, "ISO3_CODE": "USA", "COUNTRY_NAME": "United States", "AREA": 0.69704272442846171, "distance": 0.0 }, "geometry": { "type": "MultiPoint", "coordinates": [ [ -9738220.173973990604281, 4520539.984635698609054 ] ] } },
{ "type": "Feature", "properties": { "facility_id": "COM00693.00", "facility_name": "La Caridad", "facility_other_names": null, "facility_type": "Mine, Smelter, Refinery", "primary_commodity": "Copper", "commodities_products": "Copper, Molybdenum, Copper Cathode, Silver", "facility_equipment": "Open pit, SX-EW plant", "production_start": 1979.0, "production_end": null, "activity_status": null, "activity_status_year": null, "surface_area_sq_km": null, "concession_area_sq_km": null, "country": "Mexico", "GID_0": "MEX", "GID_1": "MEX.26_1", "GID_2": "MEX.26.41_1", "GID_3": null, "GID_4": null, "source_id": "det_1014", "comment": null, "Reserves_data": [ { "id": 467, "year": 2018, "material": "O.sul", "commodity": "Me.Cu", "mineral_value_tonnes": 3243851000.0, "commodity_value_tonnes": NaN, "grade_ppm": NaN, "source_id": "det_2840", "comment": NaN }, { "id": 468, "year": 2018, "material": "O.sul", "commodity": "Me.Mo", "mineral_value_tonnes": 3243851000.0, "commodity_value_tonnes": NaN, "grade_ppm": NaN, "source_id": "det_2840", "comment": NaN } ], "index_right": 9971, "ISO3_CODE": "MEX", "COUNTRY_NAME": "Mexico", "AREA": 19.000081336525476, "distance": 0.0 }, "geometry": { "type": "MultiPoint", "coordinates": [ [ -12204510.521441154181957, 3566832.122591705527157 ], [ -12195746.65534639544785, 3546269.369209979195148 ] ] } },
{ "type": "Feature", "properties": { "facility_id": "COM00341.00", "facility_name": "Dotiki Complex", "facility_other_names": "Webster County Coal", "facility_type": "Mine", "primary_commodity": "Coal", "commodities_products": "Coal", "facility_equipment": "Underground", "production_start": 1966.0, "production_end": 2019.0, "activity_status": null, "activity_status_year": null, "surface_area_sq_km": null, "concession_area_sq_km": null, "country": "United States of America", "GID_0": "USA", "GID_1": "USA.18_1", "GID_2": "USA.18.117_1", "GID_3": null, "GID_4": null, "source_id": "det_1411", "comment": null, "Reserves_data": [ { "id": 238, "year": 2019, "material": "F.coal", "commodity": NaN, "mineral_value_tonnes": 69037920.0, "commodity_value_tonnes": NaN, "grade_ppm": NaN, "source_id": "det_1411", "comment": NaN } ], "index_right": 9992, "ISO3_CODE": "USA", "COUNTRY_NAME": "United States", "AREA": 0.98950469557524623, "distance": 0.0 }, "geometry": { "type": "MultiPoint", "coordinates": [ [ -9770918.378263400867581, 4502514.516276254318655 ] ] } },
{ "type": "Feature", "properties": { "facility_id": "COM00919.00", "facility_name": "Northern GOK", "facility_other_names": "SevGOK, JSC Severniy Mining and Processing Works", "facility_type": "Mine", "primary_commodity": "Iron", "commodities_products": "Iron", "facility_equipment": "Open pit", "production_start": null, "production_end": null, "activity_status": null, "activity_status_year": null, "surface_area_sq_km": null, "concession_area_sq_km": null, "country": "Ukraine", "GID_0": "UKR", "GID_1": "UKR.5_1", "GID_2": "UKR.5.7_1", "GID_3": null, "GID_4": null, "source_id": "det_1224", "comment": null, "Reserves_data": [ { "id": 650, "year": 2012, "material": "O.Fe", "commodity": "Me.Fe", "mineral_value_tonnes": 709460000.0, "commodity_value_tonnes": NaN, "grade_ppm": NaN, "source_id": "det_1941", "comment": "0.38*1867" } ], "index_right": 10012, "ISO3_CODE": "UKR", "COUNTRY_NAME": "Ukraine", "AREA": 45.751387539711928, "distance": 0.0 }, "geometry": { "type": "MultiPoint", "coordinates": [ [ 3732172.719357555732131, 6133468.534076895564795 ] ] } },
{ "type": "Feature", "properties": { "facility_id": "COM00716.00", "facility_name": "Leer South/Sentinel", "facility_other_names": null, "facility_type": "Mine", "primary_commodity": "Coal", "commodities_products": "Metallurgical coal", "facility_equipment": "Underground", "production_start": null, "production_end": null, "activity_status": null, "activity_status_year": null, "surface_area_sq_km": null, "concession_area_sq_km": null, "country": "United States of America", "GID_0": "USA", "GID_1": "USA.49_1", "GID_2": "USA.49.1_1", "GID_3": null, "GID_4": null, "source_id": "det_1399", "comment": null, "Reserves_data": [ { "id": 498, "year": 2019, "material": "F.coc", "commodity": NaN, "mineral_value_tonnes": 39191040.0, "commodity_value_tonnes": NaN, "grade_ppm": NaN, "source_id": "det_1399", "comment": NaN } ], "index_right": 10236, "ISO3_CODE": "USA", "COUNTRY_NAME": "United States", "AREA": 0.27208183607772862, "distance": 0.0 }, "geometry": { "type": "MultiPoint", "coordinates": [ [ -8912070.315167671069503, 4750335.673518213443458 ] ] } },
{ "type": "Feature", "properties": { "facility_id": "COM00681.00", "facility_name": "Kryvyi Rih", "facility_other_names": "AMKR, Kirova, Kryvorizhstal, PJSC ArcelorMittal Kryvyi Rih, AM Kryvyi Rih", "facility_type": "Mine, Refinery, Smelter", "primary_commodity": "Iron", "commodities_products": "Iron, Steel, steel billets, rebars, wire rods, steel angles, merchant steel bar", "facility_equipment": "Open pit, Underground, coke oven batteries, sintering plant, blast furnaces, basic oxygen converters, twin open hearth furnace, continuous billet caster, blooming mill, light section bar mill, wire rod mill", "production_start": 1933.0, "production_end": null, "activity_status": null, "activity_status_year": null, "surface_area_sq_km": null, "concession_area_sq_km": null, "country": "Ukraine", "GID_0": "UKR", "GID_1": "UKR.5_1", "GID_2": "UKR.5.8_1", "GID_3": null, "GID_4": null, "source_id": "det_1219", "comment": null, "Reserves_data": [ { "id": 458, "year": 2019, "material": "O.Fe", "commodity": "Me.Fe", "mineral_value_tonnes": 636000000.0, "commodity_value_tonnes": NaN, "grade_ppm": NaN, "source_id": "det_1218", "comment": NaN } ], "index_right": 10256, "ISO3_CODE": "UKR", "COUNTRY_NAME": "Ukraine", "AREA": 5.1213450324165999, "distance": 3527.8807799098072 }, "geometry": { "type": "MultiPoint", "coordinates": [ [ 3717546.731683698948473, 6087632.390536221675575 ] ] } },
{ "type": "Feature", "properties": { "facility_id": "COM00499.00", "facility_name": "Greenbrier", "facility_other_names": null, "facility_type": "Mine", "primary_commodity": "Coal", "commodities_products": "Pulverized Coal Injection, Thermal coal", "facility_equipment": null, "production_start": null, "production_end": null, "activity_status": null, "activity_status_year": null, "surface_area_sq_km": null, "concession_area_sq_km": null, "country": "United States of America", "GID_0": "USA", "GID_1": "USA.49_1", "GID_2": "USA.49.13_1", "GID_3": null, "GID_4": null, "source_id": "det_1426", "comment": null, "Reserves_data": [ { "id": 328, "year": 2019, "material": "F.coal", "commodity": NaN, "mineral_value_tonnes": 20000000.0, "commodity_value_tonnes": NaN, "grade_ppm": NaN, "source_id": "det_1426", "comment": "4.5% - 6.0% moisture basis" } ], "index_right": 10281, "ISO3_CODE": "USA", "COUNTRY_NAME": "United States", "AREA": 2.5510398452987646, "distance": 208.63338239443922 }, "geometry": { "type": "MultiPoint", "coordinates": [ [ -8977809.159185817465186, 4583120.709923152811825 ] ] } },
{ "type": "Feature", "properties": { "facility_id": "COM00527.00", "facility_name": "Hazard", "facility_other_names": "ICG Hazard", "facility_type": "Mine", "primary_commodity": "Coal", "commodities_products": "Thermal coal", "facility_equipment": "Surface", "production_start": null, "production_end": null, "activity_status": null, "activity_status_year": null, "surface_area_sq_km": null, "concession_area_sq_km": 482.39048, "country": "United States of America", "GID_0": "USA", "GID_1": "USA.18_1", "GID_2": "USA.18.97_1", "GID_3": null, "GID_4": null, "source_id": "det_1403", "comment": null, "Reserves_data": [ { "id": 349, "year": 2013, "material": "F.stc", "commodity": NaN, "mineral_value_tonnes": 18960480.0, "commodity_value_tonnes": NaN, "grade_ppm": NaN, "source_id": "det_1403", "comment": NaN } ], "index_right": 10283, "ISO3_CODE": "USA", "COUNTRY_NAME": "United States", "AREA": 22.931765412107527, "distance": 480.87783098547686 }, "geometry": { "type": "MultiPoint", "coordinates": [ [ -9260564.535813802853227, 4492463.75552090909332 ] ] } },
{ "type": "Feature", "properties": { "facility_id": "COM00974.00", "facility_name": "Pennsylvania Mining Complex", "facility_other_names": null, "facility_type": "Mine", "primary_commodity": "Coal", "commodities_products": "Bituminous coal, Metallurgical coal", "facility_equipment": "Underground", "production_start": 1984.0, "production_end": null, "activity_status": null, "activity_status_year": null, "surface_area_sq_km": null, "concession_area_sq_km": null, "country": "United States of America", "GID_0": "USA", "GID_1": "USA.39_1", "GID_2": "USA.39.30_1 ; USA.39.63_1", "GID_3": null, "GID_4": null, "source_id": "det_1415", "comment": null, "Reserves_data": [ { "id": 690, "year": 2019, "material": "F.coc", "commodity": NaN, "mineral_value_tonnes": 607279680.0, "commodity_value_tonnes": NaN, "grade_ppm": NaN, "source_id": "det_1415", "comment": NaN } ], "index_right": 10676, "ISO3_CODE": "USA", "COUNTRY_NAME": "United States", "AREA": 7.4878783296716849, "distance": 0.0 }, "geometry": { "type": "MultiPoint", "coordinates": [ [ -8951474.579308290034533, 4862074.643776508048177 ] ] } },
{ "type": "Feature", "properties": { "facility_id": "COM01370.00", "facility_name": "Wild Boar", "facility_other_names": null, "facility_type": "Mine", "primary_commodity": "Coal", "commodities_products": "Thermal coal", "facility_equipment": "Surface", "production_start": null, "production_end": null, "activity_status": null, "activity_status_year": null, "surface_area_sq_km": null, "concession_area_sq_km": null, "country": "United States of America", "GID_0": "USA", "GID_1": "USA.15_1", "GID_2": "USA.15.88_1", "GID_3": null, "GID_4": null, "source_id": "det_1390", "comment": null, "Reserves_data": [ { "id": 994, "year": 2019, "material": "F.stc", "commodity": NaN, "mineral_value_tonnes": 27216000.0, "commodity_value_tonnes": NaN, "grade_ppm": NaN, "source_id": "det_2144", "comment": NaN } ], "index_right": 10917, "ISO3_CODE": "USA", "COUNTRY_NAME": "United States", "AREA": 16.081095199037357, "distance": 0.0 }, "geometry": { "type": "MultiPoint", "coordinates": [ [ -9715935.612244060263038, 4604665.404821219854057 ] ] } },
{ "type": "Feature", "properties": { "facility_id": "COM01206.00", "facility_name": "Somerville", "facility_other_names": null, "facility_type": "Mine", "primary_commodity": "Coal", "commodities_products": "Thermal coal", "facility_equipment": "Surface", "production_start": null, "production_end": null, "activity_status": null, "activity_status_year": null, "surface_area_sq_km": null, "concession_area_sq_km": null, "country": "United States of America", "GID_0": "USA", "GID_1": "USA.15_1", "GID_2": "USA.15.26_1", "GID_3": null, "GID_4": null, "source_id": "det_1390", "comment": null, "Reserves_data": [ { "id": 876, "year": 2019, "material": "F.stc", "commodity": NaN, "mineral_value_tonnes": 2721600.0, "commodity_value_tonnes": NaN, "grade_ppm": NaN, "source_id": "det_2144", "comment": NaN } ], "index_right": 10959, "ISO3_CODE": "USA", "COUNTRY_NAME": "United States", "AREA": 0.53389248184784244, "distance": 1039.7379526290927 }, "geometry": { "type": "MultiPoint", "coordinates": [ [ -9725641.512719422578812, 4620499.802981110289693 ] ] } },
{ "type": "Feature", "properties": { "facility_id": "COM00425.00", "facility_name": "Francisco", "facility_other_names": null, "facility_type": "Mine", "primary_commodity": "Coal", "commodities_products": "Thermal coal", "facility_equipment": "Surface, Underground", "production_start": 2005.0, "production_end": null, "activity_status": null, "activity_status_year": null, "surface_area_sq_km": null, "concession_area_sq_km": null, "country": "United States of America", "GID_0": "USA", "GID_1": "USA.15_1", "GID_2": "USA.15.26_1", "GID_3": null, "GID_4": null, "source_id": "det_1390", "comment": null, "Reserves_data": [ { "id": 292, "year": 2019, "material": "F.stc", "commodity": NaN, "mineral_value_tonnes": 12700800.0, "commodity_value_tonnes": NaN, "grade_ppm": NaN, "source_id": "det_2144", "comment": NaN } ], "index_right": 10976, "ISO3_CODE": "USA", "COUNTRY_NAME": "United States", "AREA": 3.9163233114480391, "distance": 0.0 }, "geometry": { "type": "MultiPoint", "coordinates": [ [ -9733094.554402222856879, 4627278.738925675861537 ] ] } },
{ "type": "Feature", "properties": { "facility_id": "COM00480.00", "facility_name": "Gibson Complex", "facility_other_names": "Gibson County Coal", "facility_type": "Mine", "primary_commodity": "Coal", "commodities_products": "Coal", "facility_equipment": "Underground", "production_start": null, "production_end": null, "activity_status": null, "activity_status_year": null, "surface_area_sq_km": null, "concession_area_sq_km": null, "country": "United States of America", "GID_0": "USA", "GID_1": "USA.15_1", "GID_2": "USA.15.26_1", "GID_3": null, "GID_4": null, "source_id": "det_1411", "comment": null, "Reserves_data": [ { "id": 309, "year": 2019, "material": "F.coal", "commodity": NaN, "mineral_value_tonnes": 70217280.0, "commodity_value_tonnes": NaN, "grade_ppm": NaN, "source_id": "det_1411", "comment": NaN } ], "index_right": 11052, "ISO3_CODE": "USA", "COUNTRY_NAME": "United States", "AREA": 1.2894655692671939, "distance": 0.0 }, "geometry": { "type": "MultiPoint", "coordinates": [ [ -9763586.24310464411974, 4622701.237691292539239 ] ] } },
{ "type": "Feature", "properties": { "facility_id": "COM00413.00", "facility_name": "Ferrexpo Poltava Mining", "facility_other_names": "FPM, GPL, FYM, Yerystivske, Gorishne-Plavninske-Lavrykivske, Bilanivske, Galeschynske, Vasylivske, Kharchenkivske, Manuilivske, Brovarkivske, Zarudenske", "facility_type": "Mine", "primary_commodity": "Iron", "commodities_products": "Iron ore", "facility_equipment": "Open pit, Pelletizing plant", "production_start": null, "production_end": null, "activity_status": null, "activity_status_year": null, "surface_area_sq_km": null, "concession_area_sq_km": null, "country": "Ukraine", "GID_0": "UKR", "GID_1": "UKR.18_1", "GID_2": "UKR.18.10_1", "GID_3": null, "GID_4": null, "source_id": "det_1368", "comment": null, "Reserves_data": [ { "id": 281, "year": 2020, "material": "O.Fe", "commodity": "Me.Fe", "mineral_value_tonnes": 1678000000.0, "commodity_value_tonnes": NaN, "grade_ppm": NaN, "source_id": "det_2856", "comment": NaN } ], "index_right": 11120, "ISO3_CODE": "UKR", "COUNTRY_NAME": "Ukraine", "AREA": 49.297031403399657, "distance": 0.0 }, "geometry": { "type": "MultiPoint", "coordinates": [ [ 3747975.348686282057315, 6280348.349207800813019 ] ] } },
{ "type": "Feature", "properties": { "facility_id": "COM01302.00", "facility_name": "Tunnel Ridge Complex", "facility_other_names": null, "facility_type": "Mine", "primary_commodity": "Coal", "commodities_products": "Coal", "facility_equipment": "Underground", "production_start": 2010.0, "production_end": null, "activity_status": null, "activity_status_year": null, "surface_area_sq_km": null, "concession_area_sq_km": null, "country": "United States of America", "GID_0": "USA", "GID_1": "USA.49_1", "GID_2": "USA.49.35_1", "GID_3": null, "GID_4": null, "source_id": "det_1411", "comment": null, "Reserves_data": [ { "id": 957, "year": 2019, "material": "F.coal", "commodity": NaN, "mineral_value_tonnes": 64955519.99999999, "commodity_value_tonnes": NaN, "grade_ppm": NaN, "source_id": "det_1411", "comment": NaN } ], "index_right": 11172, "ISO3_CODE": "USA", "COUNTRY_NAME": "United States", "AREA": 1.5679008787403983, "distance": 0.0 }, "geometry": { "type": "MultiPoint", "coordinates": [ [ -8978921.736606160178781, 4888467.882372346706688 ] ] } },
{ "type": "Feature", "properties": { "facility_id": "COM00675.00", "facility_name": "Krasnodon Coal", "facility_other_names": "PrJSC Krasnodon Coal Company, Krasnodonvugillia", "facility_type": "Mine", "primary_commodity": "Coal", "commodities_products": "Coking coal", "facility_equipment": "Underground", "production_start": null, "production_end": null, "activity_status": null, "activity_status_year": null, "surface_area_sq_km": null, "concession_area_sq_km": null, "country": "Ukraine", "GID_0": "UKR", "GID_1": "UKR.15_1", "GID_2": "UKR.15.9_1", "GID_3": null, "GID_4": null, "source_id": "det_1230", "comment": null, "Reserves_data": [ { "id": 455, "year": 2012, "material": "F.coal", "commodity": NaN, "mineral_value_tonnes": 470250000.0, "commodity_value_tonnes": NaN, "grade_ppm": NaN, "source_id": "det_1941", "comment": "627*0.75" } ], "index_right": 11183, "ISO3_CODE": "UKR", "COUNTRY_NAME": "Ukraine", "AREA": 0.66075014997885873, "distance": 0.0 }, "geometry": { "type": "MultiPoint", "coordinates": [ [ 4417615.257774685509503, 6171948.108515970408916 ] ] } },
{ "type": "Feature", "properties": { "facility_id": "COM00965.00", "facility_name": "Pattiki Complex", "facility_other_names": "White County Coal", "facility_type": "Mine", "primary_commodity": "Coal", "commodities_products": "Coal", "facility_equipment": "Underground", "production_start": 1980.0, "production_end": 2016.0, "activity_status": null, "activity_status_year": null, "surface_area_sq_km": null, "concession_area_sq_km": null, "country": "United States of America", "GID_0": "USA", "GID_1": "USA.14_1", "GID_2": "USA.14.98_1", "GID_3": null, "GID_4": null, "source_id": "det_1411", "comment": null, "Reserves_data": [ { "id": 682, "year": 2016, "material": "F.coal", "commodity": NaN, "mineral_value_tonnes": 47537280.0, "commodity_value_tonnes": NaN, "grade_ppm": NaN, "source_id": "det_2162", "comment": NaN } ], "index_right": 11197, "ISO3_CODE": "USA", "COUNTRY_NAME": "United States", "AREA": 1.3354903390607853, "distance": 0.0 }, "geometry": { "type": "MultiPoint", "coordinates": [ [ -9806911.076476644724607, 4588916.769156398251653 ] ] } },
{ "type": "Feature", "properties": { "facility_id": "COM00177.00", "facility_name": "Buckingham", "facility_other_names": null, "facility_type": "Mine", "primary_commodity": "Coal", "commodities_products": "Bituminous coal", "facility_equipment": null, "production_start": 2007.0, "production_end": null, "activity_status": null, "activity_status_year": null, "surface_area_sq_km": null, "concession_area_sq_km": null, "country": "United States of America", "GID_0": "USA", "GID_1": "USA.36_1", "GID_2": "USA.36.65_1", "GID_3": null, "GID_4": null, "source_id": "det_1427", "comment": null, "Reserves_data": [ { "id": 99, "year": 2017, "material": "F.obc", "commodity": NaN, "mineral_value_tonnes": 14759236.8, "commodity_value_tonnes": NaN, "grade_ppm": NaN, "source_id": "det_1427", "comment": NaN } ], "index_right": 11221, "ISO3_CODE": "USA", "COUNTRY_NAME": "United States", "AREA": 0.82006952616608986, "distance": 0.0 }, "geometry": { "type": "MultiPoint", "coordinates": [ [ -9135813.333114875480533, 4804893.708122785203159 ] ] } },
{ "type": "Feature", "properties": { "facility_id": "COM00191.00", "facility_name": "Cadiz", "facility_other_names": null, "facility_type": "Mine", "primary_commodity": "Coal", "commodities_products": "Bituminous coal", "facility_equipment": "Surface", "production_start": 2000.0, "production_end": null, "activity_status": null, "activity_status_year": null, "surface_area_sq_km": null, "concession_area_sq_km": null, "country": "United States of America", "GID_0": "USA", "GID_1": "USA.36_1", "GID_2": "USA.36.34_1", "GID_3": null, "GID_4": null, "source_id": "det_1431", "comment": null, "Reserves_data": [ { "id": 109, "year": 2018, "material": "F.obc", "commodity": NaN, "mineral_value_tonnes": 2132827.2, "commodity_value_tonnes": NaN, "grade_ppm": NaN, "source_id": "det_1431", "comment": NaN } ], "index_right": 11274, "ISO3_CODE": "USA", "COUNTRY_NAME": "United States", "AREA": 2.7278968546171516, "distance": 0.0 }, "geometry": { "type": "MultiPoint", "coordinates": [ [ -9021483.387514743953943, 4905576.009611355140805 ] ] } },
{ "type": "Feature", "properties": { "facility_id": "COM00521.00", "facility_name": "Hamilton Complex", "facility_other_names": "Hamilton County Coal", "facility_type": "Mine", "primary_commodity": "Coal", "commodities_products": "Coal", "facility_equipment": "Underground", "production_start": 2013.0, "production_end": null, "activity_status": null, "activity_status_year": null, "surface_area_sq_km": null, "concession_area_sq_km": null, "country": "United States of America", "GID_0": "USA", "GID_1": "USA.14_1", "GID_2": "USA.14.33_1", "GID_3": null, "GID_4": null, "source_id": "det_1411", "comment": null, "Reserves_data": [ { "id": 347, "year": 2019, "material": "F.coal", "commodity": NaN, "mineral_value_tonnes": 485442720.0, "commodity_value_tonnes": NaN, "grade_ppm": NaN, "source_id": "det_1411", "comment": NaN } ], "index_right": 11330, "ISO3_CODE": "USA", "COUNTRY_NAME": "United States", "AREA": 3.2230040413675045, "distance": 44.227987479418516 }, "geometry": { "type": "MultiPoint", "coordinates": [ [ -9864187.358236998319626, 4603862.237253185361624 ] ] } },
{ "type": "Feature", "properties": { "facility_id": "COM01292.00", "facility_name": "Touquoy", "facility_other_names": "Atlantic Gold operation", "facility_type": "Mine", "primary_commodity": "Gold", "commodities_products": "Gold", "facility_equipment": "Open pit, Carbon in Leach circuit", "production_start": 2017.0, "production_end": null, "activity_status": null, "activity_status_year": null, "surface_area_sq_km": null, "concession_area_sq_km": null, "country": "Canada", "GID_0": "CAN", "GID_1": "CAN.7_1", "GID_2": "CAN.7.8_1", "GID_3": "CAN.7.8.2_1", "GID_4": null, "source_id": "det_1459", "comment": null, "Reserves_data": [ { "id": 948, "year": 2020, "material": "O.Au", "commodity": "Me.Au", "mineral_value_tonnes": 50520000.0, "commodity_value_tonnes": 49.214771928000005, "grade_ppm": 1.0352731591448932, "source_id": "det_1649", "comment": NaN } ], "index_right": 11391, "ISO3_CODE": "CAN", "COUNTRY_NAME": "Canada", "AREA": 2.5218163454984031, "distance": 189.35373494964961 }, "geometry": { "type": "MultiPoint", "coordinates": [ [ -7003929.189831875264645, 5619389.750336962752044 ] ] } },
{ "type": "Feature", "properties": { "facility_id": "COM01304.00", "facility_name": "Tusky", "facility_other_names": null, "facility_type": "Mine", "primary_commodity": "Other mine", "commodities_products": "Bituminous coal", "facility_equipment": "Surface", "production_start": 2003.0, "production_end": null, "activity_status": null, "activity_status_year": null, "surface_area_sq_km": null, "concession_area_sq_km": null, "country": "United States of America", "GID_0": "USA", "GID_1": "USA.36_1", "GID_2": "USA.36.80_1", "GID_3": null, "GID_4": null, "source_id": "det_1431", "comment": null, "Reserves_data": [ { "id": 959, "year": 2018, "material": "F.obc", "commodity": NaN, "mineral_value_tonnes": 14968800.0, "commodity_value_tonnes": NaN, "grade_ppm": NaN, "source_id": "det_1431", "comment": NaN } ], "index_right": 11486, "ISO3_CODE": "USA", "COUNTRY_NAME": "United States", "AREA": 1.3498042811878719, "distance": 1729.4101765583107 }, "geometry": { "type": "MultiPoint", "coordinates": [ [ -9071551.917314050719142, 4913191.063714208081365 ] ] } },
{ "type": "Feature", "properties": { "facility_id": "COM00445.00", "facility_name": "Gateway North", "facility_other_names": "Gateway", "facility_type": "Mine", "primary_commodity": "Coal", "commodities_products": "Thermal coal", "facility_equipment": "Underground", "production_start": null, "production_end": null, "activity_status": null, "activity_status_year": null, "surface_area_sq_km": null, "concession_area_sq_km": null, "country": "United States of America", "GID_0": "USA", "GID_1": "USA.14_1", "GID_2": "USA.14.80_1", "GID_3": null, "GID_4": null, "source_id": "det_1390", "comment": null, "Reserves_data": [ { "id": 305, "year": 2019, "material": "F.stc", "commodity": NaN, "mineral_value_tonnes": 47174400.0, "commodity_value_tonnes": NaN, "grade_ppm": NaN, "source_id": "det_2144", "comment": NaN } ], "index_right": 11508, "ISO3_CODE": "USA", "COUNTRY_NAME": "United States", "AREA": 0.27969962753306421, "distance": 0.0 }, "geometry": { "type": "MultiPoint", "coordinates": [ [ -9976734.180565902963281, 4605813.784128560684621 ] ] } },
{ "type": "Feature", "properties": { "facility_id": "COM00109.00", "facility_name": "Bear Run", "facility_other_names": null, "facility_type": "Mine", "primary_commodity": "Coal", "commodities_products": "Thermal coal", "facility_equipment": "Surface", "production_start": 2010.0, "production_end": null, "activity_status": null, "activity_status_year": null, "surface_area_sq_km": null, "concession_area_sq_km": null, "country": "United States of America", "GID_0": "USA", "GID_1": "USA.15_1", "GID_2": "USA.15.78_1", "GID_3": null, "GID_4": null, "source_id": "det_1390", "comment": null, "Reserves_data": [ { "id": 56, "year": 2019, "material": "F.stc", "commodity": NaN, "mineral_value_tonnes": 212284800.0, "commodity_value_tonnes": NaN, "grade_ppm": NaN, "source_id": "det_2144", "comment": NaN } ], "index_right": 11565, "ISO3_CODE": "USA", "COUNTRY_NAME": "United States", "AREA": 17.017175451938872, "distance": 0.0 }, "geometry": { "type": "MultiPoint", "coordinates": [ [ -9715212.884329287335277, 4721205.199761571362615 ] ] } },
{ "type": "Feature", "properties": { "facility_id": "COM00906.00", "facility_name": "Noche Buena", "facility_other_names": null, "facility_type": "Mine", "primary_commodity": "Gold", "commodities_products": "Gold, Silver", "facility_equipment": "Open pit, Heap leach, Merrill-Crowe", "production_start": 2012.0, "production_end": null, "activity_status": null, "activity_status_year": null, "surface_area_sq_km": null, "concession_area_sq_km": null, "country": "Mexico", "GID_0": "MEX", "GID_1": "MEX.26_1", "GID_2": "MEX.26.16_1", "GID_3": null, "GID_4": null, "source_id": "det_1125", "comment": null, "Reserves_data": [ { "id": 632, "year": 2018, "material": "O.Au", "commodity": "Me.Au", "mineral_value_tonnes": 33914000.0, "commodity_value_tonnes": 16.357674771, "grade_ppm": 0.53, "source_id": "det_1126", "comment": NaN } ], "index_right": 11804, "ISO3_CODE": "MEX", "COUNTRY_NAME": "Mexico", "AREA": 2.1162333451899662, "distance": 0.0 }, "geometry": { "type": "MultiPoint", "coordinates": [ [ -12539942.990106364712119, 3636023.146060942206532 ] ] } },
{ "type": "Feature", "properties": { "facility_id": "COM01098.00", "facility_name": "Rosemont", "facility_other_names": null, "facility_type": "Mine", "primary_commodity": "Other mine", "commodities_products": "Copper", "facility_equipment": "Open pit", "production_start": null, "production_end": null, "activity_status": null, "activity_status_year": null, "surface_area_sq_km": null, "concession_area_sq_km": null, "country": "United States of America", "GID_0": "USA", "GID_1": "USA.3_1", "GID_2": "USA.3.11_1", "GID_3": null, "GID_4": null, "source_id": "det_1149", "comment": null, "Reserves_data": [ { "id": 800, "year": 2019, "material": "O.bulk", "commodity": "Me.Ag", "mineral_value_tonnes": 537100000.0, "commodity_value_tonnes": NaN, "grade_ppm": NaN, "source_id": "det_2879", "comment": NaN }, { "id": 801, "year": 2019, "material": "O.bulk", "commodity": "Me.Cu", "mineral_value_tonnes": 537100000.0, "commodity_value_tonnes": NaN, "grade_ppm": NaN, "source_id": "det_2879", "comment": NaN }, { "id": 802, "year": 2019, "material": "O.bulk", "commodity": "Me.Mo", "mineral_value_tonnes": 537100000.0, "commodity_value_tonnes": NaN, "grade_ppm": NaN, "source_id": "det_2879", "comment": NaN } ], "index_right": 11873, "ISO3_CODE": "USA", "COUNTRY_NAME": "United States", "AREA": 0.26784879137540019, "distance": 7543.080526062 }, "geometry": { "type": "MultiPoint", "coordinates": [ [ -12323894.445201301947236, 3744789.371204766910523 ] ] } },
{ "type": "Feature", "properties": { "facility_id": "COM00787.00", "facility_name": "Mega Centauro", "facility_other_names": null, "facility_type": "Mine", "primary_commodity": "Other mine", "commodities_products": "Gold", "facility_equipment": "Open pit", "production_start": null, "production_end": null, "activity_status": null, "activity_status_year": null, "surface_area_sq_km": null, "concession_area_sq_km": null, "country": "Mexico", "GID_0": "MEX", "GID_1": "MEX.26_1", "GID_2": "MEX.26.48_1", "GID_3": null, "GID_4": null, "source_id": "det_1126", "comment": null, "Reserves_data": [ { "id": 546, "year": 2018, "material": "O.Au", "commodity": "Me.Au", "mineral_value_tonnes": 292279000.0, "commodity_value_tonnes": 209.077732125, "grade_ppm": 0.7800000000000001, "source_id": "det_1126", "comment": NaN } ], "index_right": 11912, "ISO3_CODE": "MEX", "COUNTRY_NAME": "Mexico", "AREA": 20.0168045122434, "distance": 0.0 }, "geometry": { "type": "MultiPoint", "coordinates": [ [ -12565187.801432522013783, 3650433.449195746798068 ] ] } },
{ "type": "Feature", "properties": { "facility_id": "COM01190.00", "facility_name": "Sierrita", "facility_other_names": null, "facility_type": "Mine", "primary_commodity": "Copper", "commodities_products": "Copper, Molybdenum", "facility_equipment": "Open pit, SX-EW", "production_start": 1959.0, "production_end": null, "activity_status": null, "activity_status_year": null, "surface_area_sq_km": 188.99023, "concession_area_sq_km": null, "country": "United States of America", "GID_0": "USA", "GID_1": "USA.3_1", "GID_2": "USA.3.11_1", "GID_3": null, "GID_4": null, "source_id": "det_1167", "comment": null, "Reserves_data": [ { "id": 861, "year": 2019, "material": "O.bulk", "commodity": "Me.Ag", "mineral_value_tonnes": 2960000000.0, "commodity_value_tonnes": NaN, "grade_ppm": NaN, "source_id": "det_1167", "comment": NaN }, { "id": 862, "year": 2019, "material": "O.bulk", "commodity": "Me.Cu", "mineral_value_tonnes": 2960000000.0, "commodity_value_tonnes": NaN, "grade_ppm": NaN, "source_id": "det_1167", "comment": NaN }, { "id": 863, "year": 2019, "material": "O.bulk", "commodity": "Me.Mo", "mineral_value_tonnes": 2960000000.0, "commodity_value_tonnes": NaN, "grade_ppm": NaN, "source_id": "det_1167", "comment": NaN } ], "index_right": 11919, "ISO3_CODE": "USA", "COUNTRY_NAME": "United States", "AREA": 87.546145518782239, "distance": 0.0 }, "geometry": { "type": "MultiPoint", "coordinates": [ [ -12367737.938344808295369, 3747015.097035714890808 ] ] } },
{ "type": "Feature", "properties": { "facility_id": "COM01205.00", "facility_name": "Soledad-Dipolos", "facility_other_names": null, "facility_type": "Mine", "primary_commodity": "Gold", "commodities_products": "Gold, Silver", "facility_equipment": "Open pit", "production_start": null, "production_end": 2013.0, "activity_status": null, "activity_status_year": null, "surface_area_sq_km": null, "concession_area_sq_km": null, "country": "Mexico", "GID_0": "MEX", "GID_1": "MEX.26_1", "GID_2": "MEX.26.48_1", "GID_3": null, "GID_4": null, "source_id": "det_1126", "comment": null, "Reserves_data": [ { "id": 875, "year": 2018, "material": "O.Au", "commodity": "Me.Au", "mineral_value_tonnes": 50908000.0, "commodity_value_tonnes": 26.280007821, "grade_ppm": 0.57, "source_id": "det_1126", "comment": NaN } ], "index_right": 11959, "ISO3_CODE": "MEX", "COUNTRY_NAME": "Mexico", "AREA": 8.5423410422859174, "distance": 0.0 }, "geometry": { "type": "MultiPoint", "coordinates": [ [ -12568408.274458130821586, 3661748.614711929578334 ] ] } },
{ "type": "Feature", "properties": { "facility_id": "COM01229.00", "facility_name": "Stoilensky", "facility_other_names": "Stoilensky GOK, SGOK, OJSC Stoilensky GOK", "facility_type": "Mine, Refinery", "primary_commodity": "Iron", "commodities_products": "Iron ore, Iron pellets", "facility_equipment": "Open pit, Pelletizing facility", "production_start": null, "production_end": null, "activity_status": null, "activity_status_year": null, "surface_area_sq_km": null, "concession_area_sq_km": null, "country": "Russian Federation", "GID_0": "RUS", "GID_1": "RUS.7_1", "GID_2": "RUS.7.21_1", "GID_3": "RUS.7.21.1_1", "GID_4": null, "source_id": "det_1361", "comment": null, "Reserves_data": [ { "id": 883, "year": 2019, "material": "O.Fe", "commodity": "Me.Fe", "mineral_value_tonnes": 5000000000.0, "commodity_value_tonnes": NaN, "grade_ppm": NaN, "source_id": "det_1361", "comment": NaN } ], "index_right": 11988, "ISO3_CODE": "RUS", "COUNTRY_NAME": "Russian Federation", "AREA": 3.1527190278821977, "distance": 0.0 }, "geometry": { "type": "MultiPoint", "coordinates": [ [ 4206566.88952608872205, 6664628.384623267687857 ] ] } },
{ "type": "Feature", "properties": { "facility_id": "COM01261.00", "facility_name": "Tara", "facility_other_names": null, "facility_type": "Mine", "primary_commodity": "Zinc", "commodities_products": "Zinc, Lead, Silver", "facility_equipment": "Underground", "production_start": null, "production_end": null, "activity_status": null, "activity_status_year": null, "surface_area_sq_km": null, "concession_area_sq_km": null, "country": "Ireland", "GID_0": "IRL", "GID_1": "IRL.17_1", "GID_2": null, "GID_3": null, "GID_4": null, "source_id": "det_1124", "comment": null, "Reserves_data": [ { "id": 916, "year": 2018, "material": "O.bulk", "commodity": "Me.Pb", "mineral_value_tonnes": 19000000.0, "commodity_value_tonnes": NaN, "grade_ppm": NaN, "source_id": "det_1124", "comment": "Proven ; Probable" }, { "id": 917, "year": 2018, "material": "O.bulk", "commodity": "Me.Zn", "mineral_value_tonnes": 19000000.0, "commodity_value_tonnes": NaN, "grade_ppm": NaN, "source_id": "det_1124", "comment": "Proven ; Probable" } ], "index_right": 12014, "ISO3_CODE": "IRL", "COUNTRY_NAME": "Ireland", "AREA": 0.42797104812077891, "distance": 0.0 }, "geometry": { "type": "MultiPoint", "coordinates": [ [ -748121.135063069290482, 7104988.365189749747515 ] ] } },
{ "type": "Feature", "properties": { "facility_id": "COM01107.00", "facility_name": "Safford", "facility_other_names": null, "facility_type": "Mine", "primary_commodity": "Copper", "commodities_products": "Copper", "facility_equipment": "Open pit, SX-EW", "production_start": 2007.0, "production_end": null, "activity_status": null, "activity_status_year": null, "surface_area_sq_km": 383.24143, "concession_area_sq_km": null, "country": "United States of America", "GID_0": "USA", "GID_1": "USA.3_1", "GID_2": "USA.3.5_1", "GID_3": null, "GID_4": null, "source_id": "det_1167", "comment": null, "Reserves_data": [ { "id": 812, "year": 2019, "material": "O.bulk", "commodity": "Me.Cu", "mineral_value_tonnes": 812000000.0, "commodity_value_tonnes": NaN, "grade_ppm": NaN, "source_id": "det_1167", "comment": NaN } ], "index_right": 12039, "ISO3_CODE": "USA", "COUNTRY_NAME": "United States", "AREA": 4.0944699020597684, "distance": 0.0 }, "geometry": { "type": "MultiPoint", "coordinates": [ [ -12206142.413292285054922, 3888161.215090460609645 ] ] } },
{ "type": "Feature", "properties": { "facility_id": "COM00840.00", "facility_name": "Morenci", "facility_other_names": null, "facility_type": "Mine", "primary_commodity": "Copper", "commodities_products": "Copper, Molybdenum", "facility_equipment": "Open pit, SX-EW", "production_start": 1939.0, "production_end": null, "activity_status": null, "activity_status_year": null, "surface_area_sq_km": 281.25955, "concession_area_sq_km": null, "country": "United States of America", "GID_0": "USA", "GID_1": "USA.3_1", "GID_2": "USA.3.6_1", "GID_3": null, "GID_4": null, "source_id": "det_1167", "comment": null, "Reserves_data": [ { "id": 587, "year": 2019, "material": "O.Cu", "commodity": "Me.Cu", "mineral_value_tonnes": 4435000000.0, "commodity_value_tonnes": NaN, "grade_ppm": NaN, "source_id": "det_1167", "comment": NaN }, { "id": 588, "year": 2019, "material": "O.Cu", "commodity": "Me.Mo", "mineral_value_tonnes": 939000000.0, "commodity_value_tonnes": NaN, "grade_ppm": NaN, "source_id": "det_1167", "comment": NaN } ], "index_right": 12048, "ISO3_CODE": "USA", "COUNTRY_NAME": "United States", "AREA": 90.371355815927487, "distance": 0.0 }, "geometry": { "type": "MultiPoint", "coordinates": [ [ -12171151.725105553865433, 3903731.511368374805897 ] ] } },
{ "type": "Feature", "properties": { "facility_id": "COM01338.00", "facility_name": "Viper", "facility_other_names": "Illinois, ICG Illinois", "facility_type": "Mine", "primary_commodity": "Coal", "commodities_products": "Thermal coal", "facility_equipment": "Underground", "production_start": null, "production_end": null, "activity_status": null, "activity_status_year": null, "surface_area_sq_km": null, "concession_area_sq_km": null, "country": "United States of America", "GID_0": "USA", "GID_1": "USA.14_1", "GID_2": "USA.14.85_1", "GID_3": null, "GID_4": null, "source_id": "det_1399", "comment": null, "Reserves_data": [ { "id": 978, "year": 2019, "material": "F.stc", "commodity": NaN, "mineral_value_tonnes": 36650880.0, "commodity_value_tonnes": NaN, "grade_ppm": NaN, "source_id": "det_1399", "comment": NaN } ], "index_right": 12085, "ISO3_CODE": "USA", "COUNTRY_NAME": "United States", "AREA": 2.9837102568950433, "distance": 8811.153099430825 }, "geometry": { "type": "MultiPoint", "coordinates": [ [ -9966445.75492806173861, 4861867.59139119554311 ] ] } },
{ "type": "Feature", "properties": { "facility_id": "COM01311.00", "facility_name": "Tyrone", "facility_other_names": null, "facility_type": "Mine", "primary_commodity": "Copper", "commodities_products": "Copper", "facility_equipment": "Open pit, SX-EW", "production_start": 1967.0, "production_end": null, "activity_status": null, "activity_status_year": null, "surface_area_sq_km": 125.85859, "concession_area_sq_km": null, "country": "United States of America", "GID_0": "USA", "GID_1": "USA.32_1", "GID_2": "USA.32.10_1", "GID_3": null, "GID_4": null, "source_id": "det_1167", "comment": null, "Reserves_data": [ { "id": 964, "year": 2019, "material": "O.Cu", "commodity": "Me.Cu", "mineral_value_tonnes": 49000000.0, "commodity_value_tonnes": NaN, "grade_ppm": NaN, "source_id": "det_1167", "comment": NaN } ], "index_right": 12103, "ISO3_CODE": "USA", "COUNTRY_NAME": "United States", "AREA": 37.105292726424004, "distance": 0.0 }, "geometry": { "type": "MultiPoint", "coordinates": [ [ -12063451.242089921608567, 3848141.303607060573995 ] ] } },
{ "type": "Feature", "properties": { "facility_id": "COM00729.00", "facility_name": "Lisheen", "facility_other_names": null, "facility_type": "Mine", "primary_commodity": "Zinc", "commodities_products": "Zinc, Lead", "facility_equipment": "Underground", "production_start": null, "production_end": 2015.0, "activity_status": null, "activity_status_year": null, "surface_area_sq_km": null, "concession_area_sq_km": null, "country": "Ireland", "GID_0": "IRL", "GID_1": "IRL.22_1", "GID_2": null, "GID_3": null, "GID_4": null, "source_id": "det_1107", "comment": null, "Reserves_data": [ { "id": 502, "year": 2009, "material": "O.bulk", "commodity": "Me.Pb", "mineral_value_tonnes": 7000000.0, "commodity_value_tonnes": NaN, "grade_ppm": NaN, "source_id": "det_2838", "comment": NaN }, { "id": 503, "year": 2009, "material": "O.bulk", "commodity": "Me.Zn", "mineral_value_tonnes": 7000000.0, "commodity_value_tonnes": NaN, "grade_ppm": NaN, "source_id": "det_2838", "comment": NaN } ], "index_right": 12134, "ISO3_CODE": "IRL", "COUNTRY_NAME": "Ireland", "AREA": 1.3494143645260406, "distance": 0.0 }, "geometry": { "type": "MultiPoint", "coordinates": [ [ -855037.739620385575108, 6936863.356298573315144 ] ] } },
{ "type": "Feature", "properties": { "facility_id": "COM00253.00", "facility_name": "Chino", "facility_other_names": null, "facility_type": "Mine", "primary_commodity": "Copper", "commodities_products": "Copper", "facility_equipment": "Open pit, SX-EW", "production_start": 1910.0, "production_end": null, "activity_status": null, "activity_status_year": null, "surface_area_sq_km": 474.70137, "concession_area_sq_km": null, "country": "United States of America", "GID_0": "USA", "GID_1": "USA.32_1", "GID_2": "USA.32.10_1", "GID_3": null, "GID_4": null, "source_id": "det_1167", "comment": null, "Reserves_data": [ { "id": 169, "year": 2019, "material": "O.bulk", "commodity": "Me.Ag", "mineral_value_tonnes": 224000000.0, "commodity_value_tonnes": NaN, "grade_ppm": NaN, "source_id": "det_1167", "comment": NaN }, { "id": 170, "year": 2019, "material": "O.bulk", "commodity": "Me.Au", "mineral_value_tonnes": 224000000.0, "commodity_value_tonnes": NaN, "grade_ppm": NaN, "source_id": "det_1167", "comment": NaN }, { "id": 171, "year": 2019, "material": "O.bulk", "commodity": "Me.Cu", "mineral_value_tonnes": 324000000.0, "commodity_value_tonnes": NaN, "grade_ppm": NaN, "source_id": "det_1167", "comment": NaN }, { "id": 172, "year": 2019, "material": "O.bulk", "commodity": "Me.Mo", "mineral_value_tonnes": 224000000.0, "commodity_value_tonnes": NaN, "grade_ppm": NaN, "source_id": "det_1167", "comment": NaN } ], "index_right": 12137, "ISO3_CODE": "USA", "COUNTRY_NAME": "United States", "AREA": 26.915297879833101, "distance": 0.0 }, "geometry": { "type": "MultiPoint", "coordinates": [ [ -12032107.246838189661503, 3867580.556268181651831 ] ] } },
{ "type": "Feature", "properties": { "facility_id": "COM00991.00", "facility_name": "Pinto Valley", "facility_other_names": null, "facility_type": "Mine", "primary_commodity": "Copper", "commodities_products": "Copper, Copper cathode, Molybdenum, Silver, Gold", "facility_equipment": "Open pit", "production_start": 1974.0, "production_end": null, "activity_status": null, "activity_status_year": null, "surface_area_sq_km": null, "concession_area_sq_km": null, "country": "United States of America", "GID_0": "USA", "GID_1": "USA.3_1", "GID_2": "USA.3.4_1", "GID_3": null, "GID_4": null, "source_id": "det_1142", "comment": null, "Reserves_data": [ { "id": 705, "year": 2019, "material": "O.bulk", "commodity": "Me.Cu", "mineral_value_tonnes": 399000000.0, "commodity_value_tonnes": 1240000.0, "grade_ppm": 3100.0, "source_id": "det_2850", "comment": NaN }, { "id": 706, "year": 2019, "material": "O.bulk", "commodity": "Me.Mo", "mineral_value_tonnes": 399000000.0, "commodity_value_tonnes": 25000.0, "grade_ppm": 60.0, "source_id": "det_2850", "comment": NaN } ], "index_right": 12281, "ISO3_CODE": "USA", "COUNTRY_NAME": "United States", "AREA": 21.421003673876239, "distance": 0.0 }, "geometry": { "type": "MultiPoint", "coordinates": [ [ -12352953.302510499954224, 3947930.740430158562958 ] ] } },
{ "type": "Feature", "properties": { "facility_id": "COM00801.00", "facility_name": "Mianchi", "facility_other_names": null, "facility_type": "Mine", "primary_commodity": "Aluminium", "commodities_products": "Bauxite", "facility_equipment": "Open pit, Underground", "production_start": null, "production_end": null, "activity_status": "active", "activity_status_year": 2019.0, "surface_area_sq_km": null, "concession_area_sq_km": null, "country": "China", "GID_0": "CHN", "GID_1": "CHN.12_1", "GID_2": "CHN.12.11_1", "GID_3": "CHN.12.11.3_1", "GID_4": null, "source_id": "det_1273", "comment": null, "Reserves_data": [ { "id": 552, "year": 2019, "material": "O.Al", "commodity": "Me.Al2O3", "mineral_value_tonnes": 2600000.0, "commodity_value_tonnes": NaN, "grade_ppm": NaN, "source_id": "det_1274", "comment": NaN }, { "id": 553, "year": 2019, "material": "O.Al", "commodity": "Nm.SiO2", "mineral_value_tonnes": 2600000.0, "commodity_value_tonnes": NaN, "grade_ppm": NaN, "source_id": "det_1274", "comment": NaN } ], "index_right": 13060, "ISO3_CODE": "CHN", "COUNTRY_NAME": "China", "AREA": 1.9189043271814459, "distance": 0.0 }, "geometry": { "type": "MultiPoint", "coordinates": [ [ 12426410.455809943377972, 4139667.330206299666315 ] ] } },
{ "type": "Feature", "properties": { "facility_id": "COM00084.00", "facility_name": "Bagdad", "facility_other_names": null, "facility_type": "Mine", "primary_commodity": "Copper", "commodities_products": "Copper, Molybdenum", "facility_equipment": "Open pit, SX-EW", "production_start": 1945.0, "production_end": null, "activity_status": null, "activity_status_year": null, "surface_area_sq_km": 133.95239, "concession_area_sq_km": null, "country": "United States of America", "GID_0": "USA", "GID_1": "USA.3_1", "GID_2": "USA.3.14_1", "GID_3": null, "GID_4": null, "source_id": "det_1167", "comment": null, "Reserves_data": [ { "id": 41, "year": 2019, "material": "O.bulk", "commodity": "Me.Ag", "mineral_value_tonnes": 2510000000.0, "commodity_value_tonnes": NaN, "grade_ppm": NaN, "source_id": "det_1167", "comment": NaN }, { "id": 42, "year": 2019, "material": "O.bulk", "commodity": "Me.Cu", "mineral_value_tonnes": 2535000000.0, "commodity_value_tonnes": NaN, "grade_ppm": NaN, "source_id": "det_1167", "comment": NaN }, { "id": 43, "year": 2019, "material": "O.bulk", "commodity": "Me.Mo", "mineral_value_tonnes": 2510000000.0, "commodity_value_tonnes": NaN, "grade_ppm": NaN, "source_id": "det_1167", "comment": NaN } ], "index_right": 13094, "ISO3_CODE": "USA", "COUNTRY_NAME": "United States", "AREA": 39.242460900621531, "distance": 0.0 }, "geometry": { "type": "MultiPoint", "coordinates": [ [ -12602605.989384142681956, 4107589.592459646984935 ] ] } },
{ "type": "Feature", "properties": { "facility_id": "COM00015.00", "facility_name": "Aktogay", "facility_other_names": null, "facility_type": "Mine", "primary_commodity": "Copper", "commodities_products": "Copper, Silver, Copper cathode, Gold", "facility_equipment": "Open pit, Heap leaching plant", "production_start": 2015.0, "production_end": null, "activity_status": null, "activity_status_year": null, "surface_area_sq_km": null, "concession_area_sq_km": null, "country": "Kazakhstan", "GID_0": "KAZ", "GID_1": "KAZ.5_1", "GID_2": "KAZ.5.2_1", "GID_3": null, "GID_4": null, "source_id": "det_1118", "comment": null, "Reserves_data": [ { "id": 13, "year": 2019, "material": "O.bulk", "commodity": "Me.Cu", "mineral_value_tonnes": 1399000000.0, "commodity_value_tonnes": NaN, "grade_ppm": NaN, "source_id": "det_2834", "comment": NaN }, { "id": 14, "year": 2019, "material": "O.bulk", "commodity": "Me.Mo", "mineral_value_tonnes": 1399000000.0, "commodity_value_tonnes": NaN, "grade_ppm": NaN, "source_id": "det_2834", "comment": NaN } ], "index_right": 13176, "ISO3_CODE": "KAZ", "COUNTRY_NAME": "Kazakhstan", "AREA": 11.477342303648005, "distance": 0.0 }, "geometry": { "type": "MultiPoint", "coordinates": [ [ 8897969.033037738874555, 5934312.336823138408363 ] ] } },
{ "type": "Feature", "properties": { "facility_id": "COM00486.00", "facility_name": "Goldex", "facility_other_names": null, "facility_type": "Mine", "primary_commodity": "Gold", "commodities_products": "Gold", "facility_equipment": "Underground", "production_start": 2008.0, "production_end": null, "activity_status": null, "activity_status_year": null, "surface_area_sq_km": null, "concession_area_sq_km": null, "country": "Canada", "GID_0": "CAN", "GID_1": "CAN.11_1", "GID_2": "CAN.11.98_1", "GID_3": "CAN.11.98.15_1", "GID_4": null, "source_id": "det_1349", "comment": null, "Reserves_data": [ { "id": 319, "year": 2019, "material": "O.Au", "commodity": "Me.Au", "mineral_value_tonnes": 20980000.0, "commodity_value_tonnes": 30.844281024, "grade_ppm": 1.61, "source_id": "det_1632", "comment": NaN } ], "index_right": 13265, "ISO3_CODE": "CAN", "COUNTRY_NAME": "Canada", "AREA": 0.3436845711726893, "distance": 354.04147060854274 }, "geometry": { "type": "MultiPoint", "coordinates": [ [ -8667679.107376767322421, 6122112.962238705717027 ] ] } },
{ "type": "Feature", "properties": { "facility_id": "COM01121.00", "facility_name": "San Juan", "facility_other_names": null, "facility_type": "Mine", "primary_commodity": "Coal", "commodities_products": "Sub-bituminous coal", "facility_equipment": null, "production_start": 1973.0, "production_end": null, "activity_status": null, "activity_status_year": null, "surface_area_sq_km": null, "concession_area_sq_km": null, "country": "United States of America", "GID_0": "USA", "GID_1": "USA.32_1", "GID_2": "USA.32.24_1", "GID_3": null, "GID_4": null, "source_id": "det_1427", "comment": null, "Reserves_data": [ { "id": 817, "year": 2017, "material": "F.sbc", "commodity": NaN, "mineral_value_tonnes": 10382904.0, "commodity_value_tonnes": NaN, "grade_ppm": NaN, "source_id": "det_1427", "comment": NaN } ], "index_right": 13312, "ISO3_CODE": "USA", "COUNTRY_NAME": "United States", "AREA": 10.48780666187049, "distance": 0.0 }, "geometry": { "type": "MultiPoint", "coordinates": [ [ -12070670.207482295110822, 4410615.315906630828977 ] ] } },
{ "type": "Feature", "properties": { "facility_id": "COM01432.00", "facility_name": "Zinkgruvan", "facility_other_names": null, "facility_type": "Mine", "primary_commodity": "Zinc", "commodities_products": "Lead, Silver, Copper, Zinc", "facility_equipment": null, "production_start": 1857.0, "production_end": null, "activity_status": null, "activity_status_year": null, "surface_area_sq_km": null, "concession_area_sq_km": null, "country": "Sweden", "GID_0": "SWE", "GID_1": "SWE.11_1", "GID_2": "SWE.11.1_1", "GID_3": null, "GID_4": null, "source_id": "det_1075", "comment": null, "Reserves_data": [ { "id": 1035, "year": 2019, "material": "O.bulk", "commodity": "Me.Ag", "mineral_value_tonnes": 10816000.0, "commodity_value_tonnes": 822.13617077, "grade_ppm": 82.00000000000001, "source_id": "det_2842", "comment": NaN }, { "id": 1036, "year": 2019, "material": "O.bulk", "commodity": "Me.Pb", "mineral_value_tonnes": 10816000.0, "commodity_value_tonnes": 371000.0, "grade_ppm": 34000.0, "source_id": "det_2842", "comment": NaN }, { "id": 1037, "year": 2019, "material": "O.bulk", "commodity": "Me.Zn", "mineral_value_tonnes": 10816000.0, "commodity_value_tonnes": 803000.0, "grade_ppm": 74000.0, "source_id": "det_2842", "comment": NaN } ], "index_right": 13333, "ISO3_CODE": "SWE", "COUNTRY_NAME": "Sweden", "AREA": 0.22172359224185895, "distance": 34.204864621269962 }, "geometry": { "type": "MultiPoint", "coordinates": [ [ 1681309.164722001412883, 8140817.144867222756147 ] ] } },
{ "type": "Feature", "properties": { "facility_id": "COM00619.00", "facility_name": "Karaganda", "facility_other_names": null, "facility_type": "Mine", "primary_commodity": "Coal", "commodities_products": "Coking coal, Thermal coal", "facility_equipment": "Underground", "production_start": 1996.0, "production_end": null, "activity_status": null, "activity_status_year": null, "surface_area_sq_km": null, "concession_area_sq_km": null, "country": "Kazakhstan", "GID_0": "KAZ", "GID_1": "KAZ.9_1", "GID_2": "KAZ.9.1_1 ; KAZ.9.3_1", "GID_3": null, "GID_4": null, "source_id": "det_1218", "comment": null, "Reserves_data": [ { "id": 412, "year": 2019, "material": "F.coal", "commodity": NaN, "mineral_value_tonnes": 50000000.0, "commodity_value_tonnes": NaN, "grade_ppm": NaN, "source_id": "det_1218", "comment": NaN } ], "index_right": 13489, "ISO3_CODE": "KAZ", "COUNTRY_NAME": "Kazakhstan", "AREA": 29.014292737933378, "distance": 0.0 }, "geometry": { "type": "MultiPoint", "coordinates": [ [ 8139143.66096275486052, 6422323.267564711160958 ] ] } },
{ "type": "Feature", "properties": { "facility_id": "COM00707.00", "facility_name": "LaRonde Complex", "facility_other_names": "LaRonde Division", "facility_type": "Mine", "primary_commodity": "Gold", "commodities_products": "Gold, Silver, Zinc, Copper", "facility_equipment": "Underground", "production_start": 1988.0, "production_end": null, "activity_status": null, "activity_status_year": null, "surface_area_sq_km": null, "concession_area_sq_km": null, "country": "Canada", "GID_0": "CAN", "GID_1": "CAN.11_1", "GID_2": "CAN.11.2_1", "GID_3": "CAN.11.2.13_1", "GID_4": null, "source_id": "det_1347", "comment": null, "Reserves_data": [ { "id": 487, "year": 2019, "material": "O.bulk", "commodity": "Me.Ag", "mineral_value_tonnes": 14920000.0, "commodity_value_tonnes": 249.305705262, "grade_ppm": 18.33, "source_id": "det_1632", "comment": NaN }, { "id": 488, "year": 2019, "material": "O.bulk", "commodity": "Me.Au", "mineral_value_tonnes": 14920000.0, "commodity_value_tonnes": 81.873422424, "grade_ppm": 6.02, "source_id": "det_1632", "comment": NaN }, { "id": 489, "year": 2019, "material": "O.bulk", "commodity": "Me.Cu", "mineral_value_tonnes": 14920000.0, "commodity_value_tonnes": 1109.912174973, "grade_ppm": 2600.0, "source_id": "det_1632", "comment": NaN }, { "id": 490, "year": 2019, "material": "O.bulk", "commodity": "Me.Zn", "mineral_value_tonnes": 14920000.0, "commodity_value_tonnes": 3391.623533628, "grade_ppm": 8000.0, "source_id": "det_1632", "comment": NaN } ], "index_right": 13520, "ISO3_CODE": "CAN", "COUNTRY_NAME": "Canada", "AREA": 5.407745021231789, "distance": 0.0 }, "geometry": { "type": "MultiPoint", "coordinates": [ [ -8732081.952371999621391, 6148289.713663801550865 ] ] } },
{ "type": "Feature", "properties": { "facility_id": "COM00302.00", "facility_name": "Cripple Creek & Victor", "facility_other_names": "CC&V, Cripple Creek & Victor (CC&V)", "facility_type": "Mine", "primary_commodity": "Gold", "commodities_products": "Gold, Silver", "facility_equipment": "Open pit, Heap leaching plant", "production_start": 1976.0, "production_end": null, "activity_status": null, "activity_status_year": null, "surface_area_sq_km": null, "concession_area_sq_km": null, "country": "United States of America", "GID_0": "USA", "GID_1": "USA.6_1", "GID_2": "USA.6.61_1", "GID_3": null, "GID_4": null, "source_id": "det_1008", "comment": "4 surface operations", "Reserves_data": [ { "id": 212, "year": 2013, "material": "O.Au", "commodity": "Me.Au", "mineral_value_tonnes": 182650000.0, "commodity_value_tonnes": 133.5262539423, "grade_ppm": 0.8, "source_id": "det_2851", "comment": NaN }, { "id": 213, "year": 2017, "material": "O.Au", "commodity": "Me.Au", "mineral_value_tonnes": 174200000.0, "commodity_value_tonnes": 98.65634004, "grade_ppm": 0.5731909036519691, "source_id": "det_2839", "comment": NaN } ], "index_right": 13525, "ISO3_CODE": "USA", "COUNTRY_NAME": "United States", "AREA": 15.076110270328376, "distance": 0.0 }, "geometry": { "type": "MultiPoint", "coordinates": [ [ -11704869.050513356924057, 4685144.612841661088169 ] ] } },
{ "type": "Feature", "properties": { "facility_id": "COM00196.00", "facility_name": "Canadian Malartic", "facility_other_names": null, "facility_type": "Mine", "primary_commodity": "Gold", "commodities_products": "Gold, Silver", "facility_equipment": "Open pit", "production_start": null, "production_end": null, "activity_status": null, "activity_status_year": null, "surface_area_sq_km": null, "concession_area_sq_km": null, "country": "Canada", "GID_0": "CAN", "GID_1": "CAN.11_1", "GID_2": "CAN.11.98_1", "GID_3": "CAN.11.98.8_1", "GID_4": null, "source_id": "det_1212", "comment": null, "Reserves_data": [ { "id": 114, "year": 2019, "material": "O.Au", "commodity": "Me.Au", "mineral_value_tonnes": 133808000.0, "commodity_value_tonnes": 135.454020894, "grade_ppm": 1.11, "source_id": "det_1917", "comment": NaN } ], "index_right": 13539, "ISO3_CODE": "CAN", "COUNTRY_NAME": "Canada", "AREA": 24.33927341581785, "distance": 0.0 }, "geometry": { "type": "MultiPoint", "coordinates": [ [ -8697576.773012418299913, 6125478.567368037067354 ] ] } },
{ "type": "Feature", "properties": { "facility_id": "COM00543.00", "facility_name": "Holt-McDermott", "facility_other_names": null, "facility_type": "Mine", "primary_commodity": "Gold", "commodities_products": "Gold", "facility_equipment": null, "production_start": null, "production_end": null, "activity_status": null, "activity_status_year": null, "surface_area_sq_km": null, "concession_area_sq_km": null, "country": "Canada", "GID_0": "CAN", "GID_1": "CAN.9_1", "GID_2": "CAN.9.5_1", "GID_3": "CAN.9.5.2_1", "GID_4": null, "source_id": "det_1044", "comment": null, "Reserves_data": [ { "id": 361, "year": 2003, "material": "O.Au", "commodity": "Me.Au", "mineral_value_tonnes": 340000.0, "commodity_value_tonnes": 1.559223765, "grade_ppm": 5.52815701035, "source_id": "det_1044", "comment": NaN } ], "index_right": 13783, "ISO3_CODE": "CAN", "COUNTRY_NAME": "Canada", "AREA": 0.1377293596215616, "distance": 0.0 }, "geometry": { "type": "MultiPoint", "coordinates": [ [ -8876660.968554832041264, 6192649.938264166936278 ] ] } },
{ "type": "Feature", "properties": { "facility_id": "COM01007.00", "facility_name": "Porcupine", "facility_other_names": null, "facility_type": "Mine", "primary_commodity": "Gold", "commodities_products": "Gold", "facility_equipment": "Open pit, Underground", "production_start": null, "production_end": null, "activity_status": null, "activity_status_year": null, "surface_area_sq_km": null, "concession_area_sq_km": null, "country": "Canada", "GID_0": "CAN", "GID_1": "CAN.9_1", "GID_2": "CAN.9.5_1", "GID_3": "CAN.9.5.23_1", "GID_4": null, "source_id": "det_1151", "comment": null, "Reserves_data": [ { "id": 717, "year": 2006, "material": "O.Au", "commodity": "Me.Au", "mineral_value_tonnes": 61569387.75510204, "commodity_value_tonnes": 98.87619348367348, "grade_ppm": 1.76, "source_id": "det_2871", "comment": NaN }, { "id": 718, "year": 2019, "material": "O.bulk", "commodity": "Me.Au", "mineral_value_tonnes": 54300000.0, "commodity_value_tonnes": 79.94565486, "grade_ppm": 1.461958281190166, "source_id": "det_1151", "comment": NaN } ], "index_right": 13858, "ISO3_CODE": "CAN", "COUNTRY_NAME": "Canada", "AREA": 3.9216328032736594, "distance": 0.0 }, "geometry": { "type": "MultiPoint", "coordinates": [ [ -9043809.132072020322084, 6184222.458810196258128 ] ] } },
{ "type": "Feature", "properties": { "facility_id": "COM00545.00", "facility_name": "Hopkins Complex", "facility_other_names": "Hopkins County Coal, Elk Creek", "facility_type": "Mine", "primary_commodity": "Coal", "commodities_products": "Coal", "facility_equipment": "Underground", "production_start": null, "production_end": 2016.0, "activity_status": null, "activity_status_year": null, "surface_area_sq_km": null, "concession_area_sq_km": null, "country": "United States of America", "GID_0": "USA", "GID_1": "USA.6_1", "GID_2": "USA.6.27_1", "GID_3": null, "GID_4": null, "source_id": "det_1411", "comment": null, "Reserves_data": [ { "id": 363, "year": 2019, "material": "F.coal", "commodity": NaN, "mineral_value_tonnes": 12610080.0, "commodity_value_tonnes": NaN, "grade_ppm": NaN, "source_id": "det_1411", "comment": NaN } ], "index_right": 13970, "ISO3_CODE": "USA", "COUNTRY_NAME": "United States", "AREA": 1.1181805037453967, "distance": 0.0 }, "geometry": { "type": "MultiPoint", "coordinates": [ [ -11960941.729185931384563, 4711159.162245815619826 ] ] } },
{ "type": "Feature", "properties": { "facility_id": "COM01360.00", "facility_name": "West Elk", "facility_other_names": null, "facility_type": "Mine", "primary_commodity": "Coal", "commodities_products": "Thermal coal", "facility_equipment": "Underground", "production_start": null, "production_end": null, "activity_status": null, "activity_status_year": null, "surface_area_sq_km": null, "concession_area_sq_km": null, "country": "United States of America", "GID_0": "USA", "GID_1": "USA.6_1", "GID_2": "USA.6.27_1", "GID_3": null, "GID_4": null, "source_id": "det_1399", "comment": null, "Reserves_data": [ { "id": 990, "year": 2019, "material": "F.stc", "commodity": NaN, "mineral_value_tonnes": 45813600.0, "commodity_value_tonnes": NaN, "grade_ppm": NaN, "source_id": "det_1399", "comment": NaN } ], "index_right": 13970, "ISO3_CODE": "USA", "COUNTRY_NAME": "United States", "AREA": 1.1181805037453967, "distance": 0.0 }, "geometry": { "type": "MultiPoint", "coordinates": [ [ -11960656.820540577173233, 4711418.337622111663222 ] ] } },
{ "type": "Feature", "properties": { "facility_id": "COM00834.00", "facility_name": "Mont Wright", "facility_other_names": "Mt Wright, Mont-Wright, Dofasco", "facility_type": "Mine", "primary_commodity": "Iron", "commodities_products": "Iron", "facility_equipment": "Open pit", "production_start": 1976.0, "production_end": null, "activity_status": null, "activity_status_year": null, "surface_area_sq_km": null, "concession_area_sq_km": null, "country": "Canada", "GID_0": "CAN", "GID_1": "CAN.11_1", "GID_2": "CAN.11.94_1", "GID_3": "CAN.11.94.2_1", "GID_4": null, "source_id": "det_1218", "comment": null, "Reserves_data": [ { "id": 582, "year": 2019, "material": "O.Fe", "commodity": "Me.Fe", "mineral_value_tonnes": 2405000000.0, "commodity_value_tonnes": NaN, "grade_ppm": NaN, "source_id": "det_1218", "comment": NaN } ], "index_right": 14021, "ISO3_CODE": "CAN", "COUNTRY_NAME": "Canada", "AREA": 54.074180179919239, "distance": 0.0 }, "geometry": { "type": "MultiPoint", "coordinates": [ [ -7497478.801778787747025, 6936610.301197621040046 ] ] } },
{ "type": "Feature", "properties": { "facility_id": "COM00442.00", "facility_name": "Garpenberg", "facility_other_names": null, "facility_type": "Mine", "primary_commodity": "Zinc", "commodities_products": "Zinc, Silver, Lead, Copper, Gold", "facility_equipment": "Underground", "production_start": null, "production_end": null, "activity_status": null, "activity_status_year": null, "surface_area_sq_km": null, "concession_area_sq_km": null, "country": "Sweden", "GID_0": "SWE", "GID_1": "SWE.2_1", "GID_2": "SWE.2.6_1", "GID_3": null, "GID_4": null, "source_id": "det_1124", "comment": null, "Reserves_data": [ { "id": 300, "year": 2018, "material": "O.bulk", "commodity": "Me.Ag", "mineral_value_tonnes": 76200000.0, "commodity_value_tonnes": NaN, "grade_ppm": NaN, "source_id": "det_1124", "comment": NaN }, { "id": 301, "year": 2018, "material": "O.bulk", "commodity": "Me.Au", "mineral_value_tonnes": 76200000.0, "commodity_value_tonnes": NaN, "grade_ppm": NaN, "source_id": "det_1124", "comment": NaN }, { "id": 302, "year": 2018, "material": "O.bulk", "commodity": "Me.Cu", "mineral_value_tonnes": 76200000.0, "commodity_value_tonnes": NaN, "grade_ppm": NaN, "source_id": "det_1124", "comment": NaN }, { "id": 303, "year": 2018, "material": "O.bulk", "commodity": "Me.Pb", "mineral_value_tonnes": 76200000.0, "commodity_value_tonnes": NaN, "grade_ppm": NaN, "source_id": "det_1124", "comment": NaN }, { "id": 304, "year": 2018, "material": "O.bulk", "commodity": "Me.Zn", "mineral_value_tonnes": 76200000.0, "commodity_value_tonnes": NaN, "grade_ppm": NaN, "source_id": "det_1124", "comment": NaN } ], "index_right": 14046, "ISO3_CODE": "SWE", "COUNTRY_NAME": "Sweden", "AREA": 0.74769859302189912, "distance": 57.995703500940252 }, "geometry": { "type": "MultiPoint", "coordinates": [ [ 1806137.662612682208419, 8472612.940475139766932 ] ] } },
{ "type": "Feature", "properties": { "facility_id": "COM01168.00", "facility_name": "Shanxi Lu'an Mines", "facility_other_names": null, "facility_type": "Company", "primary_commodity": "Coal", "commodities_products": "Coal", "facility_equipment": null, "production_start": null, "production_end": null, "activity_status": null, "activity_status_year": null, "surface_area_sq_km": null, "concession_area_sq_km": null, "country": "China", "GID_0": "CHN", "GID_1": "CHN.25_1", "GID_2": "CHN.25.1_1 ; CHN.25.9_1", "GID_3": "CHN.25.1.1_1 ; CHN.25.1.9_1 ; CHN.25.1.11_1 ; CHN.25.1.12_1 ; CHN.25.9.8_1", "GID_4": null, "source_id": "det_1582", "comment": null, "Reserves_data": [ { "id": 846, "year": 2020, "material": "F.coal", "commodity": NaN, "mineral_value_tonnes": 1479145800.0, "commodity_value_tonnes": NaN, "grade_ppm": NaN, "source_id": "det_1582", "comment": NaN } ], "index_right": 14064, "ISO3_CODE": "CHN", "COUNTRY_NAME": "China", "AREA": 1.2407852700931556, "distance": 0.0 }, "geometry": { "type": "MultiPoint", "coordinates": [ [ 12581181.644969848915935, 4352452.751181876286864 ] ] } },
{ "type": "Feature", "properties": { "facility_id": "COM00264.00", "facility_name": "Climax", "facility_other_names": null, "facility_type": "Mine", "primary_commodity": "Other (poly)-metallic", "commodities_products": "Molybdenum", "facility_equipment": "Open pit", "production_start": 2012.0, "production_end": null, "activity_status": null, "activity_status_year": null, "surface_area_sq_km": 61.10819, "concession_area_sq_km": null, "country": "United States of America", "GID_0": "USA", "GID_1": "USA.6_1", "GID_2": "USA.6.35_1", "GID_3": null, "GID_4": null, "source_id": "det_1167", "comment": null, "Reserves_data": [ { "id": 185, "year": 2019, "material": NaN, "commodity": "Me.Mo", "mineral_value_tonnes": 160000000.0, "commodity_value_tonnes": NaN, "grade_ppm": NaN, "source_id": "det_1167", "comment": NaN } ], "index_right": 14092, "ISO3_CODE": "USA", "COUNTRY_NAME": "United States", "AREA": 26.916361652710972, "distance": 0.0 }, "geometry": { "type": "MultiPoint", "coordinates": [ [ -11820256.0255973841995, 4774617.907926100306213 ] ] } },
{ "type": "Feature", "properties": { "facility_id": "COM00363.00", "facility_name": "Eagle", "facility_other_names": null, "facility_type": "Mine", "primary_commodity": "Nickel", "commodities_products": "Nickel, Copper", "facility_equipment": "Underground", "production_start": 2014.0, "production_end": null, "activity_status": null, "activity_status_year": null, "surface_area_sq_km": null, "concession_area_sq_km": null, "country": "United States of America", "GID_0": "USA", "GID_1": "USA.23_1", "GID_2": "USA.23.56_1", "GID_3": null, "GID_4": null, "source_id": "det_1203", "comment": null, "Reserves_data": [ { "id": 251, "year": 2019, "material": "O.bulk", "commodity": "Me.Ag", "mineral_value_tonnes": 4119000.0, "commodity_value_tonnes": 20.9786471162, "grade_ppm": 6.0, "source_id": "det_2842", "comment": NaN }, { "id": 252, "year": 2019, "material": "O.bulk", "commodity": "Me.Au", "mineral_value_tonnes": 4119000.0, "commodity_value_tonnes": NaN, "grade_ppm": NaN, "source_id": "det_2842", "comment": NaN }, { "id": 253, "year": 2019, "material": "O.bulk", "commodity": "Me.Cu", "mineral_value_tonnes": 4119000.0, "commodity_value_tonnes": 91000.0, "grade_ppm": 22000.0, "source_id": "det_2842", "comment": NaN }, { "id": 254, "year": 2019, "material": "O.bulk", "commodity": "Me.Ni", "mineral_value_tonnes": 4119000.0, "commodity_value_tonnes": 108000.0, "grade_ppm": 26000.0, "source_id": "det_2842", "comment": NaN } ], "index_right": 14125, "ISO3_CODE": "USA", "COUNTRY_NAME": "United States", "AREA": 0.63625838863316864, "distance": 91.688918810498322 }, "geometry": { "type": "MultiPoint", "coordinates": [ [ -9782794.422665402293205, 5900215.602298393845558 ] ] } },
{ "type": "Feature", "properties": { "facility_id": "COM00530.00", "facility_name": "Henderson", "facility_other_names": null, "facility_type": "Mine", "primary_commodity": "Other (poly)-metallic", "commodities_products": "Molybdenum", "facility_equipment": "Open pit", "production_start": 1976.0, "production_end": null, "activity_status": null, "activity_status_year": null, "surface_area_sq_km": 67.58323, "concession_area_sq_km": null, "country": "United States of America", "GID_0": "USA", "GID_1": "USA.6_1", "GID_2": "USA.6.11_1", "GID_3": null, "GID_4": null, "source_id": "det_1167", "comment": null, "Reserves_data": [ { "id": 351, "year": 2019, "material": NaN, "commodity": "Me.Mo", "mineral_value_tonnes": 67000000.0, "commodity_value_tonnes": NaN, "grade_ppm": NaN, "source_id": "det_1167", "comment": NaN } ], "index_right": 14136, "ISO3_CODE": "USA", "COUNTRY_NAME": "United States", "AREA": 0.9461229792323046, "distance": 0.0 }, "geometry": { "type": "MultiPoint", "coordinates": [ [ -11781773.334040062502027, 4832548.717897308990359 ] ] } },
{ "type": "Feature", "properties": { "facility_id": "COM00576.00", "facility_name": "Iron Ore Company of Canada Labrador City", "facility_other_names": null, "facility_type": "Mine", "primary_commodity": "Iron", "commodities_products": "Iron ore", "facility_equipment": null, "production_start": null, "production_end": null, "activity_status": null, "activity_status_year": null, "surface_area_sq_km": null, "concession_area_sq_km": null, "country": "Canada", "GID_0": "CAN", "GID_1": "CAN.5_1", "GID_2": "CAN.5.1_1", "GID_3": "CAN.5.1.6_1", "GID_4": null, "source_id": "det_1065", "comment": null, "Reserves_data": [ { "id": 380, "year": 2018, "material": "O.Fe", "commodity": "Me.Fe", "mineral_value_tonnes": 545000000.0, "commodity_value_tonnes": NaN, "grade_ppm": NaN, "source_id": "det_1067", "comment": "Reserves at Iron Ore Company of Canada are reported as marketable product (60% pellets and 40% concentrate for sale) at a natural moisture content of 2%. The marketable product is derived from mined material comprising 580 million dry tonnes at 38.6% iron (Proved) and 718 million dry tonnes at 38.1% iron (Probable) using process recovery factors derived from current IOC concentrating and pellet operations." } ], "index_right": 14269, "ISO3_CODE": "CAN", "COUNTRY_NAME": "Canada", "AREA": 13.242092124113219, "distance": 614.42799484130683 }, "geometry": { "type": "MultiPoint", "coordinates": [ [ -7446926.739710167050362, 6973980.993618564680219 ] ] } },
{ "type": "Feature", "properties": { "facility_id": "COM01284.00", "facility_name": "Timmins West & Bell Creek", "facility_other_names": null, "facility_type": "Mine", "primary_commodity": "Gold", "commodities_products": "Gold", "facility_equipment": "Underground", "production_start": 2011.0, "production_end": null, "activity_status": null, "activity_status_year": null, "surface_area_sq_km": null, "concession_area_sq_km": 17.12, "country": "Canada", "GID_0": "CAN", "GID_1": "CAN.9_1", "GID_2": "CAN.9.5_1", "GID_3": "CAN.9.5.23_1", "GID_4": null, "source_id": "det_1382", "comment": null, "Reserves_data": [ { "id": 943, "year": 2019, "material": "O.bulk", "commodity": "Me.Au", "mineral_value_tonnes": 9900000.0, "commodity_value_tonnes": NaN, "grade_ppm": NaN, "source_id": "det_1380", "comment": NaN } ], "index_right": 14405, "ISO3_CODE": "CAN", "COUNTRY_NAME": "Canada", "AREA": 4.4661686265718217, "distance": 341.56709656440478 }, "geometry": { "type": "MultiPoint", "coordinates": [ [ -9036278.576234355568886, 6199761.580058799125254 ] ] } },
{ "type": "Feature", "properties": { "facility_id": "COM01282.00", "facility_name": "Tilden", "facility_other_names": null, "facility_type": "Mine", "primary_commodity": "Iron", "commodities_products": "Iron, Iron ore pellets", "facility_equipment": "Open pit", "production_start": 1974.0, "production_end": null, "activity_status": null, "activity_status_year": null, "surface_area_sq_km": null, "concession_area_sq_km": null, "country": "United States of America", "GID_0": "USA", "GID_1": "USA.23_1", "GID_2": "USA.23.56_1", "GID_3": null, "GID_4": null, "source_id": "det_1233", "comment": null, "Reserves_data": [ { "id": 942, "year": 2019, "material": "O.Fe", "commodity": "Me.Fe", "mineral_value_tonnes": 613082759.8, "commodity_value_tonnes": NaN, "grade_ppm": NaN, "source_id": "det_1233", "comment": "Process recovery [Metallurgical recovery] includes all factors for converting crude ore tonnage to a saleable product.  Saleable product is a standard pellet containing 65 to 66% Fe.  Saleable product is reported on a dry basis. Shipped products typically contain 1 to 4% moisture." } ], "index_right": 14406, "ISO3_CODE": "USA", "COUNTRY_NAME": "United States", "AREA": 50.138686962672828, "distance": 0.0 }, "geometry": { "type": "MultiPoint", "coordinates": [ [ -9757109.385699614882469, 5852343.959114777855575 ] ] } },
{ "type": "Feature", "properties": { "facility_id": "COM01419.00", "facility_name": "Zhaolou", "facility_other_names": "Heze Nenghua, Heze Neng Hua Company Ltd.", "facility_type": "Mine", "primary_commodity": "Coal", "commodities_products": "Coking coal", "facility_equipment": "Underground", "production_start": 2009.0, "production_end": null, "activity_status": null, "activity_status_year": null, "surface_area_sq_km": null, "concession_area_sq_km": null, "country": "China", "GID_0": "CHN", "GID_1": "CHN.23_1", "GID_2": "CHN.23.4_1", "GID_3": "CHN.23.4.9_1", "GID_4": null, "source_id": "det_1490", "comment": null, "Reserves_data": [ { "id": 1030, "year": 2020, "material": "F.coal", "commodity": NaN, "mineral_value_tonnes": 25000000.0, "commodity_value_tonnes": NaN, "grade_ppm": NaN, "source_id": "det_1489", "comment": NaN } ], "index_right": 14467, "ISO3_CODE": "CHN", "COUNTRY_NAME": "China", "AREA": 0.099249190058226758, "distance": 4192.5315250759068 }, "geometry": { "type": "MultiPoint", "coordinates": [ [ 12907789.399545095860958, 4216535.284533648751676 ] ] } },
{ "type": "Feature", "properties": { "facility_id": "COM01394.00", "facility_name": "Yanzhou Shandong Area", "facility_other_names": "The Company", "facility_type": "Region", "primary_commodity": "Coal", "commodities_products": "Thermal coal", "facility_equipment": "Underground", "production_start": null, "production_end": null, "activity_status": null, "activity_status_year": null, "surface_area_sq_km": null, "concession_area_sq_km": null, "country": "China", "GID_0": "CHN", "GID_1": "CHN.23_1", "GID_2": "CHN.23.6_1 ; CHN.23.16_1", "GID_3": "CHN.23.6.2_1 ; CHN.23.6.9_1 ; CHN.23.16.3_1", "GID_4": null, "source_id": "det_1489", "comment": null, "Reserves_data": [ { "id": 1010, "year": 2020, "material": "F.coal", "commodity": NaN, "mineral_value_tonnes": 269000000.0, "commodity_value_tonnes": NaN, "grade_ppm": NaN, "source_id": "det_1489", "comment": NaN } ], "index_right": 14661, "ISO3_CODE": "CHN", "COUNTRY_NAME": "China", "AREA": 0.36187332737208006, "distance": 0.0 }, "geometry": { "type": "MultiPoint", "coordinates": [ [ 13010224.796511422842741, 4215415.519803527742624 ] ] } },
{ "type": "Feature", "properties": { "facility_id": "COM00163.00", "facility_name": "Bozshakol", "facility_other_names": null, "facility_type": "Mine", "primary_commodity": "Copper", "commodities_products": "Gold, Copper, Silver", "facility_equipment": "Open pit", "production_start": 2015.0, "production_end": null, "activity_status": null, "activity_status_year": null, "surface_area_sq_km": null, "concession_area_sq_km": null, "country": "Kazakhstan", "GID_0": "KAZ", "GID_1": "KAZ.8_1", "GID_2": "KAZ.8.4_1", "GID_3": null, "GID_4": null, "source_id": "det_1117", "comment": null, "Reserves_data": [ { "id": 90, "year": 2019, "material": "O.bulk", "commodity": "Me.Ag", "mineral_value_tonnes": 864100000.0, "commodity_value_tonnes": NaN, "grade_ppm": NaN, "source_id": "det_2834", "comment": NaN }, { "id": 91, "year": 2019, "material": "O.bulk", "commodity": "Me.Au", "mineral_value_tonnes": 864100000.0, "commodity_value_tonnes": NaN, "grade_ppm": NaN, "source_id": "det_2834", "comment": NaN }, { "id": 92, "year": 2019, "material": "O.bulk", "commodity": "Me.Cu", "mineral_value_tonnes": 864100000.0, "commodity_value_tonnes": NaN, "grade_ppm": NaN, "source_id": "det_2834", "comment": NaN }, { "id": 93, "year": 2019, "material": "O.bulk", "commodity": "Me.Mo", "mineral_value_tonnes": 864100000.0, "commodity_value_tonnes": NaN, "grade_ppm": NaN, "source_id": "det_2834", "comment": NaN } ], "index_right": 14695, "ISO3_CODE": "KAZ", "COUNTRY_NAME": "Kazakhstan", "AREA": 14.131754274564338, "distance": 0.0 }, "geometry": { "type": "MultiPoint", "coordinates": [ [ 8270077.578922222368419, 6772506.012475352734327 ] ] } },
{ "type": "Feature", "properties": { "facility_id": "COM00072.00", "facility_name": "Ashele", "facility_other_names": "Xinjiang Ashele Copper Co, Xinjiang Ashele", "facility_type": "Mine", "primary_commodity": "Copper", "commodities_products": "Copper, Zinc, Silver", "facility_equipment": "Underground", "production_start": 2004.0, "production_end": null, "activity_status": null, "activity_status_year": null, "surface_area_sq_km": null, "concession_area_sq_km": null, "country": "China", "GID_0": "CHN", "GID_1": "CHN.28_1", "GID_2": "CHN.28.2_1", "GID_3": "CHN.28.2.5_1", "GID_4": null, "source_id": "det_1324", "comment": null, "Reserves_data": [ { "id": 39, "year": 2018, "material": "O.Cu", "commodity": "Me.Cu", "mineral_value_tonnes": NaN, "commodity_value_tonnes": 161181.0, "grade_ppm": 31700.0, "source_id": "det_1332", "comment": NaN } ], "index_right": 14773, "ISO3_CODE": "CHN", "COUNTRY_NAME": "China", "AREA": 0.4181541224930922, "distance": 0.0 }, "geometry": { "type": "MultiPoint", "coordinates": [ [ 9611163.233234191313386, 6155182.781956824474037 ] ] } },
{ "type": "Feature", "properties": { "facility_id": "COM00153.00", "facility_name": "Bogatyr", "facility_other_names": null, "facility_type": "Mine", "primary_commodity": "Coal", "commodities_products": "Coal", "facility_equipment": null, "production_start": null, "production_end": null, "activity_status": null, "activity_status_year": null, "surface_area_sq_km": null, "concession_area_sq_km": null, "country": "Kazakhstan", "GID_0": "KAZ", "GID_1": "KAZ.8_1", "GID_2": "KAZ.8.4_1", "GID_3": null, "GID_4": null, "source_id": "det_1277", "comment": null, "Reserves_data": [ { "id": 85, "year": 2019, "material": "F.coal", "commodity": NaN, "mineral_value_tonnes": 1700000000.0, "commodity_value_tonnes": NaN, "grade_ppm": NaN, "source_id": "det_1277", "comment": NaN } ], "index_right": 14854, "ISO3_CODE": "KAZ", "COUNTRY_NAME": "Kazakhstan", "AREA": 190.07549852609353, "distance": 0.0 }, "geometry": { "type": "MultiPoint", "coordinates": [ [ 8396491.051363486796618, 6737232.738098906353116 ] ] } },
{ "type": "Feature", "properties": { "facility_id": "COM00529.00", "facility_name": "Hemlo", "facility_other_names": "Williams", "facility_type": "Mine", "primary_commodity": "Gold", "commodities_products": "Gold", "facility_equipment": "Open pit, Underground", "production_start": null, "production_end": null, "activity_status": null, "activity_status_year": null, "surface_area_sq_km": null, "concession_area_sq_km": null, "country": "Canada", "GID_0": "CAN", "GID_1": "CAN.9_1", "GID_2": "CAN.9.48_1", "GID_3": "CAN.9.48.31_1", "GID_4": null, "source_id": "det_1030", "comment": null, "Reserves_data": [ { "id": 350, "year": 2018, "material": "O.Au", "commodity": "Me.Au", "mineral_value_tonnes": 24102000.0, "commodity_value_tonnes": 54.544482252, "grade_ppm": 2.48, "source_id": "det_1035", "comment": NaN } ], "index_right": 14929, "ISO3_CODE": "CAN", "COUNTRY_NAME": "Canada", "AREA": 2.6285239863245797, "distance": 0.0 }, "geometry": { "type": "MultiPoint", "coordinates": [ [ -9565009.693029753863811, 6223416.776230324991047 ] ] } },
{ "type": "Feature", "properties": { "facility_id": "COM01307.00", "facility_name": "Twentymile", "facility_other_names": null, "facility_type": "Mine", "primary_commodity": "Coal", "commodities_products": "Thermal coal", "facility_equipment": "Underground", "production_start": null, "production_end": null, "activity_status": null, "activity_status_year": null, "surface_area_sq_km": null, "concession_area_sq_km": null, "country": "United States of America", "GID_0": "USA", "GID_1": "USA.6_1", "GID_2": "USA.6.55_1", "GID_3": null, "GID_4": null, "source_id": "det_1390", "comment": null, "Reserves_data": [ { "id": 960, "year": 2019, "material": "F.stc", "commodity": NaN, "mineral_value_tonnes": 4536000.0, "commodity_value_tonnes": NaN, "grade_ppm": NaN, "source_id": "det_2144", "comment": NaN } ], "index_right": 14961, "ISO3_CODE": "USA", "COUNTRY_NAME": "United States", "AREA": 3.4848172419211179, "distance": 7259.4513655604878 }, "geometry": { "type": "MultiPoint", "coordinates": [ [ -11915582.311940083280206, 4925617.862260464578867 ] ] } },
{ "type": "Feature", "properties": { "facility_id": "COM01240.00", "facility_name": "Sufco", "facility_other_names": null, "facility_type": "Mine", "primary_commodity": "Coal", "commodities_products": "Coal", "facility_equipment": "Underground", "production_start": null, "production_end": null, "activity_status": null, "activity_status_year": null, "surface_area_sq_km": null, "concession_area_sq_km": 111.492095, "country": "United States of America", "GID_0": "USA", "GID_1": "USA.45_1", "GID_2": "USA.45.21_1", "GID_3": null, "GID_4": null, "source_id": "det_1409", "comment": null, "Reserves_data": [ { "id": 894, "year": 2010, "material": "F.coal", "commodity": NaN, "mineral_value_tonnes": 51256800.0, "commodity_value_tonnes": NaN, "grade_ppm": NaN, "source_id": "det_1409", "comment": NaN } ], "index_right": 15198, "ISO3_CODE": "USA", "COUNTRY_NAME": "United States", "AREA": 0.096398822163954095, "distance": 0.0 }, "geometry": { "type": "MultiPoint", "coordinates": [ [ -12402863.300851499661803, 4709272.07121516764164 ] ] } },
{ "type": "Feature", "properties": { "facility_id": "COM00386.00", "facility_name": "Eleonore", "facility_other_names": null, "facility_type": "Mine", "primary_commodity": "Gold", "commodities_products": "Gold", "facility_equipment": "Underground", "production_start": 2015.0, "production_end": null, "activity_status": null, "activity_status_year": null, "surface_area_sq_km": null, "concession_area_sq_km": null, "country": "Canada", "GID_0": "CAN", "GID_1": "CAN.11_1", "GID_2": "CAN.11.84_1", "GID_3": "CAN.11.84.6_1", "GID_4": null, "source_id": "det_1152", "comment": null, "Reserves_data": [ { "id": 268, "year": 2019, "material": "O.Au", "commodity": "Me.Au", "mineral_value_tonnes": 8300000.0, "commodity_value_tonnes": 36.28738944, "grade_ppm": 4.39417608515, "source_id": "det_1151", "comment": NaN } ], "index_right": 15243, "ISO3_CODE": "CAN", "COUNTRY_NAME": "Canada", "AREA": 5.5070112553409301, "distance": 0.0 }, "geometry": { "type": "MultiPoint", "coordinates": [ [ -8467832.477523874491453, 6928816.110330063849688 ] ] } },
{ "type": "Feature", "properties": { "facility_id": "COM01174.00", "facility_name": "Shendong Mines", "facility_other_names": "Shenhua Shendong Coal Group, Shenhua Shendong Power", "facility_type": "Mine", "primary_commodity": "Coal", "commodities_products": "Coal, Thermal coal", "facility_equipment": null, "production_start": null, "production_end": null, "activity_status": null, "activity_status_year": null, "surface_area_sq_km": null, "concession_area_sq_km": null, "country": "China", "GID_0": "CHN", "GID_1": "CHN.19_1 ; CHN.22_1 ; CHN.25_1", "GID_2": "CHN.19.7_1 ; CHN.22.10_1 ; CHN.25.9_1", "GID_3": "CHN.19.7.1_1 ; CHN.19.7.2_1 ; CHN.19.7.3_1 ; CHN.19.7.5_1 ; CHN.22.10.8_1 ; CHN.25.9.1_1", "GID_4": null, "source_id": "det_1376", "comment": null, "Reserves_data": [ { "id": 848, "year": 2019, "material": "F.coal", "commodity": NaN, "mineral_value_tonnes": 9050000000.0, "commodity_value_tonnes": NaN, "grade_ppm": NaN, "source_id": "det_1376", "comment": "under PRC standard" } ], "index_right": 15286, "ISO3_CODE": "CHN", "COUNTRY_NAME": "China", "AREA": 33.610747360809654, "distance": 0.0 }, "geometry": { "type": "MultiPoint", "coordinates": [ [ 12263758.098490526899695, 4772667.982221284881234 ] ] } },
{ "type": "Feature", "properties": { "facility_id": "COM00353.00", "facility_name": "Dugout Canyon", "facility_other_names": null, "facility_type": "Mine", "primary_commodity": "Coal", "commodities_products": "Coal", "facility_equipment": "Underground", "production_start": null, "production_end": null, "activity_status": null, "activity_status_year": null, "surface_area_sq_km": null, "concession_area_sq_km": 75.1590268, "country": "United States of America", "GID_0": "USA", "GID_1": "USA.45_1", "GID_2": "USA.45.4_1", "GID_3": null, "GID_4": null, "source_id": "det_1409", "comment": null, "Reserves_data": [ { "id": 244, "year": 2010, "material": "F.coal", "commodity": NaN, "mineral_value_tonnes": 9797760.0, "commodity_value_tonnes": NaN, "grade_ppm": NaN, "source_id": "det_1409", "comment": NaN } ], "index_right": 15411, "ISO3_CODE": "USA", "COUNTRY_NAME": "United States", "AREA": 0.056568441276725674, "distance": 2.4381261170210946 }, "geometry": { "type": "MultiPoint", "coordinates": [ [ -12305824.152635913342237, 4819995.103961667045951 ] ] } },
{ "type": "Feature", "properties": { "facility_id": "COM00826.00", "facility_name": "Minorca", "facility_other_names": null, "facility_type": "Mine, Refinery", "primary_commodity": "Iron", "commodities_products": "Iron", "facility_equipment": "Open pit", "production_start": 1977.0, "production_end": null, "activity_status": null, "activity_status_year": null, "surface_area_sq_km": null, "concession_area_sq_km": null, "country": "United States of America", "GID_0": "USA", "GID_1": "USA.24_1", "GID_2": "USA.24.70_1", "GID_3": null, "GID_4": null, "source_id": "det_1218", "comment": null, "Reserves_data": [ { "id": 571, "year": 2019, "material": "O.Fe", "commodity": "Me.Fe", "mineral_value_tonnes": 130000000.0, "commodity_value_tonnes": NaN, "grade_ppm": NaN, "source_id": "det_1218", "comment": NaN } ], "index_right": 15438, "ISO3_CODE": "USA", "COUNTRY_NAME": "United States", "AREA": 5.4871555142910617, "distance": 0.0 }, "geometry": { "type": "MultiPoint", "coordinates": [ [ -10298803.744229216128588, 6034573.171136108227074 ] ] } },
{ "type": "Feature", "properties": { "facility_id": "COM00825.00", "facility_name": "Minntac", "facility_other_names": "Mt. Iron, Mount Iron, Mountain Iron", "facility_type": "Mine", "primary_commodity": "Iron", "commodities_products": "Iron, Iron ore pellets", "facility_equipment": "Open pit, Pellet plant", "production_start": null, "production_end": null, "activity_status": null, "activity_status_year": null, "surface_area_sq_km": null, "concession_area_sq_km": null, "country": "United States of America", "GID_0": "USA", "GID_1": "USA.24_1", "GID_2": "USA.24.70_1", "GID_3": null, "GID_4": null, "source_id": "det_1253", "comment": null, "Reserves_data": [ { "id": 570, "year": 2019, "material": "O.Fe", "commodity": "Me.Fe", "mineral_value_tonnes": 375580800.0, "commodity_value_tonnes": NaN, "grade_ppm": NaN, "source_id": "det_1977", "comment": "Recoverable tons mean the tons of product that can be used internally or delivered to a customer after considering mining and beneficiation or preparation losses" } ], "index_right": 15467, "ISO3_CODE": "USA", "COUNTRY_NAME": "United States", "AREA": 92.396037466176224, "distance": 0.0 }, "geometry": { "type": "MultiPoint", "coordinates": [ [ -10308855.318428535014391, 6031203.913460689596832 ] ] } },
{ "type": "Feature", "properties": { "facility_id": "COM00628.00", "facility_name": "Keetac", "facility_other_names": "Keewatin", "facility_type": "Mine", "primary_commodity": "Iron", "commodities_products": "Iron, Iron ore pellets", "facility_equipment": "Open pit, Pellet plant", "production_start": null, "production_end": null, "activity_status": null, "activity_status_year": null, "surface_area_sq_km": null, "concession_area_sq_km": null, "country": "United States of America", "GID_0": "USA", "GID_1": "USA.24_1", "GID_2": "USA.24.70_1", "GID_3": null, "GID_4": null, "source_id": "det_1254", "comment": null, "Reserves_data": [ { "id": 419, "year": 2019, "material": "O.Fe", "commodity": "Me.Fe", "mineral_value_tonnes": 333849600.0, "commodity_value_tonnes": NaN, "grade_ppm": NaN, "source_id": "det_1977", "comment": "Recoverable tons mean the tons of product that can be used internally or delivered to a customer after considering mining and beneficiation or preparation losses" } ], "index_right": 15469, "ISO3_CODE": "USA", "COUNTRY_NAME": "United States", "AREA": 38.611674442802887, "distance": 0.0 }, "geometry": { "type": "MultiPoint", "coordinates": [ [ -10360173.487554440274835, 6009615.553803200833499 ] ] } },
{ "type": "Feature", "properties": { "facility_id": "COM00534.00", "facility_name": "Hibbing", "facility_other_names": "Hibbing Taconite", "facility_type": "Mine", "primary_commodity": "Iron", "commodities_products": "Iron", "facility_equipment": "Open pit", "production_start": 1976.0, "production_end": null, "activity_status": null, "activity_status_year": null, "surface_area_sq_km": null, "concession_area_sq_km": null, "country": "United States of America", "GID_0": "USA", "GID_1": "USA.24_1", "GID_2": "USA.24.70_1", "GID_3": null, "GID_4": null, "source_id": "det_1218", "comment": null, "Reserves_data": [ { "id": 354, "year": 2019, "material": "O.Fe", "commodity": "Me.Fe", "mineral_value_tonnes": 131000000.0, "commodity_value_tonnes": NaN, "grade_ppm": NaN, "source_id": "det_1218", "comment": NaN } ], "index_right": 15488, "ISO3_CODE": "USA", "COUNTRY_NAME": "United States", "AREA": 67.438264260534311, "distance": 0.0 }, "geometry": { "type": "MultiPoint", "coordinates": [ [ -10347975.868112619966269, 6020719.414585089311004 ] ] } },
{ "type": "Feature", "properties": { "facility_id": "COM00923.00", "facility_name": "Northshore", "facility_other_names": null, "facility_type": "Mine", "primary_commodity": "Iron", "commodities_products": "Iron, Direct Reduction Iron Pellets", "facility_equipment": "Open pit", "production_start": 1990.0, "production_end": null, "activity_status": null, "activity_status_year": null, "surface_area_sq_km": null, "concession_area_sq_km": null, "country": "United States of America", "GID_0": "USA", "GID_1": "USA.24_1", "GID_2": "USA.24.70_1", "GID_3": null, "GID_4": null, "source_id": "det_1233", "comment": null, "Reserves_data": [ { "id": 652, "year": 2019, "material": "O.Fe", "commodity": "Me.Fe", "mineral_value_tonnes": 829094352.0, "commodity_value_tonnes": NaN, "grade_ppm": NaN, "source_id": "det_1233", "comment": "Process recovery [Metallurgical recovery] includes all factors for converting crude ore tonnage to a saleable product.  Saleable product is a standard pellet containing 65 to 66% Fe.  Saleable product is reported on a dry basis. Shipped products typically contain 1 to 4% moisture." } ], "index_right": 15516, "ISO3_CODE": "USA", "COUNTRY_NAME": "United States", "AREA": 36.387397503476585, "distance": 515.56181410475926 }, "geometry": { "type": "MultiPoint", "coordinates": [ [ -10225052.224888836964965, 6055012.3594257729128 ] ] } },
{ "type": "Feature", "properties": { "facility_id": "COM01319.00", "facility_name": "United Taconite", "facility_other_names": null, "facility_type": "Mine", "primary_commodity": "Iron", "commodities_products": "Iron, Iron ore pellets", "facility_equipment": "Open pit", "production_start": 1965.0, "production_end": null, "activity_status": null, "activity_status_year": null, "surface_area_sq_km": null, "concession_area_sq_km": null, "country": "United States of America", "GID_0": "USA", "GID_1": "USA.24_1", "GID_2": "USA.24.70_1", "GID_3": null, "GID_4": null, "source_id": "det_1233", "comment": null, "Reserves_data": [ { "id": 970, "year": 2019, "material": "O.Fe", "commodity": "Me.Fe", "mineral_value_tonnes": 817917835.0, "commodity_value_tonnes": NaN, "grade_ppm": NaN, "source_id": "det_1233", "comment": "Process recovery [Metallurgical recovery] includes all factors for converting crude ore tonnage to a saleable product.  Saleable product is a standard pellet containing 65 to 66% Fe.  Saleable product is reported on a dry basis. Shipped products typically contain 1 to 4% moisture." } ], "index_right": 15546, "ISO3_CODE": "USA", "COUNTRY_NAME": "United States", "AREA": 10.978328828906792, "distance": 0.0 }, "geometry": { "type": "MultiPoint", "coordinates": [ [ -10301126.134205676615238, 6019941.553554101847112 ] ] } },
{ "type": "Feature", "properties": { "facility_id": "COM01402.00", "facility_name": "Yintai Inner Mongolia", "facility_other_names": null, "facility_type": "Mine", "primary_commodity": "Coal", "commodities_products": "Coal", "facility_equipment": null, "production_start": null, "production_end": null, "activity_status": null, "activity_status_year": null, "surface_area_sq_km": null, "concession_area_sq_km": null, "country": "China", "GID_0": "CHN", "GID_1": "CHN.19_1", "GID_2": "CHN.19.7_1", "GID_3": "CHN.19.7.2_1 ; CHN.19.7.3_1 ; CHN.19.7.5_1", "GID_4": null, "source_id": "det_1580", "comment": null, "Reserves_data": [ { "id": 1021, "year": 2020, "material": "F.coal", "commodity": NaN, "mineral_value_tonnes": 1530043915.0, "commodity_value_tonnes": NaN, "grade_ppm": NaN, "source_id": "det_2587", "comment": NaN } ], "index_right": 15590, "ISO3_CODE": "CHN", "COUNTRY_NAME": "China", "AREA": 4.3212051969273819, "distance": 0.0 }, "geometry": { "type": "MultiPoint", "coordinates": [ [ 12379402.370177078992128, 4823080.838090769015253 ] ] } },
{ "type": "Feature", "properties": { "facility_id": "COM01428.00", "facility_name": "Zhunge’er Mines", "facility_other_names": "Shenhua Zhunge’er Energy Co.", "facility_type": "Mine", "primary_commodity": "Coal", "commodities_products": "Coal, Long flame coal", "facility_equipment": "Open pit", "production_start": null, "production_end": null, "activity_status": null, "activity_status_year": null, "surface_area_sq_km": null, "concession_area_sq_km": null, "country": "China", "GID_0": "CHN", "GID_1": "CHN.19_1", "GID_2": "CHN.19.7_1", "GID_3": "CHN.19.7.5_1", "GID_4": null, "source_id": "det_1376", "comment": null, "Reserves_data": [ { "id": 1031, "year": 2019, "material": "F.coal", "commodity": NaN, "mineral_value_tonnes": 3080000000.0, "commodity_value_tonnes": NaN, "grade_ppm": NaN, "source_id": "det_1376", "comment": "under PRC standard" } ], "index_right": 15639, "ISO3_CODE": "CHN", "COUNTRY_NAME": "China", "AREA": 63.66977950574163, "distance": 0.0 }, "geometry": { "type": "MultiPoint", "coordinates": [ [ 12384314.204521548002958, 4835787.811539766378701 ] ] } },
{ "type": "Feature", "properties": { "facility_id": "COM00689.00", "facility_name": "Kylylahti", "facility_other_names": null, "facility_type": "Mine", "primary_commodity": "Copper", "commodities_products": "Copper, Gold, Zinc, Nickel, Cobalt", "facility_equipment": "Underground", "production_start": null, "production_end": null, "activity_status": null, "activity_status_year": null, "surface_area_sq_km": null, "concession_area_sq_km": null, "country": "Finland", "GID_0": "FIN", "GID_1": "FIN.1_1", "GID_2": "FIN.1.1_1", "GID_3": "FIN.1.1.2_1", "GID_4": "FIN.1.1.2.7_1", "source_id": "det_1124", "comment": null, "Reserves_data": [ { "id": 461, "year": 2018, "material": "O.bulk", "commodity": "Me.Au", "mineral_value_tonnes": 1300000.0, "commodity_value_tonnes": NaN, "grade_ppm": NaN, "source_id": "det_1124", "comment": "Proven ; Probable" }, { "id": 462, "year": 2018, "material": "O.bulk", "commodity": "Me.Co", "mineral_value_tonnes": 1300000.0, "commodity_value_tonnes": NaN, "grade_ppm": NaN, "source_id": "det_1124", "comment": "Proven ; Probable" }, { "id": 463, "year": 2018, "material": "O.bulk", "commodity": "Me.Cu", "mineral_value_tonnes": 1300000.0, "commodity_value_tonnes": NaN, "grade_ppm": NaN, "source_id": "det_1124", "comment": "Proven ; Probable" }, { "id": 464, "year": 2018, "material": "O.bulk", "commodity": "Me.Ni", "mineral_value_tonnes": 1300000.0, "commodity_value_tonnes": NaN, "grade_ppm": NaN, "source_id": "det_1124", "comment": "Proven ; Probable" }, { "id": 465, "year": 2018, "material": "O.bulk", "commodity": "Me.Zn", "mineral_value_tonnes": 1300000.0, "commodity_value_tonnes": NaN, "grade_ppm": NaN, "source_id": "det_1124", "comment": "Proven ; Probable" } ], "index_right": 15645, "ISO3_CODE": "FIN", "COUNTRY_NAME": "Finland", "AREA": 0.12908457261439138, "distance": 0.0 }, "geometry": { "type": "MultiPoint", "coordinates": [ [ 3265826.399553571362048, 9065816.705333694815636 ] ] } },
{ "type": "Feature", "properties": { "facility_id": "COM01202.00", "facility_name": "Skyline", "facility_other_names": null, "facility_type": "Mine", "primary_commodity": "Coal", "commodities_products": "Coal", "facility_equipment": "Underground", "production_start": null, "production_end": null, "activity_status": null, "activity_status_year": null, "surface_area_sq_km": null, "concession_area_sq_km": 53.540487, "country": "United States of America", "GID_0": "USA", "GID_1": "USA.45_1", "GID_2": "USA.45.4_1", "GID_3": null, "GID_4": null, "source_id": "det_1409", "comment": null, "Reserves_data": [ { "id": 874, "year": 2010, "material": "F.coal", "commodity": NaN, "mineral_value_tonnes": 15513120.000000002, "commodity_value_tonnes": NaN, "grade_ppm": NaN, "source_id": "det_1409", "comment": NaN } ], "index_right": 15671, "ISO3_CODE": "USA", "COUNTRY_NAME": "United States", "AREA": 0.056139908100311858, "distance": 4391.0311703470206 }, "geometry": { "type": "MultiPoint", "coordinates": [ [ -12378932.181811183691025, 4820186.605471058748662 ] ] } },
{ "type": "Feature", "properties": { "facility_id": "COM01055.00", "facility_name": "Pyhäsalmi", "facility_other_names": null, "facility_type": "Mine", "primary_commodity": "Copper", "commodities_products": "Copper, Pyrite, Zinc", "facility_equipment": null, "production_start": null, "production_end": null, "activity_status": null, "activity_status_year": null, "surface_area_sq_km": null, "concession_area_sq_km": null, "country": "Finland", "GID_0": "FIN", "GID_1": "FIN.3_1", "GID_2": "FIN.3.2_1", "GID_3": "FIN.3.2.2_1", "GID_4": "FIN.3.2.2.4_1", "source_id": "det_1089", "comment": null, "Reserves_data": [ { "id": 753, "year": 2017, "material": "O.bulk", "commodity": "Me.Ag", "mineral_value_tonnes": 2100000.0, "commodity_value_tonnes": NaN, "grade_ppm": NaN, "source_id": "det_2876", "comment": NaN }, { "id": 754, "year": 2017, "material": "O.bulk", "commodity": "Me.Au", "mineral_value_tonnes": 2100000.0, "commodity_value_tonnes": NaN, "grade_ppm": NaN, "source_id": "det_2876", "comment": NaN }, { "id": 755, "year": 2017, "material": "O.bulk", "commodity": "Me.Cu", "mineral_value_tonnes": 2100000.0, "commodity_value_tonnes": NaN, "grade_ppm": NaN, "source_id": "det_2876", "comment": NaN }, { "id": 756, "year": 2017, "material": "O.bulk", "commodity": "Me.Zn", "mineral_value_tonnes": 2100000.0, "commodity_value_tonnes": NaN, "grade_ppm": NaN, "source_id": "det_2876", "comment": NaN }, { "id": 757, "year": 2017, "material": "O.bulk", "commodity": "Nm.S", "mineral_value_tonnes": 2100000.0, "commodity_value_tonnes": NaN, "grade_ppm": NaN, "source_id": "det_2876", "comment": NaN } ], "index_right": 15785, "ISO3_CODE": "FIN", "COUNTRY_NAME": "Finland", "AREA": 2.5747981067627004, "distance": 0.0 }, "geometry": { "type": "MultiPoint", "coordinates": [ [ 2898798.012272861786187, 9264204.005677573382854 ] ] } },
{ "type": "Feature", "properties": { "facility_id": "COM00095.00", "facility_name": "Baotou Mines", "facility_other_names": "Shenhua Baotou Energy Co.", "facility_type": "Mine", "primary_commodity": "Coal", "commodities_products": "Thermal coal", "facility_equipment": null, "production_start": null, "production_end": null, "activity_status": null, "activity_status_year": null, "surface_area_sq_km": null, "concession_area_sq_km": null, "country": "China", "GID_0": "CHN", "GID_1": "CHN.19_1", "GID_2": "CHN.19.5_1 ; CHN.19.7_1", "GID_3": "CHN.19.5.5_1 ; CHN.19.7.2_1", "GID_4": null, "source_id": "det_1376", "comment": null, "Reserves_data": [ { "id": 50, "year": 2019, "material": "F.coal", "commodity": NaN, "mineral_value_tonnes": 30000000.0, "commodity_value_tonnes": NaN, "grade_ppm": NaN, "source_id": "det_1376", "comment": "under PRC standard" } ], "index_right": 15926, "ISO3_CODE": "CHN", "COUNTRY_NAME": "China", "AREA": 37.959856402563638, "distance": 0.0 }, "geometry": { "type": "MultiPoint", "coordinates": [ [ 12312601.860400697216392, 4966985.473471967503428 ] ] } },
{ "type": "Feature", "properties": { "facility_id": "COM01367.00", "facility_name": "Wharf", "facility_other_names": "Golden Reward", "facility_type": "Mine", "primary_commodity": "Gold", "commodities_products": "Gold", "facility_equipment": null, "production_start": null, "production_end": null, "activity_status": null, "activity_status_year": null, "surface_area_sq_km": null, "concession_area_sq_km": null, "country": "United States of America", "GID_0": "USA", "GID_1": "USA.42_1", "GID_2": "USA.42.40_1", "GID_3": null, "GID_4": null, "source_id": "det_1155", "comment": null, "Reserves_data": [ { "id": 993, "year": 2019, "material": "O.Au", "commodity": "Me.Au", "mineral_value_tonnes": 30966000.0, "commodity_value_tonnes": 21.772433664, "grade_ppm": 0.7087380782500001, "source_id": "det_1477", "comment": NaN } ], "index_right": 15987, "ISO3_CODE": "USA", "COUNTRY_NAME": "United States", "AREA": 11.219592601960841, "distance": 0.0 }, "geometry": { "type": "MultiPoint", "coordinates": [ [ -11560062.846062324941158, 5519315.209839069284499 ] ] } },
{ "type": "Feature", "properties": { "facility_id": "COM00949.00", "facility_name": "Oyu Tolgoi", "facility_other_names": null, "facility_type": "Mine", "primary_commodity": "Copper", "commodities_products": "Copper, Gold, Silver", "facility_equipment": null, "production_start": null, "production_end": null, "activity_status": null, "activity_status_year": null, "surface_area_sq_km": null, "concession_area_sq_km": null, "country": "Mongolia", "GID_0": "MNG", "GID_1": "MNG.15_1", "GID_2": "MNG.15.7_1", "GID_3": null, "GID_4": null, "source_id": "det_1065", "comment": null, "Reserves_data": [ { "id": 670, "year": 2018, "material": "O.bulk", "commodity": "Me.Au", "mineral_value_tonnes": 2860000000.0, "commodity_value_tonnes": NaN, "grade_ppm": NaN, "source_id": "det_1065", "comment": NaN }, { "id": 671, "year": 2018, "material": "O.bulk", "commodity": "Me.Cu", "mineral_value_tonnes": 1430000000.0, "commodity_value_tonnes": NaN, "grade_ppm": NaN, "source_id": "det_1065", "comment": NaN } ], "index_right": 16020, "ISO3_CODE": "MNG", "COUNTRY_NAME": "Mongolia", "AREA": 27.968466529134954, "distance": 0.0 }, "geometry": { "type": "MultiPoint", "coordinates": [ [ 11896324.674553945660591, 5315841.800422615371644 ] ] } },
{ "type": "Feature", "properties": { "facility_id": "COM00133.00", "facility_name": "Bingham Canyon", "facility_other_names": null, "facility_type": "Mine", "primary_commodity": "Copper", "commodities_products": "Copper, Gold, Molybdenum, Silver", "facility_equipment": null, "production_start": null, "production_end": null, "activity_status": null, "activity_status_year": null, "surface_area_sq_km": null, "concession_area_sq_km": null, "country": "United States of America", "GID_0": "USA", "GID_1": "USA.45_1", "GID_2": "USA.45.18_1", "GID_3": null, "GID_4": null, "source_id": "det_1065", "comment": null, "Reserves_data": [ { "id": 64, "year": 2018, "material": "O.bulk", "commodity": "Me.Ag", "mineral_value_tonnes": 619000000.0, "commodity_value_tonnes": NaN, "grade_ppm": NaN, "source_id": "det_1065", "comment": NaN }, { "id": 65, "year": 2018, "material": "O.bulk", "commodity": "Me.Au", "mineral_value_tonnes": 619000000.0, "commodity_value_tonnes": NaN, "grade_ppm": NaN, "source_id": "det_1065", "comment": NaN }, { "id": 66, "year": 2018, "material": "O.bulk", "commodity": "Me.Cu", "mineral_value_tonnes": 619000000.0, "commodity_value_tonnes": NaN, "grade_ppm": NaN, "source_id": "det_1065", "comment": NaN }, { "id": 67, "year": 2018, "material": "O.bulk", "commodity": "Me.Mo", "mineral_value_tonnes": 619000000.0, "commodity_value_tonnes": NaN, "grade_ppm": NaN, "source_id": "det_1065", "comment": NaN } ], "index_right": 16145, "ISO3_CODE": "USA", "COUNTRY_NAME": "United States", "AREA": 42.858983599984363, "distance": 0.0 }, "geometry": { "type": "MultiPoint", "coordinates": [ [ -12484412.564562181010842, 4942115.051023331470788 ] ] } },
{ "type": "Feature", "properties": { "facility_id": "COM00052.00", "facility_name": "Antelope", "facility_other_names": null, "facility_type": "Mine", "primary_commodity": "Coal", "commodities_products": "Thermal coal", "facility_equipment": "Surface", "production_start": null, "production_end": null, "activity_status": null, "activity_status_year": null, "surface_area_sq_km": null, "concession_area_sq_km": null, "country": "United States of America", "GID_0": "USA", "GID_1": "USA.51_1", "GID_2": "USA.51.5_1", "GID_3": null, "GID_4": null, "source_id": "det_1077", "comment": null, "Reserves_data": [ { "id": 33, "year": 2018, "material": "F.coal", "commodity": NaN, "mineral_value_tonnes": 428561280.0, "commodity_value_tonnes": NaN, "grade_ppm": NaN, "source_id": "det_1077", "comment": NaN } ], "index_right": 16177, "ISO3_CODE": "USA", "COUNTRY_NAME": "United States", "AREA": 1.3726640554797758, "distance": 0.0 }, "geometry": { "type": "MultiPoint", "coordinates": [ [ -11728448.104191333055496, 5384487.760892409831285 ] ] } },
{ "type": "Feature", "properties": { "facility_id": "COM00912.00", "facility_name": "North Antelope Rochelle", "facility_other_names": null, "facility_type": "Mine", "primary_commodity": "Coal", "commodities_products": "Thermal coal", "facility_equipment": "Surface", "production_start": null, "production_end": null, "activity_status": null, "activity_status_year": null, "surface_area_sq_km": null, "concession_area_sq_km": null, "country": "United States of America", "GID_0": "USA", "GID_1": "USA.51_1", "GID_2": "USA.51.3_1", "GID_3": null, "GID_4": null, "source_id": "det_1390", "comment": null, "Reserves_data": [ { "id": 646, "year": 2019, "material": "F.stc", "commodity": NaN, "mineral_value_tonnes": 1460592000.0, "commodity_value_tonnes": NaN, "grade_ppm": NaN, "source_id": "det_2144", "comment": NaN } ], "index_right": 16195, "ISO3_CODE": "USA", "COUNTRY_NAME": "United States", "AREA": 3.3715665586408901, "distance": 212.49329230876577 }, "geometry": { "type": "MultiPoint", "coordinates": [ [ -11720082.476743431761861, 5393096.945043856278062 ] ] } },
{ "type": "Feature", "properties": { "facility_id": "COM00141.00", "facility_name": "Black Thunder", "facility_other_names": null, "facility_type": "Mine", "primary_commodity": "Coal", "commodities_products": "Thermal coal", "facility_equipment": "Surface", "production_start": null, "production_end": null, "activity_status": null, "activity_status_year": null, "surface_area_sq_km": null, "concession_area_sq_km": null, "country": "United States of America", "GID_0": "USA", "GID_1": "USA.51_1", "GID_2": "USA.51.3_1", "GID_3": null, "GID_4": null, "source_id": "det_1399", "comment": null, "Reserves_data": [ { "id": 77, "year": 2019, "material": "F.stc", "commodity": NaN, "mineral_value_tonnes": 678313440.0, "commodity_value_tonnes": NaN, "grade_ppm": NaN, "source_id": "det_1399", "comment": NaN } ], "index_right": 16211, "ISO3_CODE": "USA", "COUNTRY_NAME": "United States", "AREA": 122.72120767499339, "distance": 0.0 }, "geometry": { "type": "MultiPoint", "coordinates": [ [ -11722934.203798826783895, 5412704.403258166275918 ] ] } },
{ "type": "Feature", "properties": { "facility_id": "COM00630.00", "facility_name": "Kemmerer", "facility_other_names": null, "facility_type": "Mine", "primary_commodity": "Coal", "commodities_products": "Sub-bituminous coal", "facility_equipment": "Surface", "production_start": 1950.0, "production_end": null, "activity_status": null, "activity_status_year": null, "surface_area_sq_km": null, "concession_area_sq_km": null, "country": "United States of America", "GID_0": "USA", "GID_1": "USA.51_1", "GID_2": "USA.51.12_1", "GID_3": null, "GID_4": null, "source_id": "det_1431", "comment": null, "Reserves_data": [ { "id": 420, "year": 2018, "material": "F.sbc", "commodity": NaN, "mineral_value_tonnes": 68412859.2, "commodity_value_tonnes": NaN, "grade_ppm": NaN, "source_id": "det_1431", "comment": NaN } ], "index_right": 16218, "ISO3_CODE": "USA", "COUNTRY_NAME": "United States", "AREA": 5.7307828308689537, "distance": 41.544715700596186 }, "geometry": { "type": "MultiPoint", "coordinates": [ [ -12313524.390476550906897, 5120006.794240787625313 ] ] } },
{ "type": "Feature", "properties": { "facility_id": "COM01101.00", "facility_name": "Round Mountain", "facility_other_names": null, "facility_type": "Mine", "primary_commodity": "Other (poly)-metallic", "commodities_products": "Gold", "facility_equipment": "Heap leaching", "production_start": null, "production_end": null, "activity_status": null, "activity_status_year": null, "surface_area_sq_km": null, "concession_area_sq_km": null, "country": "United States of America", "GID_0": "USA", "GID_1": "USA.29_1", "GID_2": "USA.29.13_1", "GID_3": null, "GID_4": null, "source_id": "det_1041", "comment": null, "Reserves_data": [ { "id": 804, "year": 2007, "material": "O.Au", "commodity": "Me.Au", "mineral_value_tonnes": 78117000.0, "commodity_value_tonnes": 40.880012166, "grade_ppm": 0.51029141634, "source_id": "det_1041", "comment": NaN }, { "id": 805, "year": 2018, "material": "O.Au", "commodity": "Me.Ag", "mineral_value_tonnes": 8226000.0, "commodity_value_tonnes": 47.315353887, "grade_ppm": 6.3, "source_id": "det_2836", "comment": NaN }, { "id": 806, "year": 2018, "material": "O.Au", "commodity": "Me.Au", "mineral_value_tonnes": 113892000.0, "commodity_value_tonnes": 75.636527364, "grade_ppm": 0.7, "source_id": "det_2836", "comment": NaN } ], "index_right": 16267, "ISO3_CODE": "USA", "COUNTRY_NAME": "United States", "AREA": 31.2596317076197, "distance": 0.0 }, "geometry": { "type": "MultiPoint", "coordinates": [ [ -13035891.848904501646757, 4679981.397661942057312 ] ] } },
{ "type": "Feature", "properties": { "facility_id": "COM01070.00", "facility_name": "Rawhide Coal", "facility_other_names": null, "facility_type": "Mine", "primary_commodity": "Coal", "commodities_products": "Thermal coal", "facility_equipment": "Surface", "production_start": null, "production_end": null, "activity_status": null, "activity_status_year": null, "surface_area_sq_km": null, "concession_area_sq_km": null, "country": "United States of America", "GID_0": "USA", "GID_1": "USA.51_1", "GID_2": "USA.51.3_1", "GID_3": null, "GID_4": null, "source_id": "det_1390", "comment": null, "Reserves_data": [ { "id": 776, "year": 2019, "material": "F.stc", "commodity": NaN, "mineral_value_tonnes": 223171200.0, "commodity_value_tonnes": NaN, "grade_ppm": NaN, "source_id": "det_2144", "comment": NaN } ], "index_right": 16281, "ISO3_CODE": "USA", "COUNTRY_NAME": "United States", "AREA": 11.324690591303051, "distance": 1641.996430029282 }, "geometry": { "type": "MultiPoint", "coordinates": [ [ -11739686.295482039451599, 5528497.919223316013813 ] ] } },
{ "type": "Feature", "properties": { "facility_id": "COM00088.00", "facility_name": "Bald Mountain", "facility_other_names": null, "facility_type": "Mine", "primary_commodity": "Gold", "commodities_products": "Gold", "facility_equipment": null, "production_start": null, "production_end": null, "activity_status": null, "activity_status_year": null, "surface_area_sq_km": null, "concession_area_sq_km": null, "country": "United States of America", "GID_0": "USA", "GID_1": "USA.29_1", "GID_2": "USA.29.17_1", "GID_3": null, "GID_4": null, "source_id": "det_1041", "comment": null, "Reserves_data": [ { "id": 46, "year": 2007, "material": "O.Au", "commodity": "Me.Au", "mineral_value_tonnes": 128093000.0, "commodity_value_tonnes": 86.72119085700001, "grade_ppm": 0.6803885551200001, "source_id": "det_1041", "comment": NaN }, { "id": 47, "year": 2018, "material": "O.Au", "commodity": "Me.Au", "mineral_value_tonnes": 66650000.0, "commodity_value_tonnes": 38.186807481, "grade_ppm": 0.6, "source_id": "det_2836", "comment": NaN } ], "index_right": 16371, "ISO3_CODE": "USA", "COUNTRY_NAME": "United States", "AREA": 2.1906930935776567, "distance": 0.0 }, "geometry": { "type": "MultiPoint", "coordinates": [ [ -12870053.58183547668159, 4857634.364614713005722 ] ] } },
{ "type": "Feature", "properties": { "facility_id": "COM00408.00", "facility_name": "Falkirk", "facility_other_names": "The Falkirk Mining Company", "facility_type": "Mine", "primary_commodity": "Coal", "commodities_products": "Lignite", "facility_equipment": "Surface", "production_start": 1978.0, "production_end": null, "activity_status": null, "activity_status_year": null, "surface_area_sq_km": null, "concession_area_sq_km": 186.1452593, "country": "United States of America", "GID_0": "USA", "GID_1": "USA.35_1", "GID_2": "USA.35.28_1", "GID_3": null, "GID_4": null, "source_id": "det_1373", "comment": null, "Reserves_data": [ { "id": 280, "year": 2019, "material": "F.coal", "commodity": NaN, "mineral_value_tonnes": 340835040.0, "commodity_value_tonnes": NaN, "grade_ppm": NaN, "source_id": "det_1373", "comment": NaN } ], "index_right": 16511, "ISO3_CODE": "USA", "COUNTRY_NAME": "United States", "AREA": 0.96268693894351942, "distance": 0.0 }, "geometry": { "type": "MultiPoint", "coordinates": [ [ -11259525.022903034463525, 6007949.440291968174279 ] ] } },
{ "type": "Feature", "properties": { "facility_id": "COM00013.00", "facility_name": "Aitik", "facility_other_names": null, "facility_type": "Mine", "primary_commodity": "Copper", "commodities_products": "Copper, Silver, Gold", "facility_equipment": "Open pit", "production_start": null, "production_end": null, "activity_status": null, "activity_status_year": null, "surface_area_sq_km": null, "concession_area_sq_km": null, "country": "Sweden", "GID_0": "SWE", "GID_1": "SWE.10_1", "GID_2": "SWE.10.5_1", "GID_3": null, "GID_4": null, "source_id": "det_1124", "comment": null, "Reserves_data": [ { "id": 10, "year": 2018, "material": "O.bulk", "commodity": "Me.Ag", "mineral_value_tonnes": 1148000000.0, "commodity_value_tonnes": NaN, "grade_ppm": NaN, "source_id": "det_1124", "comment": "proven ; probable" }, { "id": 11, "year": 2018, "material": "O.bulk", "commodity": "Me.Au", "mineral_value_tonnes": 1148000000.0, "commodity_value_tonnes": NaN, "grade_ppm": NaN, "source_id": "det_1124", "comment": "proven ; probable" }, { "id": 12, "year": 2018, "material": "O.bulk", "commodity": "Me.Cu", "mineral_value_tonnes": 1148000000.0, "commodity_value_tonnes": NaN, "grade_ppm": NaN, "source_id": "det_1124", "comment": "proven ; probable" } ], "index_right": 16524, "ISO3_CODE": "SWE", "COUNTRY_NAME": "Sweden", "AREA": 32.189331469535468, "distance": 0.0 }, "geometry": { "type": "MultiPoint", "coordinates": [ [ 2333659.837542157620192, 10177480.199367417022586 ] ] } },
{ "type": "Feature", "properties": { "facility_id": "COM00739.00", "facility_name": "Long Canyon", "facility_other_names": null, "facility_type": "Mine", "primary_commodity": "Gold", "commodities_products": "Gold", "facility_equipment": "Open pit, Leaching plant", "production_start": 2016.0, "production_end": null, "activity_status": null, "activity_status_year": null, "surface_area_sq_km": null, "concession_area_sq_km": null, "country": "United States of America", "GID_0": "USA", "GID_1": "USA.29_1", "GID_2": "USA.29.5_1", "GID_3": null, "GID_4": null, "source_id": "det_1007", "comment": null, "Reserves_data": [ { "id": 508, "year": 2017, "material": "O.Au", "commodity": "Me.Au", "mineral_value_tonnes": 21600000.0, "commodity_value_tonnes": 30.333989610000003, "grade_ppm": 1.38912663337, "source_id": "det_2839", "comment": NaN } ], "index_right": 16543, "ISO3_CODE": "USA", "COUNTRY_NAME": "United States", "AREA": 6.4423058734495742, "distance": 932.96904126822096 }, "geometry": { "type": "MultiPoint", "coordinates": [ [ -12745780.993643658235669, 5013816.423572801984847 ] ] } },
{ "type": "Feature", "properties": { "facility_id": "COM00128.00", "facility_name": "Beulah", "facility_other_names": null, "facility_type": "Mine", "primary_commodity": "Coal", "commodities_products": "Lignite", "facility_equipment": null, "production_start": 1963.0, "production_end": null, "activity_status": null, "activity_status_year": null, "surface_area_sq_km": null, "concession_area_sq_km": null, "country": "United States of America", "GID_0": "USA", "GID_1": "USA.35_1", "GID_2": "USA.35.29_1", "GID_3": null, "GID_4": null, "source_id": "det_1427", "comment": null, "Reserves_data": [ { "id": 62, "year": 2017, "material": "F.lig", "commodity": NaN, "mineral_value_tonnes": 4570473.600000001, "commodity_value_tonnes": NaN, "grade_ppm": NaN, "source_id": "det_1427", "comment": NaN } ], "index_right": 16550, "ISO3_CODE": "USA", "COUNTRY_NAME": "United States", "AREA": 3.3924867411145052, "distance": 338.08157142542058 }, "geometry": { "type": "MultiPoint", "coordinates": [ [ -11336638.015928970649838, 5974462.888551817275584 ] ] } },
{ "type": "Feature", "properties": { "facility_id": "COM00298.00", "facility_name": "Coyote Creek", "facility_other_names": "Coyote Creek Mining Company", "facility_type": "Mine", "primary_commodity": "Coal", "commodities_products": "Lignite", "facility_equipment": "Surface", "production_start": 2016.0, "production_end": null, "activity_status": null, "activity_status_year": null, "surface_area_sq_km": null, "concession_area_sq_km": null, "country": "United States of America", "GID_0": "USA", "GID_1": "USA.35_1", "GID_2": "USA.35.29_1", "GID_3": null, "GID_4": null, "source_id": "det_1373", "comment": null, "Reserves_data": [ { "id": 207, "year": 2019, "material": "F.coal", "commodity": NaN, "mineral_value_tonnes": 63141119.99999999, "commodity_value_tonnes": NaN, "grade_ppm": NaN, "source_id": "det_1373", "comment": NaN } ], "index_right": 16551, "ISO3_CODE": "USA", "COUNTRY_NAME": "United States", "AREA": 0.17121989644593288, "distance": 0.0 }, "geometry": { "type": "MultiPoint", "coordinates": [ [ -11340304.567994628101587, 5969862.928816257044673 ] ] } },
{ "type": "Feature", "properties": { "facility_id": "COM00732.00", "facility_name": "LKAB Southern Division", "facility_other_names": "Division South, Southern Division", "facility_type": "Mine", "primary_commodity": "Iron", "commodities_products": "Iron, Iron ore pellets", "facility_equipment": "Open pit, Underground", "production_start": null, "production_end": null, "activity_status": null, "activity_status_year": null, "surface_area_sq_km": null, "concession_area_sq_km": null, "country": "Sweden", "GID_0": "SWE", "GID_1": "SWE.10_1", "GID_2": "SWE.10.5_1 ; SWE.10.9_1", "GID_3": null, "GID_4": null, "source_id": "det_1232", "comment": null, "Reserves_data": [ { "id": 504, "year": 2019, "material": "O.Fe", "commodity": "Me.Fe", "mineral_value_tonnes": 394000000.0, "commodity_value_tonnes": NaN, "grade_ppm": NaN, "source_id": "det_2865", "comment": NaN } ], "index_right": 16639, "ISO3_CODE": "SWE", "COUNTRY_NAME": "Sweden", "AREA": 9.351140246990191, "distance": 0.0 }, "geometry": { "type": "MultiPoint", "coordinates": [ [ 2306472.537558558396995, 10210196.862282918766141 ] ] } },
{ "type": "Feature", "properties": { "facility_id": "COM00265.00", "facility_name": "Coal Creek", "facility_other_names": null, "facility_type": "Mine", "primary_commodity": "Coal", "commodities_products": "Thermal coal", "facility_equipment": "Surface", "production_start": null, "production_end": null, "activity_status": null, "activity_status_year": null, "surface_area_sq_km": null, "concession_area_sq_km": null, "country": "United States of America", "GID_0": "USA", "GID_1": "USA.51_1", "GID_2": "USA.51.3_1", "GID_3": null, "GID_4": null, "source_id": "det_1399", "comment": null, "Reserves_data": [ { "id": 186, "year": 2019, "material": "F.stc", "commodity": NaN, "mineral_value_tonnes": 83643840.0, "commodity_value_tonnes": NaN, "grade_ppm": NaN, "source_id": "det_1399", "comment": NaN } ], "index_right": 16643, "ISO3_CODE": "USA", "COUNTRY_NAME": "United States", "AREA": 86.752115058264351, "distance": 0.0 }, "geometry": { "type": "MultiPoint", "coordinates": [ [ -11733599.666530422866344, 5480913.869188127107918 ] ] } },
{ "type": "Feature", "properties": { "facility_id": "COM00292.00", "facility_name": "Cordero Rojo", "facility_other_names": null, "facility_type": "Mine", "primary_commodity": "Coal", "commodities_products": "Thermal coal", "facility_equipment": "Surface", "production_start": null, "production_end": null, "activity_status": null, "activity_status_year": null, "surface_area_sq_km": null, "concession_area_sq_km": null, "country": "United States of America", "GID_0": "USA", "GID_1": "USA.51_1", "GID_2": "USA.51.3_1", "GID_3": null, "GID_4": null, "source_id": "det_1077", "comment": null, "Reserves_data": [ { "id": 204, "year": 2018, "material": "F.coal", "commodity": NaN, "mineral_value_tonnes": 258824160.0, "commodity_value_tonnes": NaN, "grade_ppm": NaN, "source_id": "det_1077", "comment": NaN } ], "index_right": 16643, "ISO3_CODE": "USA", "COUNTRY_NAME": "United States", "AREA": 86.752115058264351, "distance": 0.0 }, "geometry": { "type": "MultiPoint", "coordinates": [ [ -11725434.172395266592503, 5470633.052502193488181 ] ] } },
{ "type": "Feature", "properties": { "facility_id": "COM00189.00", "facility_name": "Caballo", "facility_other_names": null, "facility_type": "Mine", "primary_commodity": "Coal", "commodities_products": "Thermal coal", "facility_equipment": "Surface", "production_start": null, "production_end": null, "activity_status": null, "activity_status_year": null, "surface_area_sq_km": null, "concession_area_sq_km": null, "country": "United States of America", "GID_0": "USA", "GID_1": "USA.51_1", "GID_2": "USA.51.3_1", "GID_3": null, "GID_4": null, "source_id": "det_1390", "comment": null, "Reserves_data": [ { "id": 105, "year": 2019, "material": "F.stc", "commodity": NaN, "mineral_value_tonnes": 410961600.0, "commodity_value_tonnes": NaN, "grade_ppm": NaN, "source_id": "det_2144", "comment": NaN } ], "index_right": 16667, "ISO3_CODE": "USA", "COUNTRY_NAME": "United States", "AREA": 7.2421109588584329, "distance": 0.0 }, "geometry": { "type": "MultiPoint", "coordinates": [ [ -11726304.868924455717206, 5483399.079291905276477 ] ] } },
{ "type": "Feature", "properties": { "facility_id": "COM01074.00", "facility_name": "Red Lake", "facility_other_names": "Red Lake complex, Red Lake Project, Red Lake Gold Mines", "facility_type": "Mine", "primary_commodity": "Gold", "commodities_products": "Gold", "facility_equipment": "Underground", "production_start": null, "production_end": null, "activity_status": null, "activity_status_year": null, "surface_area_sq_km": null, "concession_area_sq_km": null, "country": "Canada", "GID_0": "CAN", "GID_1": "CAN.9_1", "GID_2": "CAN.9.20_1", "GID_3": "CAN.9.20.38_1", "GID_4": null, "source_id": "det_1153", "comment": null, "Reserves_data": [ { "id": 784, "year": 2019, "material": "O.bulk", "commodity": "Me.Au", "mineral_value_tonnes": 5100000.0, "commodity_value_tonnes": 36.854379900000005, "grade_ppm": 7.172429351890002, "source_id": "det_1151", "comment": NaN } ], "index_right": 16735, "ISO3_CODE": "CAN", "COUNTRY_NAME": "Canada", "AREA": 3.1304661879916202, "distance": 0.0 }, "geometry": { "type": "MultiPoint", "coordinates": [ [ -10435488.314315194264054, 6632123.909363204613328 ] ] } },
{ "type": "Feature", "properties": { "facility_id": "COM01222.00", "facility_name": "Spring Creek", "facility_other_names": null, "facility_type": "Mine", "primary_commodity": "Coal", "commodities_products": "Thermal coal", "facility_equipment": "Surface", "production_start": null, "production_end": null, "activity_status": null, "activity_status_year": null, "surface_area_sq_km": null, "concession_area_sq_km": null, "country": "United States of America", "GID_0": "USA", "GID_1": "USA.27_1", "GID_2": "USA.27.2_1", "GID_3": null, "GID_4": null, "source_id": "det_1077", "comment": null, "Reserves_data": [ { "id": 881, "year": 2018, "material": "F.coal", "commodity": NaN, "mineral_value_tonnes": 199221120.0, "commodity_value_tonnes": NaN, "grade_ppm": NaN, "source_id": "det_1077", "comment": NaN } ], "index_right": 16737, "ISO3_CODE": "USA", "COUNTRY_NAME": "United States", "AREA": 22.619740040075399, "distance": 0.0 }, "geometry": { "type": "MultiPoint", "coordinates": [ [ -11902324.973218886181712, 5641603.33885192591697 ] ] } },
{ "type": "Feature", "properties": { "facility_id": "COM01324.00", "facility_name": "V.I. Lenina", "facility_other_names": null, "facility_type": "Mine", "primary_commodity": "Coal", "commodities_products": "Coking coal", "facility_equipment": "Underground", "production_start": 1953.0, "production_end": null, "activity_status": null, "activity_status_year": null, "surface_area_sq_km": null, "concession_area_sq_km": 11.2, "country": "Russian Federation", "GID_0": "RUS", "GID_1": "RUS.27_1", "GID_2": "RUS.27.20_1", "GID_3": "RUS.27.20.1_1", "GID_4": null, "source_id": "det_1561", "comment": "part of Southern Kuzbass Coal Company PJSC", "Reserves_data": [ { "id": 973, "year": 2020, "material": "F.coal", "commodity": NaN, "mineral_value_tonnes": 37423000.0, "commodity_value_tonnes": NaN, "grade_ppm": NaN, "source_id": "det_1561", "comment": NaN } ], "index_right": 16842, "ISO3_CODE": "RUS", "COUNTRY_NAME": "Russian Federation", "AREA": 1.0594477324609206, "distance": 0.0 }, "geometry": { "type": "MultiPoint", "coordinates": [ [ 9804265.83729275688529, 7113981.88542905729264 ] ] } },
{ "type": "Feature", "properties": { "facility_id": "COM00652.00", "facility_name": "Kiruna", "facility_other_names": "Division North, Northern Division", "facility_type": "Mine", "primary_commodity": "Iron", "commodities_products": "Iron, Iron ore pellets", "facility_equipment": "Underground", "production_start": null, "production_end": null, "activity_status": null, "activity_status_year": null, "surface_area_sq_km": null, "concession_area_sq_km": null, "country": "Sweden", "GID_0": "SWE", "GID_1": "SWE.10_1", "GID_2": "SWE.10.9_1", "GID_3": null, "GID_4": null, "source_id": "det_1232", "comment": null, "Reserves_data": [ { "id": 439, "year": 2019, "material": "O.Fe", "commodity": "Me.Fe", "mineral_value_tonnes": 616000000.0, "commodity_value_tonnes": NaN, "grade_ppm": NaN, "source_id": "det_2865", "comment": NaN } ], "index_right": 16861, "ISO3_CODE": "SWE", "COUNTRY_NAME": "Sweden", "AREA": 30.779340383026334, "distance": 0.0 }, "geometry": { "type": "MultiPoint", "coordinates": [ [ 2246499.381314651109278, 10399983.593091275542974 ] ] } },
{ "type": "Feature", "properties": { "facility_id": "COM00294.00", "facility_name": "Cortez", "facility_other_names": null, "facility_type": "Mine", "primary_commodity": "Gold", "commodities_products": "Gold", "facility_equipment": "Open pit, Underground, Oxide mill, CIL Circuit, Heap Leach", "production_start": null, "production_end": null, "activity_status": null, "activity_status_year": null, "surface_area_sq_km": null, "concession_area_sq_km": null, "country": "United States of America", "GID_0": "USA", "GID_1": "USA.29_1", "GID_2": "USA.29.9_1", "GID_3": null, "GID_4": null, "source_id": "det_1025", "comment": null, "Reserves_data": [ { "id": 205, "year": 2018, "material": "O.Au", "commodity": "Me.Au", "mineral_value_tonnes": 145054000.0, "commodity_value_tonnes": 247.689782451, "grade_ppm": 1.87, "source_id": "det_1035", "comment": NaN } ], "index_right": 16863, "ISO3_CODE": "USA", "COUNTRY_NAME": "United States", "AREA": 29.521795078278622, "distance": 0.0 }, "geometry": { "type": "MultiPoint", "coordinates": [ [ -12991861.20723489113152, 4902178.868177046999335 ] ] } },
{ "type": "Feature", "properties": { "facility_id": "COM00655.00", "facility_name": "Kittila", "facility_other_names": null, "facility_type": "Mine", "primary_commodity": "Gold", "commodities_products": "Gold, Silver", "facility_equipment": "Open pit, Underground", "production_start": 2009.0, "production_end": null, "activity_status": null, "activity_status_year": null, "surface_area_sq_km": null, "concession_area_sq_km": null, "country": "Finland", "GID_0": "FIN", "GID_1": "FIN.2_1", "GID_2": "FIN.2.1_1", "GID_3": "FIN.2.1.6_1", "GID_4": "FIN.2.1.6.2_1", "source_id": "det_1352", "comment": null, "Reserves_data": [ { "id": 440, "year": 2019, "material": "O.Au", "commodity": "Me.Au", "mineral_value_tonnes": 28925000.0, "commodity_value_tonnes": 116.119646208, "grade_ppm": 4.4, "source_id": "det_1632", "comment": NaN } ], "index_right": 16921, "ISO3_CODE": "FIN", "COUNTRY_NAME": "Finland", "AREA": 5.8817478331329278, "distance": 0.0 }, "geometry": { "type": "MultiPoint", "coordinates": [ [ 2827719.537789837922901, 10421638.981078462675214 ] ] } },
{ "type": "Feature", "properties": { "facility_id": "COM00592.00", "facility_name": "Jerritt Canyon", "facility_other_names": null, "facility_type": "Mine", "primary_commodity": "Gold", "commodities_products": "Gold", "facility_equipment": null, "production_start": null, "production_end": null, "activity_status": null, "activity_status_year": null, "surface_area_sq_km": null, "concession_area_sq_km": null, "country": "United States of America", "GID_0": "USA", "GID_1": "USA.29_1", "GID_2": "USA.29.5_1", "GID_3": null, "GID_4": null, "source_id": "det_1061", "comment": null, "Reserves_data": [ { "id": 392, "year": 2002, "material": "O.Au", "commodity": "Me.Au", "mineral_value_tonnes": 2285714.285714286, "commodity_value_tonnes": 16.199727502857147, "grade_ppm": 8.08, "source_id": "det_2854", "comment": NaN } ], "index_right": 16966, "ISO3_CODE": "USA", "COUNTRY_NAME": "United States", "AREA": 5.4179385601869159, "distance": 0.0 }, "geometry": { "type": "MultiPoint", "coordinates": [ [ -12902539.325444526970387, 5072649.035436577163637 ] ] } },
{ "type": "Feature", "properties": { "facility_id": "COM00776.00", "facility_name": "Marigold", "facility_other_names": null, "facility_type": "Mine", "primary_commodity": "Gold", "commodities_products": "Gold", "facility_equipment": "Open pit, Heap leach plant, electro-winning plant", "production_start": 1989.0, "production_end": null, "activity_status": null, "activity_status_year": null, "surface_area_sq_km": null, "concession_area_sq_km": null, "country": "United States of America", "GID_0": "USA", "GID_1": "USA.29_1", "GID_2": "USA.29.8_1", "GID_3": null, "GID_4": null, "source_id": "det_1038", "comment": null, "Reserves_data": [ { "id": 535, "year": 2012, "material": "O.Au", "commodity": "Me.Au", "mineral_value_tonnes": 324803480.3480348, "commodity_value_tonnes": 0.139493602520252, "grade_ppm": 0.4252428469500001, "source_id": "det_2708", "comment": NaN }, { "id": 536, "year": 2019, "material": "O.Au", "commodity": "Me.Au", "mineral_value_tonnes": 228763000.0, "commodity_value_tonnes": 102.34177803, "grade_ppm": 0.49, "source_id": "det_1387", "comment": NaN } ], "index_right": 16970, "ISO3_CODE": "USA", "COUNTRY_NAME": "United States", "AREA": 27.154830783097886, "distance": 0.0 }, "geometry": { "type": "MultiPoint", "coordinates": [ [ -13040978.29247367195785, 4975473.572177779860795 ] ] } },
{ "type": "Feature", "properties": { "facility_id": "COM01093.00", "facility_name": "Rochester", "facility_other_names": null, "facility_type": "Mine", "primary_commodity": "Silver", "commodities_products": "Gold, Silver", "facility_equipment": "Open pit, Heap leaching plant", "production_start": null, "production_end": null, "activity_status": null, "activity_status_year": null, "surface_area_sq_km": null, "concession_area_sq_km": null, "country": "United States of America", "GID_0": "USA", "GID_1": "USA.29_1", "GID_2": "USA.29.14_1", "GID_3": null, "GID_4": null, "source_id": "det_1477", "comment": null, "Reserves_data": [ { "id": 793, "year": 2019, "material": "O.bulk", "commodity": "Me.Ag", "mineral_value_tonnes": 263392000.0, "commodity_value_tonnes": 3330.303515379, "grade_ppm": 12.7572854085, "source_id": "det_1477", "comment": NaN }, { "id": 794, "year": 2019, "material": "O.bulk", "commodity": "Me.Au", "mineral_value_tonnes": 263392000.0, "commodity_value_tonnes": 20.893598451000003, "grade_ppm": 0.08504856939, "source_id": "det_1477", "comment": NaN } ], "index_right": 16981, "ISO3_CODE": "USA", "COUNTRY_NAME": "United States", "AREA": 7.5090711017919869, "distance": 0.0 }, "geometry": { "type": "MultiPoint", "coordinates": [ [ -13152857.753701485693455, 4907518.780338390730321 ] ] } },
{ "type": "Feature", "properties": { "facility_id": "COM01139.00", "facility_name": "Savage", "facility_other_names": "Knive River Mine", "facility_type": "Mine", "primary_commodity": "Coal", "commodities_products": "Lignite", "facility_equipment": null, "production_start": 1958.0, "production_end": null, "activity_status": null, "activity_status_year": null, "surface_area_sq_km": null, "concession_area_sq_km": null, "country": "United States of America", "GID_0": "USA", "GID_1": "USA.27_1", "GID_2": "USA.27.42_1", "GID_3": null, "GID_4": null, "source_id": "det_1427", "comment": null, "Reserves_data": [ { "id": 832, "year": 2017, "material": "F.lig", "commodity": NaN, "mineral_value_tonnes": 3343032.0, "commodity_value_tonnes": NaN, "grade_ppm": NaN, "source_id": "det_1427", "comment": NaN } ], "index_right": 17000, "ISO3_CODE": "USA", "COUNTRY_NAME": "United States", "AREA": 2.8812799841776093, "distance": 952.75265006527059 }, "geometry": { "type": "MultiPoint", "coordinates": [ [ -11625809.421686813235283, 6018235.62607720028609 ] ] } },
{ "type": "Feature", "properties": { "facility_id": "COM00280.00", "facility_name": "Colstrip", "facility_other_names": "Rosebud Mine", "facility_type": "Mine", "primary_commodity": "Coal", "commodities_products": "Sub-bituminous coal", "facility_equipment": null, "production_start": 1968.0, "production_end": null, "activity_status": null, "activity_status_year": null, "surface_area_sq_km": null, "concession_area_sq_km": null, "country": "United States of America", "GID_0": "USA", "GID_1": "USA.27_1", "GID_2": "USA.27.44_1", "GID_3": null, "GID_4": null, "source_id": "det_1427", "comment": null, "Reserves_data": [ { "id": 193, "year": 2017, "material": "F.sbc", "commodity": NaN, "mineral_value_tonnes": 218714126.4, "commodity_value_tonnes": NaN, "grade_ppm": NaN, "source_id": "det_1427", "comment": NaN } ], "index_right": 17054, "ISO3_CODE": "USA", "COUNTRY_NAME": "United States", "AREA": 31.371374412142, "distance": 994.37778865629514 }, "geometry": { "type": "MultiPoint", "coordinates": [ [ -11886220.991370933130383, 5760247.832186889834702 ] ] } },
{ "type": "Feature", "properties": { "facility_id": "COM00003.00", "facility_name": "Absaloka", "facility_other_names": null, "facility_type": "Mine", "primary_commodity": "Coal", "commodities_products": "Sub-bituminous coal", "facility_equipment": null, "production_start": 1974.0, "production_end": null, "activity_status": null, "activity_status_year": null, "surface_area_sq_km": null, "concession_area_sq_km": null, "country": "United States of America", "GID_0": "USA", "GID_1": "USA.27_1", "GID_2": "USA.27.2_1", "GID_3": null, "GID_4": null, "source_id": "det_1427", "comment": null, "Reserves_data": [ { "id": 6, "year": 2017, "material": "F.sbc", "commodity": NaN, "mineral_value_tonnes": 25006968.0, "commodity_value_tonnes": NaN, "grade_ppm": NaN, "source_id": "det_1427", "comment": NaN } ], "index_right": 17055, "ISO3_CODE": "USA", "COUNTRY_NAME": "United States", "AREA": 0.52220786199829194, "distance": 0.0 }, "geometry": { "type": "MultiPoint", "coordinates": [ [ -11920414.011986525729299, 5749203.979042901657522 ] ] } },
{ "type": "Feature", "properties": { "facility_id": "COM00488.00", "facility_name": "Goldstrike", "facility_other_names": null, "facility_type": "Mine, Refinery", "primary_commodity": "Gold", "commodities_products": "Gold", "facility_equipment": "Open pit, Underground, Roaster, Autoclaves", "production_start": null, "production_end": null, "activity_status": null, "activity_status_year": null, "surface_area_sq_km": null, "concession_area_sq_km": null, "country": "United States of America", "GID_0": "USA", "GID_1": "USA.29_1", "GID_2": "USA.29.5_1 ; USA.29.7_1", "GID_3": null, "GID_4": null, "source_id": "det_1026", "comment": null, "Reserves_data": [ { "id": 321, "year": 2018, "material": "O.Au", "commodity": "Me.Au", "mineral_value_tonnes": 75000000.0, "commodity_value_tonnes": 261.146356035, "grade_ppm": 3.8221202666666665, "source_id": "det_1035", "comment": NaN } ], "index_right": 17059, "ISO3_CODE": "USA", "COUNTRY_NAME": "United States", "AREA": 81.594655003090949, "distance": 0.0 }, "geometry": { "type": "MultiPoint", "coordinates": [ [ -12953245.830711826682091, 5008968.49750314373523 ] ] } },
{ "type": "Feature", "properties": { "facility_id": "COM00672.00", "facility_name": "Kostromovskaya", "facility_other_names": "OJSC Belon", "facility_type": "Mine", "primary_commodity": "Coal", "commodities_products": "Coking coal", "facility_equipment": "Underground", "production_start": 2008.0, "production_end": null, "activity_status": null, "activity_status_year": null, "surface_area_sq_km": null, "concession_area_sq_km": null, "country": "Russian Federation", "GID_0": "RUS", "GID_1": "RUS.27_1", "GID_2": "RUS.27.7_1 ; RUS.27.13_1", "GID_3": "RUS.27.7.1_1 ; RUS.27.13.1_1", "GID_4": null, "source_id": "det_1568", "comment": null, "Reserves_data": [ { "id": 454, "year": 2020, "material": "F.coc", "commodity": NaN, "mineral_value_tonnes": 277000000.0, "commodity_value_tonnes": NaN, "grade_ppm": NaN, "source_id": "det_1568", "comment": NaN } ], "index_right": 17082, "ISO3_CODE": "RUS", "COUNTRY_NAME": "Russian Federation", "AREA": 0.56730033517806722, "distance": 0.0 }, "geometry": { "type": "MultiPoint", "coordinates": [ [ 9580089.290468381717801, 7284252.170603925362229 ] ] } },
{ "type": "Feature", "properties": { "facility_id": "COM00635.00", "facility_name": "Kevitsa", "facility_other_names": null, "facility_type": "Mine", "primary_commodity": "Nickel", "commodities_products": "Nickel, Copper, Gold, Platinum, Palladium, Cobalt", "facility_equipment": "Open pit", "production_start": null, "production_end": null, "activity_status": null, "activity_status_year": null, "surface_area_sq_km": null, "concession_area_sq_km": null, "country": "Finland", "GID_0": "FIN", "GID_1": "FIN.2_1", "GID_2": "FIN.2.1_1", "GID_3": "FIN.2.1.3_1", "GID_4": "FIN.2.1.3.2_1", "source_id": "det_1124", "comment": null, "Reserves_data": [ { "id": 425, "year": 2018, "material": "O.bulk", "commodity": "Me.Au", "mineral_value_tonnes": 128600000.0, "commodity_value_tonnes": NaN, "grade_ppm": NaN, "source_id": "det_1124", "comment": "Proven ; Probable" }, { "id": 426, "year": 2018, "material": "O.bulk", "commodity": "Me.Co", "mineral_value_tonnes": 128600000.0, "commodity_value_tonnes": NaN, "grade_ppm": NaN, "source_id": "det_1124", "comment": "Proven ; Probable" }, { "id": 427, "year": 2018, "material": "O.bulk", "commodity": "Me.Cu", "mineral_value_tonnes": 128600000.0, "commodity_value_tonnes": NaN, "grade_ppm": NaN, "source_id": "det_1124", "comment": "Proven ; Probable" }, { "id": 428, "year": 2018, "material": "O.bulk", "commodity": "Me.Ni", "mineral_value_tonnes": 128600000.0, "commodity_value_tonnes": NaN, "grade_ppm": NaN, "source_id": "det_1124", "comment": "Proven ; Probable" }, { "id": 429, "year": 2018, "material": "O.bulk", "commodity": "Me.Pd", "mineral_value_tonnes": 128600000.0, "commodity_value_tonnes": NaN, "grade_ppm": NaN, "source_id": "det_1124", "comment": "Proven ; Probable" }, { "id": 430, "year": 2018, "material": "O.bulk", "commodity": "Me.Pt", "mineral_value_tonnes": 128600000.0, "commodity_value_tonnes": NaN, "grade_ppm": NaN, "source_id": "det_1124", "comment": "Proven ; Probable" } ], "index_right": 17099, "ISO3_CODE": "FIN", "COUNTRY_NAME": "Finland", "AREA": 10.54491112525735, "distance": 0.0 }, "geometry": { "type": "MultiPoint", "coordinates": [ [ 2997618.328000884968787, 10356677.940181400626898 ] ] } },
{ "type": "Feature", "properties": { "facility_id": "COM00205.00", "facility_name": "Carlin", "facility_other_names": null, "facility_type": "Mine", "primary_commodity": "Gold", "commodities_products": "Gold", "facility_equipment": "Open pit, Underground, grinding circuit, roasting circuit, carbon-in leach circuit", "production_start": 1983.0, "production_end": null, "activity_status": null, "activity_status_year": null, "surface_area_sq_km": null, "concession_area_sq_km": null, "country": "United States of America", "GID_0": "USA", "GID_1": "USA.29_1", "GID_2": "USA.29.5_1 ; USA.29.7_1", "GID_3": null, "GID_4": null, "source_id": "det_1006", "comment": null, "Reserves_data": [ { "id": 124, "year": 2017, "material": "O.Au", "commodity": "Me.Au", "mineral_value_tonnes": 295300000.0, "commodity_value_tonnes": 420.42342609, "grade_ppm": 1.419127398619323, "source_id": "det_2839", "comment": NaN } ], "index_right": 17107, "ISO3_CODE": "USA", "COUNTRY_NAME": "United States", "AREA": 42.54871587293038, "distance": 0.0 }, "geometry": { "type": "MultiPoint", "coordinates": [ [ -12933669.202869921922684, 4980404.336294837296009 ] ] } },
{ "type": "Feature", "properties": { "facility_id": "COM00805.00", "facility_name": "Midas", "facility_other_names": null, "facility_type": "Mine", "primary_commodity": "Other mine", "commodities_products": "Gold, Silver", "facility_equipment": null, "production_start": null, "production_end": null, "activity_status": null, "activity_status_year": null, "surface_area_sq_km": null, "concession_area_sq_km": null, "country": "United States of America", "GID_0": "USA", "GID_1": "USA.29_1", "GID_2": "USA.29.5_1", "GID_3": null, "GID_4": null, "source_id": "det_1012", "comment": null, "Reserves_data": [ { "id": 556, "year": 2013, "material": "O.bulk", "commodity": "Me.Ag", "mineral_value_tonnes": 250000.0, "commodity_value_tonnes": 79.94565486, "grade_ppm": 325.45252553240005, "source_id": "det_1012", "comment": NaN }, { "id": 557, "year": 2013, "material": "O.bulk", "commodity": "Me.Au", "mineral_value_tonnes": 250000.0, "commodity_value_tonnes": 0.8504856900000001, "grade_ppm": 2.63650565109, "source_id": "det_1012", "comment": NaN } ], "index_right": 17148, "ISO3_CODE": "USA", "COUNTRY_NAME": "United States", "AREA": 0.0079019224660422573, "distance": 952.18630431730696 }, "geometry": { "type": "MultiPoint", "coordinates": [ [ -13001076.978721531108022, 5047874.418829007074237 ] ] } },
{ "type": "Feature", "properties": { "facility_id": "COM01236.00", "facility_name": "SUEK Khakassia", "facility_other_names": null, "facility_type": "Mine", "primary_commodity": "Coal", "commodities_products": "Hard coal", "facility_equipment": null, "production_start": null, "production_end": null, "activity_status": null, "activity_status_year": null, "surface_area_sq_km": null, "concession_area_sq_km": null, "country": "Russian Federation", "GID_0": "RUS", "GID_1": "RUS.29_1", "GID_2": "RUS.29.2_1 ; RUS.29.10_1", "GID_3": "RUS.29.2.1_1 ; RUS.29.10.1_1", "GID_4": null, "source_id": "det_1553", "comment": null, "Reserves_data": [ { "id": 888, "year": 2020, "material": "F.coc", "commodity": NaN, "mineral_value_tonnes": 329000000.0, "commodity_value_tonnes": NaN, "grade_ppm": NaN, "source_id": "det_2882", "comment": " NA" } ], "index_right": 17162, "ISO3_CODE": "RUS", "COUNTRY_NAME": "Russian Federation", "AREA": 43.394667814863574, "distance": 0.0 }, "geometry": { "type": "MultiPoint", "coordinates": [ [ 10145917.02829665504396, 7111855.938475416973233 ] ] } },
{ "type": "Feature", "properties": { "facility_id": "COM01308.00", "facility_name": "Twin Creeks Operation", "facility_other_names": "Turquise Ridge Operations", "facility_type": "Mine", "primary_commodity": "Gold", "commodities_products": "Gold", "facility_equipment": "Open pit, Underground", "production_start": null, "production_end": null, "activity_status": null, "activity_status_year": null, "surface_area_sq_km": null, "concession_area_sq_km": null, "country": "United States of America", "GID_0": "USA", "GID_1": "USA.29_1", "GID_2": "USA.29.8_1", "GID_3": null, "GID_4": null, "source_id": "det_1007", "comment": null, "Reserves_data": [ { "id": 961, "year": 2017, "material": "O.Au", "commodity": "Me.Au", "mineral_value_tonnes": 81400000.0, "commodity_value_tonnes": 321.20009559000005, "grade_ppm": 3.971614949847434, "source_id": "det_2839", "comment": NaN } ], "index_right": 17186, "ISO3_CODE": "USA", "COUNTRY_NAME": "United States", "AREA": 40.394289826873717, "distance": 0.0 }, "geometry": { "type": "MultiPoint", "coordinates": [ [ -13043089.655859703198075, 5044839.932389412075281 ] ] } },
{ "type": "Feature", "properties": { "facility_id": "COM01227.00", "facility_name": "Stillwater", "facility_other_names": "East Boulder", "facility_type": "Mine", "primary_commodity": "Other (poly)-metallic", "commodities_products": "PGM", "facility_equipment": "Underground", "production_start": null, "production_end": null, "activity_status": null, "activity_status_year": null, "surface_area_sq_km": null, "concession_area_sq_km": null, "country": "United States of America", "GID_0": "USA", "GID_1": "USA.27_1", "GID_2": "USA.27.48_1", "GID_3": null, "GID_4": null, "source_id": "det_1092", "comment": null, "Reserves_data": [ { "id": 882, "year": 2018, "material": "O.pgm", "commodity": "Me.pgm", "mineral_value_tonnes": 23900000.0, "commodity_value_tonnes": 418.32556330628, "grade_ppm": 19.2, "source_id": "det_1093", "comment": NaN } ], "index_right": 17222, "ISO3_CODE": "USA", "COUNTRY_NAME": "United States", "AREA": 1.3423315235771158, "distance": 0.0 }, "geometry": { "type": "MultiPoint", "coordinates": [ [ -12231234.169348057359457, 5682995.831160326488316 ] ] } },
{ "type": "Feature", "properties": { "facility_id": "COM00690.00", "facility_name": "Kyzyl-Tash Turk", "facility_other_names": "Russia Longxing Co, Longxing", "facility_type": "Mine", "primary_commodity": "Zinc", "commodities_products": "Zinc, Lead, Copper", "facility_equipment": "Open Pit, Underground", "production_start": 2015.0, "production_end": null, "activity_status": null, "activity_status_year": null, "surface_area_sq_km": null, "concession_area_sq_km": null, "country": "Russian Federation", "GID_0": "RUS", "GID_1": "RUS.71_1", "GID_2": "RUS.71.16_1", "GID_3": "RUS.71.16.1_1", "GID_4": null, "source_id": "det_1327", "comment": null, "Reserves_data": [ { "id": 466, "year": 2018, "material": "O.bulk", "commodity": "Me.Zn", "mineral_value_tonnes": NaN, "commodity_value_tonnes": 732877.0, "grade_ppm": 98200.0, "source_id": "det_1332", "comment": NaN } ], "index_right": 17301, "ISO3_CODE": "RUS", "COUNTRY_NAME": "Russian Federation", "AREA": 1.3238950717403726, "distance": 0.0 }, "geometry": { "type": "MultiPoint", "coordinates": [ [ 10686906.292350944131613, 6808275.104903149418533 ] ] } },
{ "type": "Feature", "properties": { "facility_id": "COM00909.00", "facility_name": "Nornickel Kola Peninsula", "facility_other_names": null, "facility_type": "Mine", "primary_commodity": "Nickel", "commodities_products": "Copper, Nickel, PGM", "facility_equipment": "Underground, Open pit", "production_start": null, "production_end": null, "activity_status": null, "activity_status_year": null, "surface_area_sq_km": null, "concession_area_sq_km": null, "country": "Russian Federation", "GID_0": "RUS", "GID_1": "RUS.45_1", "GID_2": "RUS.45.11_1", "GID_3": "RUS.45.11.1_1", "GID_4": null, "source_id": "det_1201", "comment": null, "Reserves_data": [ { "id": 633, "year": 2019, "material": "O.bulk", "commodity": "Me.Au", "mineral_value_tonnes": 84682000.0, "commodity_value_tonnes": 0.680388552, "grade_ppm": 0.01, "source_id": "det_1201", "comment": NaN }, { "id": 634, "year": 2019, "material": "O.bulk", "commodity": "Me.Cu", "mineral_value_tonnes": 84682000.0, "commodity_value_tonnes": 256000.0, "grade_ppm": 3000.0, "source_id": "det_1201", "comment": NaN }, { "id": 635, "year": 2019, "material": "O.bulk", "commodity": "Me.Ni", "mineral_value_tonnes": 84682000.0, "commodity_value_tonnes": 524000.0, "grade_ppm": 6200.0, "source_id": "det_1201", "comment": NaN }, { "id": 636, "year": 2019, "material": "O.bulk", "commodity": "Me.Pd", "mineral_value_tonnes": 84682000.0, "commodity_value_tonnes": 2.211262794, "grade_ppm": 0.03, "source_id": "det_1201", "comment": NaN }, { "id": 637, "year": 2019, "material": "O.bulk", "commodity": "Me.Pt", "mineral_value_tonnes": 84682000.0, "commodity_value_tonnes": 1.445825673, "grade_ppm": 0.02, "source_id": "det_1201", "comment": NaN } ], "index_right": 17343, "ISO3_CODE": "RUS", "COUNTRY_NAME": "Russian Federation", "AREA": 1.679798500626563, "distance": 2402.0277494110996 }, "geometry": { "type": "MultiPoint", "coordinates": [ [ 3427673.983630005270243, 10878380.03542036563158 ] ] } },
{ "type": "Feature", "properties": { "facility_id": "COM01237.00", "facility_name": "SUEK Krasnoyarsk", "facility_other_names": null, "facility_type": "Mine", "primary_commodity": "Coal", "commodities_products": "Brown coal", "facility_equipment": null, "production_start": null, "production_end": null, "activity_status": null, "activity_status_year": null, "surface_area_sq_km": null, "concession_area_sq_km": null, "country": "Russian Federation", "GID_0": "RUS", "GID_1": "RUS.35_1", "GID_2": "RUS.35.39_1 ; RUS.35.44_1 ; RUS.35.47_1", "GID_3": "RUS.35.39.1_1 ; RUS.35.44.1_1 ; RUS.35.47.1_1", "GID_4": null, "source_id": "det_1553", "comment": null, "Reserves_data": [ { "id": 889, "year": 2020, "material": "F.lig", "commodity": NaN, "mineral_value_tonnes": 3939000000.0, "commodity_value_tonnes": NaN, "grade_ppm": NaN, "source_id": "det_2882", "comment": NaN } ], "index_right": 17358, "ISO3_CODE": "RUS", "COUNTRY_NAME": "Russian Federation", "AREA": 17.598462755414022, "distance": 0.0 }, "geometry": { "type": "MultiPoint", "coordinates": [ [ 9928837.773371893912554, 7495125.139045719988644 ] ] } },
{ "type": "Feature", "properties": { "facility_id": "COM01005.00", "facility_name": "Poplar River", "facility_other_names": null, "facility_type": "Mine", "primary_commodity": "Coal", "commodities_products": "Lignite", "facility_equipment": "Surface", "production_start": 1978.0, "production_end": null, "activity_status": null, "activity_status_year": null, "surface_area_sq_km": null, "concession_area_sq_km": null, "country": "Canada", "GID_0": "CAN", "GID_1": "CAN.12_1", "GID_2": "CAN.12.12_1", "GID_3": "CAN.12.12.11_1", "GID_4": null, "source_id": "det_1427", "comment": null, "Reserves_data": [ { "id": 714, "year": 2017, "material": "F.lig", "commodity": NaN, "mineral_value_tonnes": 40824907.2, "commodity_value_tonnes": NaN, "grade_ppm": NaN, "source_id": "det_1427", "comment": NaN } ], "index_right": 17450, "ISO3_CODE": "CAN", "COUNTRY_NAME": "Canada", "AREA": 1.0350458331002197, "distance": 29.212041936661905 }, "geometry": { "type": "MultiPoint", "coordinates": [ [ -11742071.760850248858333, 6311844.567254955880344 ] ] } },
{ "type": "Feature", "properties": { "facility_id": "COM00485.00", "facility_name": "Golden Sunlight", "facility_other_names": null, "facility_type": "Mine", "primary_commodity": "Gold", "commodities_products": "Gold", "facility_equipment": null, "production_start": null, "production_end": null, "activity_status": null, "activity_status_year": null, "surface_area_sq_km": null, "concession_area_sq_km": null, "country": "United States of America", "GID_0": "USA", "GID_1": "USA.27_1", "GID_2": "USA.27.22_1", "GID_3": null, "GID_4": null, "source_id": "det_1029", "comment": null, "Reserves_data": [ { "id": 318, "year": 2018, "material": "O.Au", "commodity": "Me.Au", "mineral_value_tonnes": 366000.0, "commodity_value_tonnes": 0.56699046, "grade_ppm": 1.7, "source_id": "det_1035", "comment": NaN } ], "index_right": 17466, "ISO3_CODE": "USA", "COUNTRY_NAME": "United States", "AREA": 9.6358520962909058, "distance": 0.0 }, "geometry": { "type": "MultiPoint", "coordinates": [ [ -12468914.754109535366297, 5764956.240139913745224 ] ] } },
{ "type": "Feature", "properties": { "facility_id": "COM01175.00", "facility_name": "Shengli Mines", "facility_other_names": "Shenhua Beidian Shengli Energy Co.", "facility_type": "Mine", "primary_commodity": "Coal", "commodities_products": "Lignite", "facility_equipment": "Open pit", "production_start": null, "production_end": null, "activity_status": null, "activity_status_year": null, "surface_area_sq_km": null, "concession_area_sq_km": null, "country": "China", "GID_0": "CHN", "GID_1": "CHN.19_1", "GID_2": "CHN.19.11_1", "GID_3": "CHN.19.11.2_1", "GID_4": null, "source_id": "det_1376", "comment": null, "Reserves_data": [ { "id": 849, "year": 2019, "material": "F.coal", "commodity": NaN, "mineral_value_tonnes": 1370000000.0, "commodity_value_tonnes": NaN, "grade_ppm": NaN, "source_id": "det_1376", "comment": "under PRC standard" } ], "index_right": 17536, "ISO3_CODE": "CHN", "COUNTRY_NAME": "China", "AREA": 37.765443282261153, "distance": 0.0 }, "geometry": { "type": "MultiPoint", "coordinates": [ [ 12914755.023142753168941, 5462846.857199097983539 ] ] } },
{ "type": "Feature", "properties": { "facility_id": "COM00365.00", "facility_name": "East Boulder", "facility_other_names": null, "facility_type": "Mine", "primary_commodity": "Other mine", "commodities_products": "PGM", "facility_equipment": "Underground", "production_start": null, "production_end": null, "activity_status": null, "activity_status_year": null, "surface_area_sq_km": null, "concession_area_sq_km": null, "country": "United States of America", "GID_0": "USA", "GID_1": "USA.27_1", "GID_2": "USA.27.49_1", "GID_3": null, "GID_4": null, "source_id": "det_1092", "comment": null, "Reserves_data": [ { "id": 255, "year": 2018, "material": "O.pgm", "commodity": "Me.pgm", "mineral_value_tonnes": 22500000.0, "commodity_value_tonnes": 726.14468545182, "grade_ppm": 17.2, "source_id": "det_1093", "comment": NaN } ], "index_right": 17565, "ISO3_CODE": "USA", "COUNTRY_NAME": "United States", "AREA": 1.279163666171933, "distance": 0.0 }, "geometry": { "type": "MultiPoint", "coordinates": [ [ -12254676.531291548162699, 5701000.172808662056923 ] ] } },
{ "type": "Feature", "properties": { "facility_id": "COM00428.00", "facility_name": "Freedom", "facility_other_names": "The Coteau Properties Company", "facility_type": "Mine", "primary_commodity": "Coal", "commodities_products": "Lignite", "facility_equipment": "Surface", "production_start": 1983.0, "production_end": null, "activity_status": null, "activity_status_year": null, "surface_area_sq_km": null, "concession_area_sq_km": 135.9717931, "country": "United States of America", "GID_0": "USA", "GID_1": "USA.35_1", "GID_2": "USA.35.29_1", "GID_3": null, "GID_4": null, "source_id": "det_1373", "comment": null, "Reserves_data": [ { "id": 293, "year": 2019, "material": "F.coal", "commodity": NaN, "mineral_value_tonnes": 392636160.0, "commodity_value_tonnes": NaN, "grade_ppm": NaN, "source_id": "det_1373", "comment": NaN } ], "index_right": 17593, "ISO3_CODE": "USA", "COUNTRY_NAME": "United States", "AREA": 8.8831374188388317, "distance": 0.0 }, "geometry": { "type": "MultiPoint", "coordinates": [ [ -11336980.668187079951167, 6005120.146623712964356 ] ] } },
{ "type": "Feature", "properties": { "facility_id": "COM00001.00", "facility_name": "777", "facility_other_names": null, "facility_type": "Mine", "primary_commodity": "Copper", "commodities_products": "Copper, Zinc, Gold, Silver", "facility_equipment": "Underground", "production_start": null, "production_end": null, "activity_status": null, "activity_status_year": null, "surface_area_sq_km": null, "concession_area_sq_km": null, "country": "Canada", "GID_0": "CAN", "GID_1": "CAN.3_1", "GID_2": "CAN.3.13_1", "GID_3": "CAN.3.13.2_1", "GID_4": null, "source_id": "det_1149", "comment": null, "Reserves_data": [ { "id": 1, "year": 2019, "material": "O.bulk", "commodity": "Me.Ag", "mineral_value_tonnes": 3552000.0, "commodity_value_tonnes": NaN, "grade_ppm": NaN, "source_id": "det_2832", "comment": NaN }, { "id": 2, "year": 2019, "material": "O.bulk", "commodity": "Me.Au", "mineral_value_tonnes": 3552000.0, "commodity_value_tonnes": NaN, "grade_ppm": NaN, "source_id": "det_2832", "comment": NaN }, { "id": 3, "year": 2019, "material": "O.bulk", "commodity": "Me.Cu", "mineral_value_tonnes": 3552000.0, "commodity_value_tonnes": NaN, "grade_ppm": NaN, "source_id": "det_2832", "comment": NaN }, { "id": 4, "year": 2019, "material": "O.bulk", "commodity": "Me.Zn", "mineral_value_tonnes": 3552000.0, "commodity_value_tonnes": NaN, "grade_ppm": NaN, "source_id": "det_2832", "comment": NaN } ], "index_right": 18122, "ISO3_CODE": "CAN", "COUNTRY_NAME": "Canada", "AREA": 6.3420120989783078, "distance": 0.0 }, "geometry": { "type": "MultiPoint", "coordinates": [ [ -11341170.07703554444015, 7318284.61236175801605 ] ] } },
{ "type": "Feature", "properties": { "facility_id": "COM01143.00", "facility_name": "Seabee", "facility_other_names": null, "facility_type": "Mine", "primary_commodity": "Gold", "commodities_products": "Gold", "facility_equipment": null, "production_start": 1991.0, "production_end": null, "activity_status": null, "activity_status_year": null, "surface_area_sq_km": null, "concession_area_sq_km": null, "country": "Canada", "GID_0": "CAN", "GID_1": "CAN.12_1", "GID_2": "CAN.12.9_1", "GID_3": "CAN.12.9.18_1", "GID_4": null, "source_id": "det_1387", "comment": null, "Reserves_data": [ { "id": 834, "year": 2019, "material": "O.Au", "commodity": "Me.Au", "mineral_value_tonnes": 1528000.0, "commodity_value_tonnes": 14.1747615, "grade_ppm": 10.17, "source_id": "det_1387", "comment": NaN } ], "index_right": 18224, "ISO3_CODE": "CAN", "COUNTRY_NAME": "Canada", "AREA": 0.44130793982827599, "distance": 0.0 }, "geometry": { "type": "MultiPoint", "coordinates": [ [ -11535006.559942845255136, 7495808.46467543952167 ] ] } },
{ "type": "Feature", "properties": { "facility_id": "COM01173.00", "facility_name": "Sheerness", "facility_other_names": null, "facility_type": "Mine", "primary_commodity": "Coal", "commodities_products": "Sub-bituminous coal", "facility_equipment": "Surface", "production_start": 1984.0, "production_end": null, "activity_status": null, "activity_status_year": null, "surface_area_sq_km": null, "concession_area_sq_km": null, "country": "Canada", "GID_0": "CAN", "GID_1": "CAN.1_1", "GID_2": "CAN.1.14_1", "GID_3": "CAN.1.14.7_1", "GID_4": null, "source_id": "det_1427", "comment": null, "Reserves_data": [ { "id": 847, "year": 2017, "material": "F.sbc", "commodity": NaN, "mineral_value_tonnes": 17944416.0, "commodity_value_tonnes": NaN, "grade_ppm": NaN, "source_id": "det_1427", "comment": NaN } ], "index_right": 18231, "ISO3_CODE": "CAN", "COUNTRY_NAME": "Canada", "AREA": 85.022152840578556, "distance": 1438.0910068143705 }, "geometry": { "type": "MultiPoint", "coordinates": [ [ -12430805.528311874717474, 6708175.758287440054119 ] ] } },
{ "type": "Feature", "properties": { "facility_id": "COM00670.00", "facility_name": "Korshunov", "facility_other_names": null, "facility_type": "Mine", "primary_commodity": "Iron", "commodities_products": "Iron ore", "facility_equipment": "Open pit", "production_start": null, "production_end": null, "activity_status": null, "activity_status_year": null, "surface_area_sq_km": null, "concession_area_sq_km": null, "country": "Russian Federation", "GID_0": "RUS", "GID_1": "RUS.18_1", "GID_2": "RUS.18.23_1", "GID_3": "RUS.18.23.1_1", "GID_4": null, "source_id": "det_1561", "comment": null, "Reserves_data": [ { "id": 453, "year": 2020, "material": "O.Fe", "commodity": "Me.Fe", "mineral_value_tonnes": 126708000.0, "commodity_value_tonnes": NaN, "grade_ppm": NaN, "source_id": "det_1561", "comment": NaN } ], "index_right": 18267, "ISO3_CODE": "RUS", "COUNTRY_NAME": "Russian Federation", "AREA": 6.7855951188191845, "distance": 595.86414384743864 }, "geometry": { "type": "MultiPoint", "coordinates": [ [ 11592319.659590328112245, 7670634.995508624240756 ] ] } },
{ "type": "Feature", "properties": { "facility_id": "COM00972.00", "facility_name": "Pend Oreille", "facility_other_names": null, "facility_type": "Mine", "primary_commodity": "Zinc", "commodities_products": "Zinc, Lead", "facility_equipment": "Underground", "production_start": null, "production_end": null, "activity_status": null, "activity_status_year": null, "surface_area_sq_km": null, "concession_area_sq_km": null, "country": "United States of America", "GID_0": "USA", "GID_1": "USA.48_1", "GID_2": "USA.48.26_1", "GID_3": null, "GID_4": null, "source_id": "det_1086", "comment": null, "Reserves_data": [ { "id": 687, "year": 2018, "material": "O.bulk", "commodity": "Me.Pb", "mineral_value_tonnes": 400000.0, "commodity_value_tonnes": NaN, "grade_ppm": NaN, "source_id": "det_1602", "comment": NaN }, { "id": 688, "year": 2018, "material": "O.bulk", "commodity": "Me.Zn", "mineral_value_tonnes": 400000.0, "commodity_value_tonnes": NaN, "grade_ppm": NaN, "source_id": "det_1602", "comment": NaN } ], "index_right": 18288, "ISO3_CODE": "USA", "COUNTRY_NAME": "United States", "AREA": 0.54413578821024899, "distance": 25.275374533088307 }, "geometry": { "type": "MultiPoint", "coordinates": [ [ -13063788.713672379031777, 6254333.189141646958888 ] ] } },
{ "type": "Feature", "properties": { "facility_id": "COM00952.00", "facility_name": "Paintearth", "facility_other_names": null, "facility_type": "Mine", "primary_commodity": "Coal", "commodities_products": "Sub-bituminous coal", "facility_equipment": "Surface", "production_start": 1956.0, "production_end": null, "activity_status": null, "activity_status_year": null, "surface_area_sq_km": null, "concession_area_sq_km": null, "country": "Canada", "GID_0": "CAN", "GID_1": "CAN.1_1", "GID_2": "CAN.1.17_1", "GID_3": "CAN.1.17.23_1", "GID_4": null, "source_id": "det_1427", "comment": null, "Reserves_data": [ { "id": 673, "year": 2017, "material": "F.sbc", "commodity": NaN, "mineral_value_tonnes": 16394011.2, "commodity_value_tonnes": NaN, "grade_ppm": NaN, "source_id": "det_1427", "comment": NaN } ], "index_right": 18296, "ISO3_CODE": "CAN", "COUNTRY_NAME": "Canada", "AREA": 14.996327525698057, "distance": 2750.8681459737891 }, "geometry": { "type": "MultiPoint", "coordinates": [ [ -12485767.868230640888214, 6883395.500682340934873 ] ] } },
{ "type": "Feature", "properties": { "facility_id": "COM00634.00", "facility_name": "Kettle River", "facility_other_names": "Kettle river - Buckhorn", "facility_type": "Mine", "primary_commodity": "Gold", "commodities_products": "Gold", "facility_equipment": null, "production_start": null, "production_end": 2017.0, "activity_status": null, "activity_status_year": null, "surface_area_sq_km": null, "concession_area_sq_km": null, "country": "United States of America", "GID_0": "USA", "GID_1": "USA.48_1", "GID_2": "USA.48.10_1", "GID_3": null, "GID_4": null, "source_id": "det_1054", "comment": "Inactive between november 2005 and 2008", "Reserves_data": [ { "id": 424, "year": 2016, "material": "O.Au", "commodity": "Me.Au", "mineral_value_tonnes": 90000.0, "commodity_value_tonnes": 0.7087380750000001, "grade_ppm": 8.4, "source_id": "det_2864", "comment": NaN } ], "index_right": 18316, "ISO3_CODE": "USA", "COUNTRY_NAME": "United States", "AREA": 0.9423757445270512, "distance": 0.0 }, "geometry": { "type": "MultiPoint", "coordinates": [ [ -13203113.169111397117376, 6219642.551930479705334 ] ] } },
{ "type": "Feature", "properties": { "facility_id": "COM00701.00", "facility_name": "Lalor", "facility_other_names": null, "facility_type": "Mine", "primary_commodity": "Zinc", "commodities_products": "Copper, Zinc, Gold, Silver", "facility_equipment": "Underground", "production_start": null, "production_end": null, "activity_status": null, "activity_status_year": null, "surface_area_sq_km": null, "concession_area_sq_km": null, "country": "Canada", "GID_0": "CAN", "GID_1": "CAN.3_1", "GID_2": "CAN.3.13_1", "GID_3": "CAN.3.13.15_1", "GID_4": null, "source_id": "det_1149", "comment": null, "Reserves_data": [ { "id": 483, "year": 2019, "material": "O.bulk", "commodity": "Me.Ag", "mineral_value_tonnes": 13675000.0, "commodity_value_tonnes": NaN, "grade_ppm": NaN, "source_id": "det_2832", "comment": NaN }, { "id": 484, "year": 2019, "material": "O.bulk", "commodity": "Me.Au", "mineral_value_tonnes": 13675000.0, "commodity_value_tonnes": NaN, "grade_ppm": NaN, "source_id": "det_2832", "comment": NaN }, { "id": 485, "year": 2019, "material": "O.bulk", "commodity": "Me.Cu", "mineral_value_tonnes": 13675000.0, "commodity_value_tonnes": NaN, "grade_ppm": NaN, "source_id": "det_2832", "comment": NaN }, { "id": 486, "year": 2019, "material": "O.bulk", "commodity": "Me.Zn", "mineral_value_tonnes": 13675000.0, "commodity_value_tonnes": NaN, "grade_ppm": NaN, "source_id": "det_2832", "comment": NaN } ], "index_right": 18448, "ISO3_CODE": "CAN", "COUNTRY_NAME": "Canada", "AREA": 0.21491768001049341, "distance": 0.0 }, "geometry": { "type": "MultiPoint", "coordinates": [ [ -11148518.072712110355496, 7337184.053699996322393 ] ] } },
{ "type": "Feature", "properties": { "facility_id": "COM00448.00", "facility_name": "Genesee", "facility_other_names": null, "facility_type": "Mine", "primary_commodity": "Coal", "commodities_products": "Sub-bituminous coal", "facility_equipment": "Surface", "production_start": 1988.0, "production_end": null, "activity_status": null, "activity_status_year": null, "surface_area_sq_km": null, "concession_area_sq_km": null, "country": "Canada", "GID_0": "CAN", "GID_1": "CAN.1_1", "GID_2": "CAN.1.2_1", "GID_3": "CAN.1.2.22_1", "GID_4": null, "source_id": "det_1427", "comment": null, "Reserves_data": [ { "id": 308, "year": 2017, "material": "F.sbc", "commodity": NaN, "mineral_value_tonnes": 67575513.60000001, "commodity_value_tonnes": NaN, "grade_ppm": NaN, "source_id": "det_1427", "comment": NaN } ], "index_right": 18457, "ISO3_CODE": "CAN", "COUNTRY_NAME": "Canada", "AREA": 32.788542876035272, "distance": 0.0 }, "geometry": { "type": "MultiPoint", "coordinates": [ [ -12722680.056815516203642, 7047697.917337528429925 ] ] } },
{ "type": "Feature", "properties": { "facility_id": "COM00093.00", "facility_name": "Baorixile Mines", "facility_other_names": "Shenhua Baorixile Energy Co., Shenbao Energy Company", "facility_type": "Mine", "primary_commodity": "Coal", "commodities_products": "Lignite", "facility_equipment": null, "production_start": null, "production_end": null, "activity_status": null, "activity_status_year": null, "surface_area_sq_km": null, "concession_area_sq_km": null, "country": "China", "GID_0": "CHN", "GID_1": "CHN.19_1", "GID_2": "CHN.19.6_1", "GID_3": "CHN.19.6.3_1", "GID_4": null, "source_id": "det_1376", "comment": null, "Reserves_data": [ { "id": 49, "year": 2019, "material": "F.coal", "commodity": NaN, "mineral_value_tonnes": 1150000000.0, "commodity_value_tonnes": NaN, "grade_ppm": NaN, "source_id": "det_1376", "comment": "under PRC standard" } ], "index_right": 18470, "ISO3_CODE": "CHN", "COUNTRY_NAME": "China", "AREA": 23.609877806487965, "distance": 0.0 }, "geometry": { "type": "MultiPoint", "coordinates": [ [ 13331627.939048495143652, 6341929.47217211779207 ] ] } },
{ "type": "Feature", "properties": { "facility_id": "COM00786.00", "facility_name": "Meadowbank Complex", "facility_other_names": null, "facility_type": "Mine", "primary_commodity": "Gold", "commodities_products": "Gold, Silver", "facility_equipment": "Open pit", "production_start": 2010.0, "production_end": null, "activity_status": null, "activity_status_year": null, "surface_area_sq_km": null, "concession_area_sq_km": null, "country": "Canada", "GID_0": "CAN", "GID_1": "CAN.8_1", "GID_2": "CAN.8.2_1", "GID_3": "CAN.8.2.1_1", "GID_4": null, "source_id": "det_1350", "comment": null, "Reserves_data": [ { "id": 545, "year": 2019, "material": "O.Au", "commodity": "Me.Au", "mineral_value_tonnes": 26112000.0, "commodity_value_tonnes": 94.12041636, "grade_ppm": 3.96, "source_id": "det_1632", "comment": NaN } ], "index_right": 18498, "ISO3_CODE": "CAN", "COUNTRY_NAME": "Canada", "AREA": 8.4280344079983252, "distance": 0.0 }, "geometry": { "type": "MultiPoint", "coordinates": [ [ -10694758.132069973275065, 9614063.028924012556672 ] ] } },
{ "type": "Feature", "properties": { "facility_id": "COM00538.00", "facility_name": "Highland Valley Copper", "facility_other_names": null, "facility_type": "Mine", "primary_commodity": "Copper", "commodities_products": "Copper, Molybdenum", "facility_equipment": null, "production_start": null, "production_end": null, "activity_status": null, "activity_status_year": null, "surface_area_sq_km": null, "concession_area_sq_km": null, "country": "Canada", "GID_0": "CAN", "GID_1": "CAN.2_1", "GID_2": "CAN.2.28_1", "GID_3": "CAN.2.28.35_1", "GID_4": null, "source_id": "det_1080", "comment": null, "Reserves_data": [ { "id": 355, "year": 2018, "material": "O.Cu", "commodity": "Me.Cu", "mineral_value_tonnes": 535500000.0, "commodity_value_tonnes": NaN, "grade_ppm": NaN, "source_id": "det_1602", "comment": NaN }, { "id": 356, "year": 2018, "material": "O.Cu", "commodity": "Me.Mo", "mineral_value_tonnes": 535500000.0, "commodity_value_tonnes": NaN, "grade_ppm": NaN, "source_id": "det_1602", "comment": NaN } ], "index_right": 18580, "ISO3_CODE": "CAN", "COUNTRY_NAME": "Canada", "AREA": 122.14223999349451, "distance": 0.0 }, "geometry": { "type": "MultiPoint", "coordinates": [ [ -13474412.351632123813033, 6530903.855396552942693 ] ] } },
{ "type": "Feature", "properties": { "facility_id": "COM00266.00", "facility_name": "Coal Valley", "facility_other_names": null, "facility_type": "Mine", "primary_commodity": "Coal", "commodities_products": "Bituminous coal", "facility_equipment": "Surface", "production_start": 1978.0, "production_end": null, "activity_status": null, "activity_status_year": null, "surface_area_sq_km": null, "concession_area_sq_km": null, "country": "Canada", "GID_0": "CAN", "GID_1": "CAN.1_1", "GID_2": "CAN.1.5_1", "GID_3": "CAN.1.5.4_1", "GID_4": null, "source_id": "det_1427", "comment": null, "Reserves_data": [ { "id": 187, "year": 2017, "material": "F.obc", "commodity": NaN, "mineral_value_tonnes": 9759657.6, "commodity_value_tonnes": NaN, "grade_ppm": NaN, "source_id": "det_1427", "comment": NaN } ], "index_right": 18651, "ISO3_CODE": "CAN", "COUNTRY_NAME": "Canada", "AREA": 55.591269408676382, "distance": 0.0 }, "geometry": { "type": "MultiPoint", "coordinates": [ [ -13000875.178748618811369, 6995992.516893805004656 ] ] } },
{ "type": "Feature", "properties": { "facility_id": "COM01238.00", "facility_name": "SUEK Primorye", "facility_other_names": "Primorskugol OAO", "facility_type": "Mine", "primary_commodity": "Coal", "commodities_products": "Hard coal, Brown coal", "facility_equipment": null, "production_start": null, "production_end": null, "activity_status": null, "activity_status_year": null, "surface_area_sq_km": null, "concession_area_sq_km": null, "country": "Russian Federation", "GID_0": "RUS", "GID_1": "RUS.56_1", "GID_2": "RUS.56.19_1 ; RUS.56.22_1", "GID_3": "RUS.56.19.1_1 ; RUS.56.22.1_1", "GID_4": null, "source_id": "det_1553", "comment": null, "Reserves_data": [ { "id": 890, "year": 2020, "material": "F.coc", "commodity": NaN, "mineral_value_tonnes": 2000000.0, "commodity_value_tonnes": NaN, "grade_ppm": NaN, "source_id": "det_2882", "comment": NaN }, { "id": 891, "year": 2020, "material": "F.lig", "commodity": NaN, "mineral_value_tonnes": 100000000.0, "commodity_value_tonnes": NaN, "grade_ppm": NaN, "source_id": "det_2882", "comment": NaN } ], "index_right": 18668, "ISO3_CODE": "RUS", "COUNTRY_NAME": "Russian Federation", "AREA": 0.1233180600853739, "distance": 4797.7484181488499 }, "geometry": { "type": "MultiPoint", "coordinates": [ [ 14663533.354345768690109, 5495613.556974611245096 ] ] } },
{ "type": "Feature", "properties": { "facility_id": "COM01235.00", "facility_name": "SUEK Khabarovsk", "facility_other_names": "Urgal, Urgalugol OAO", "facility_type": "Mine", "primary_commodity": "Coal", "commodities_products": "Hard coal", "facility_equipment": null, "production_start": null, "production_end": null, "activity_status": null, "activity_status_year": null, "surface_area_sq_km": null, "concession_area_sq_km": null, "country": "Russian Federation", "GID_0": "RUS", "GID_1": "RUS.28_1", "GID_2": "RUS.28.22_1", "GID_3": "RUS.28.22.1_1", "GID_4": null, "source_id": "det_1553", "comment": null, "Reserves_data": [ { "id": 887, "year": 2020, "material": "F.coc", "commodity": NaN, "mineral_value_tonnes": 215000000.0, "commodity_value_tonnes": NaN, "grade_ppm": NaN, "source_id": "det_2882", "comment": NaN } ], "index_right": 19232, "ISO3_CODE": "RUS", "COUNTRY_NAME": "Russian Federation", "AREA": 0.90940084018546596, "distance": 0.0 }, "geometry": { "type": "MultiPoint", "coordinates": [ [ 14804165.033891135826707, 6643135.06206894107163 ] ] } },
{ "type": "Feature", "properties": { "facility_id": "COM00398.00", "facility_name": "Eskay Creek", "facility_other_names": null, "facility_type": "Mine", "primary_commodity": "Gold", "commodities_products": "Gold", "facility_equipment": null, "production_start": null, "production_end": null, "activity_status": null, "activity_status_year": null, "surface_area_sq_km": null, "concession_area_sq_km": null, "country": "Canada", "GID_0": "CAN", "GID_1": "CAN.2_1", "GID_2": "CAN.2.15_1", "GID_3": "CAN.2.15.20_1", "GID_4": null, "source_id": "det_1041", "comment": null, "Reserves_data": [ { "id": 277, "year": 2005, "material": "O.Au", "commodity": "Me.Ag", "mineral_value_tonnes": 268000.0, "commodity_value_tonnes": 318.223395675, "grade_ppm": 1187.2780286844002, "source_id": "det_1043", "comment": NaN }, { "id": 278, "year": 2007, "material": "O.Au", "commodity": "Me.Au", "mineral_value_tonnes": 35000.0, "commodity_value_tonnes": 0.453592368, "grade_ppm": 12.95573207041, "source_id": "det_1041", "comment": NaN } ], "index_right": 19251, "ISO3_CODE": "CAN", "COUNTRY_NAME": "Canada", "AREA": 0.084924213449134867, "distance": 0.0 }, "geometry": { "type": "MultiPoint", "coordinates": [ [ -14519321.177178625017405, 7689712.176174065098166 ] ] } },
{ "type": "Feature", "properties": { "facility_id": "COM00631.00", "facility_name": "Kensington", "facility_other_names": null, "facility_type": "Mine", "primary_commodity": "Gold", "commodities_products": "Gold", "facility_equipment": "Underground", "production_start": 2010.0, "production_end": null, "activity_status": null, "activity_status_year": null, "surface_area_sq_km": null, "concession_area_sq_km": null, "country": "United States of America", "GID_0": "USA", "GID_1": "USA.2_1", "GID_2": "USA.2.10_1", "GID_3": null, "GID_4": null, "source_id": "det_1477", "comment": null, "Reserves_data": [ { "id": 421, "year": 2019, "material": "O.Au", "commodity": "Me.Au", "mineral_value_tonnes": 1677000.0, "commodity_value_tonnes": 10.375925418, "grade_ppm": 6.18019604234, "source_id": "det_1477", "comment": NaN } ], "index_right": 19279, "ISO3_CODE": "USA", "COUNTRY_NAME": "United States", "AREA": 0.2266417058385041, "distance": 431.23754916497802 }, "geometry": { "type": "MultiPoint", "coordinates": [ [ -15034491.528453450649977, 8147898.767775979824364 ] ] } },
{ "type": "Feature", "properties": { "facility_id": "COM00827.00", "facility_name": "Minto", "facility_other_names": null, "facility_type": "Mine", "primary_commodity": "Copper", "commodities_products": "Copper, Silver, Gold", "facility_equipment": "Open Pit, Underground", "production_start": 2007.0, "production_end": null, "activity_status": null, "activity_status_year": null, "surface_area_sq_km": null, "concession_area_sq_km": null, "country": "Canada", "GID_0": "CAN", "GID_1": "CAN.13_1", "GID_2": "CAN.13.1_1", "GID_3": "CAN.13.1.35_1", "GID_4": null, "source_id": "det_1145", "comment": null, "Reserves_data": [ { "id": 572, "year": 2019, "material": "O.bulk", "commodity": "Me.Ag", "mineral_value_tonnes": 2363000.0, "commodity_value_tonnes": 11.90679966, "grade_ppm": 5.999999999999999, "source_id": "det_1892", "comment": NaN }, { "id": 573, "year": 2019, "material": "O.bulk", "commodity": "Me.Au", "mineral_value_tonnes": 2363000.0, "commodity_value_tonnes": 1.275728535, "grade_ppm": 0.6, "source_id": "det_1892", "comment": NaN }, { "id": 574, "year": 2019, "material": "O.bulk", "commodity": "Me.Cu", "mineral_value_tonnes": 2363000.0, "commodity_value_tonnes": 40000.0, "grade_ppm": 16800.0, "source_id": "det_1892", "comment": NaN } ], "index_right": 19353, "ISO3_CODE": "CAN", "COUNTRY_NAME": "Canada", "AREA": 8.1472019743931643, "distance": 0.0 }, "geometry": { "type": "MultiPoint", "coordinates": [ [ -15278231.240513460710645, 9007213.224650273099542 ] ] } },
{ "type": "Feature", "properties": { "facility_id": "COM00997.00", "facility_name": "Pogo", "facility_other_names": "Pogo Creek", "facility_type": "Mine", "primary_commodity": "Gold", "commodities_products": "Gold", "facility_equipment": null, "production_start": null, "production_end": null, "activity_status": null, "activity_status_year": null, "surface_area_sq_km": null, "concession_area_sq_km": null, "country": "United States of America", "GID_0": "USA", "GID_1": "USA.2_1", "GID_2": "USA.2.22_1", "GID_3": null, "GID_4": null, "source_id": "det_1492", "comment": null, "Reserves_data": [ { "id": 712, "year": 2020, "material": "O.Au", "commodity": "Me.Au", "mineral_value_tonnes": 5867000.0, "commodity_value_tonnes": 42.836129253, "grade_ppm": 8.0, "source_id": "det_2862", "comment": NaN } ], "index_right": 19400, "ISO3_CODE": "USA", "COUNTRY_NAME": "United States", "AREA": 4.3065534330382755, "distance": 0.0 }, "geometry": { "type": "MultiPoint", "coordinates": [ [ -16130696.311376614496112, 9465873.018710130825639 ] ] } },
{ "type": "Feature", "properties": { "facility_id": "COM00418.00", "facility_name": "Fort Knox", "facility_other_names": null, "facility_type": "Mine", "primary_commodity": "Other (poly)-metallic", "commodities_products": "Gold", "facility_equipment": "Open pit", "production_start": null, "production_end": null, "activity_status": null, "activity_status_year": null, "surface_area_sq_km": null, "concession_area_sq_km": null, "country": "United States of America", "GID_0": "USA", "GID_1": "USA.2_1", "GID_2": "USA.2.8_1", "GID_3": null, "GID_4": null, "source_id": "det_1046", "comment": null, "Reserves_data": [ { "id": 286, "year": 2018, "material": "O.Au", "commodity": "Me.Au", "mineral_value_tonnes": 267573000.0, "commodity_value_tonnes": 86.069151828, "grade_ppm": 0.3999999999999999, "source_id": "det_2836", "comment": NaN } ], "index_right": 19408, "ISO3_CODE": "USA", "COUNTRY_NAME": "United States", "AREA": 20.470756584208083, "distance": 0.0 }, "geometry": { "type": "MultiPoint", "coordinates": [ [ -16404127.526833167299628, 9607544.495193304494023 ] ] } },
{ "type": "Feature", "properties": { "facility_id": "COM01072.00", "facility_name": "Red Dog", "facility_other_names": null, "facility_type": "Mine", "primary_commodity": "Zinc", "commodities_products": "Zinc, Lead", "facility_equipment": "Open pit", "production_start": 1989.0, "production_end": null, "activity_status": null, "activity_status_year": null, "surface_area_sq_km": null, "concession_area_sq_km": null, "country": "United States of America", "GID_0": "USA", "GID_1": "USA.2_1", "GID_2": "USA.2.18_1", "GID_3": null, "GID_4": null, "source_id": "det_1085", "comment": null, "Reserves_data": [ { "id": 780, "year": 2018, "material": "O.bulk", "commodity": "Me.Ag", "mineral_value_tonnes": 56000000.0, "commodity_value_tonnes": NaN, "grade_ppm": NaN, "source_id": "det_1602", "comment": NaN }, { "id": 781, "year": 2018, "material": "O.bulk", "commodity": "Me.Pb", "mineral_value_tonnes": 56000000.0, "commodity_value_tonnes": NaN, "grade_ppm": NaN, "source_id": "det_1602", "comment": NaN }, { "id": 782, "year": 2018, "material": "O.bulk", "commodity": "Me.Zn", "mineral_value_tonnes": 56000000.0, "commodity_value_tonnes": NaN, "grade_ppm": NaN, "source_id": "det_1602", "comment": NaN } ], "index_right": 19438, "ISO3_CODE": "USA", "COUNTRY_NAME": "United States", "AREA": 9.4482135961470508, "distance": 0.0 }, "geometry": { "type": "MultiPoint", "coordinates": [ [ -18129059.360224787145853, 10469486.425757009536028 ] ] } },
{ "type": "Feature", "properties": { "facility_id": "COM00604.00", "facility_name": "Julietta", "facility_other_names": null, "facility_type": "Mine", "primary_commodity": "Other mine", "commodities_products": "Gold", "facility_equipment": null, "production_start": null, "production_end": null, "activity_status": null, "activity_status_year": null, "surface_area_sq_km": null, "concession_area_sq_km": null, "country": "Russian Federation", "GID_0": "RUS", "GID_1": "RUS.40_1", "GID_2": "RUS.40.4_1", "GID_3": "RUS.40.4.1_1", "GID_4": null, "source_id": "det_1056", "comment": null, "Reserves_data": [ { "id": 399, "year": 2007, "material": "O.Au", "commodity": "Me.Ag", "mineral_value_tonnes": 115555.55555555556, "commodity_value_tonnes": 18.93118147, "grade_ppm": 179.6, "source_id": "det_2861", "comment": NaN }, { "id": 400, "year": 2007, "material": "O.Au", "commodity": "Me.Au", "mineral_value_tonnes": 115555.55555555556, "commodity_value_tonnes": 1.73247085, "grade_ppm": 16.6, "source_id": "det_2861", "comment": NaN } ], "index_right": 19457, "ISO3_CODE": "RUS", "COUNTRY_NAME": "Russian Federation", "AREA": 0.30693762664187496, "distance": 0.0 }, "geometry": { "type": "MultiPoint", "coordinates": [ [ 17146256.461171772330999, 8662326.567594982683659 ] ] } },
{ "type": "Feature", "properties": { "facility_id": "COM00359.00", "facility_name": "Dvoinoye", "facility_other_names": null, "facility_type": "Mine", "primary_commodity": "Other mine", "commodities_products": "Gold", "facility_equipment": "Underground", "production_start": null, "production_end": null, "activity_status": null, "activity_status_year": null, "surface_area_sq_km": null, "concession_area_sq_km": null, "country": "Russian Federation", "GID_0": "RUS", "GID_1": "RUS.12_1", "GID_2": "RUS.12.4_1", "GID_3": "RUS.12.4.1_1", "GID_4": null, "source_id": "det_1048", "comment": null, "Reserves_data": [ { "id": 248, "year": 2018, "material": "O.Au", "commodity": "Me.Ag", "mineral_value_tonnes": 2288000.0, "commodity_value_tonnes": 21.857482233, "grade_ppm": 10.5, "source_id": "det_2836", "comment": NaN }, { "id": 249, "year": 2018, "material": "O.Au", "commodity": "Me.Au", "mineral_value_tonnes": 2288000.0, "commodity_value_tonnes": 13.097479626, "grade_ppm": 6.3, "source_id": "det_2836", "comment": NaN } ], "index_right": 19465, "ISO3_CODE": "RUS", "COUNTRY_NAME": "Russian Federation", "AREA": 0.50239799373271321, "distance": 0.0 }, "geometry": { "type": "MultiPoint", "coordinates": [ [ 18835906.625038459897041, 10340526.531651249155402 ] ] } },
{ "type": "Feature", "properties": { "facility_id": "COM00807.00", "facility_name": "Middleback Ranges", "facility_other_names": "Whyalla", "facility_type": "Mine", "primary_commodity": "Iron", "commodities_products": "Iron ore", "facility_equipment": "Open pit", "production_start": null, "production_end": null, "activity_status": null, "activity_status_year": null, "surface_area_sq_km": null, "concession_area_sq_km": null, "country": "Australia", "GID_0": "AUS", "GID_1": "AUS.8_1", "GID_2": "AUS.8.61_1", "GID_3": null, "GID_4": null, "source_id": "det_1469", "comment": null, "Reserves_data": [ { "id": 559, "year": 2015, "material": "O.Fe", "commodity": "Me.Fe", "mineral_value_tonnes": 61900000.0, "commodity_value_tonnes": NaN, "grade_ppm": NaN, "source_id": "det_2868", "comment": NaN }, { "id": 560, "year": 2015, "material": "O.Fe", "commodity": "Nm.SiO2", "mineral_value_tonnes": 61900000.0, "commodity_value_tonnes": NaN, "grade_ppm": NaN, "source_id": "det_2868", "comment": NaN } ], "index_right": 20548, "ISO3_CODE": "AUS", "COUNTRY_NAME": "Australia", "AREA": 8.0649938581718246, "distance": 0.0 }, "geometry": { "type": "MultiPoint", "coordinates": [ [ 15265821.291737154126167, -3861393.339059939607978 ] ] } },
{ "type": "Feature", "properties": { "facility_id": "COM00963.00", "facility_name": "Pascua-Lama", "facility_other_names": null, "facility_type": "Mine", "primary_commodity": "Other mine", "commodities_products": "Gold", "facility_equipment": null, "production_start": null, "production_end": null, "activity_status": null, "activity_status_year": null, "surface_area_sq_km": null, "concession_area_sq_km": null, "country": "Chile", "GID_0": "CHL", "GID_1": "CHL.5_1", "GID_2": "CHL.5.3_1", "GID_3": "CHL.5.3.1_1", "GID_4": null, "source_id": "det_1045", "comment": null, "Reserves_data": [ { "id": 679, "year": 2016, "material": "O.Au", "commodity": "Me.Ag", "mineral_value_tonnes": 277870000.0, "commodity_value_tonnes": 17202.4905564, "grade_ppm": 67.92, "source_id": "det_1045", "comment": NaN }, { "id": 680, "year": 2016, "material": "O.Au", "commodity": "Me.Au", "mineral_value_tonnes": 277870000.0, "commodity_value_tonnes": 398.31079815, "grade_ppm": 1.57, "source_id": "det_1045", "comment": NaN }, { "id": 681, "year": 2016, "material": "O.Au", "commodity": "Me.Cu", "mineral_value_tonnes": 277870000.0, "commodity_value_tonnes": 229200.224561, "grade_ppm": 820.0, "source_id": "det_1045", "comment": NaN } ], "index_right": 20731, "ISO3_CODE": "CHL", "COUNTRY_NAME": "Chile", "AREA": 32.501119860223532, "distance": 0.0 }, "geometry": { "type": "MultiPoint", "coordinates": [ [ -7793843.691374250687659, -3416217.964323462452739 ] ] } },
{ "type": "Feature", "properties": { "facility_id": "COM01355.00", "facility_name": "Weipa", "facility_other_names": "Weipa/Ely", "facility_type": "Mine", "primary_commodity": "Aluminium", "commodities_products": "Bauxite, Aluminium", "facility_equipment": null, "production_start": null, "production_end": null, "activity_status": null, "activity_status_year": null, "surface_area_sq_km": null, "concession_area_sq_km": null, "country": "Australia", "GID_0": "AUS", "GID_1": "AUS.7_1", "GID_2": "AUS.7.20_1", "GID_3": null, "GID_4": null, "source_id": "det_1065", "comment": null, "Reserves_data": [ { "id": 988, "year": 2018, "material": "O.Al", "commodity": "Me.Al2O3", "mineral_value_tonnes": 1267000000.0, "commodity_value_tonnes": NaN, "grade_ppm": NaN, "source_id": "det_1065", "comment": NaN } ], "index_right": 21052, "ISO3_CODE": "AUS", "COUNTRY_NAME": "Australia", "AREA": 43.778860378338337, "distance": 0.0 }, "geometry": { "type": "MultiPoint", "coordinates": [ [ 15766702.363136284053326, -1453870.668588205007836 ] ] } },
{ "type": "Feature", "properties": { "facility_id": "COM00320.00", "facility_name": "Dawson", "facility_other_names": "Dawson Complex", "facility_type": "Mine", "primary_commodity": "Coal", "commodities_products": "Metallurgical coal, Thermal coal", "facility_equipment": null, "production_start": null, "production_end": null, "activity_status": null, "activity_status_year": null, "surface_area_sq_km": null, "concession_area_sq_km": null, "country": "Australia", "GID_0": "AUS", "GID_1": "AUS.7_1", "GID_2": "AUS.7.3_1", "GID_3": null, "GID_4": null, "source_id": "det_1115", "comment": null, "Reserves_data": [ { "id": 224, "year": 2020, "material": "F.coc", "commodity": NaN, "mineral_value_tonnes": 73800000.0, "commodity_value_tonnes": NaN, "grade_ppm": NaN, "source_id": "det_1115", "comment": NaN }, { "id": 225, "year": 2020, "material": "F.stc", "commodity": NaN, "mineral_value_tonnes": 63600000.0, "commodity_value_tonnes": NaN, "grade_ppm": NaN, "source_id": "det_1115", "comment": NaN } ], "index_right": 21067, "ISO3_CODE": "AUS", "COUNTRY_NAME": "Australia", "AREA": 111.39570187167635, "distance": 0.0 }, "geometry": { "type": "MultiPoint", "coordinates": [ [ 16704778.479643478989601, -2830309.001248590648174 ] ] } },
{ "type": "Feature", "properties": { "facility_id": "COM01316.00", "facility_name": "Union Reefs", "facility_other_names": null, "facility_type": "Mine", "primary_commodity": "Gold", "commodities_products": "Gold", "facility_equipment": null, "production_start": null, "production_end": 2004.0, "activity_status": null, "activity_status_year": null, "surface_area_sq_km": null, "concession_area_sq_km": null, "country": "Australia", "GID_0": "AUS", "GID_1": "AUS.6_1", "GID_2": "AUS.6.15_1", "GID_3": null, "GID_4": null, "source_id": "det_1061", "comment": null, "Reserves_data": [ { "id": 969, "year": 2002, "material": "O.Au", "commodity": "Me.Au", "mineral_value_tonnes": 2500000.0, "commodity_value_tonnes": 2.8349523130000005, "grade_ppm": 1.07, "source_id": "det_2854", "comment": NaN } ], "index_right": 22362, "ISO3_CODE": "AUS", "COUNTRY_NAME": "Australia", "AREA": 0.31086740750071895, "distance": 129.92125474819031 }, "geometry": { "type": "MultiPoint", "coordinates": [ [ 14675425.4692676179111, -1553627.663236352382228 ] ] } },
{ "type": "Feature", "properties": { "facility_id": "COM00223.00", "facility_name": "Central Murchison Gold Project", "facility_other_names": "CMGP, Big Bell Gold Operations Pty Ltd", "facility_type": "Mine", "primary_commodity": "Gold", "commodities_products": "Gold", "facility_equipment": "Underground, Open pit, Carbon-in-pulp plant", "production_start": null, "production_end": null, "activity_status": null, "activity_status_year": null, "surface_area_sq_km": null, "concession_area_sq_km": null, "country": "Australia", "GID_0": "AUS", "GID_1": "AUS.11_1", "GID_2": "AUS.11.34_1", "GID_3": null, "GID_4": null, "source_id": "det_1439", "comment": null, "Reserves_data": [ { "id": 144, "year": 2020, "material": "O.Au", "commodity": "Me.Au", "mineral_value_tonnes": 25615000.0, "commodity_value_tonnes": 61.149921111, "grade_ppm": 2.6233066562561, "source_id": "det_1439", "comment": NaN } ], "index_right": 22379, "ISO3_CODE": "AUS", "COUNTRY_NAME": "Australia", "AREA": 9.8007269817623524, "distance": 0.0 }, "geometry": { "type": "MultiPoint", "coordinates": [ [ 13097350.381657298654318, -3163277.43694155337289 ] ] } },
{ "type": "Feature", "properties": { "facility_id": "COM00520.00", "facility_name": "Hamersley Mines", "facility_other_names": "Hamersley, Hamersley Iron", "facility_type": "Mine", "primary_commodity": "Iron", "commodities_products": "Iron ore", "facility_equipment": "Open Pit", "production_start": null, "production_end": null, "activity_status": null, "activity_status_year": null, "surface_area_sq_km": null, "concession_area_sq_km": null, "country": "Australia", "GID_0": "AUS", "GID_1": "AUS.11_1", "GID_2": "AUS.11.3_1 ; AUS.11.46_1", "GID_3": null, "GID_4": null, "source_id": "det_1065", "comment": null, "Reserves_data": [ { "id": 346, "year": 2018, "material": "O.Fe", "commodity": "Me.Fe", "mineral_value_tonnes": 2436000000.0, "commodity_value_tonnes": NaN, "grade_ppm": NaN, "source_id": "det_1067", "comment": "Includes Nammuldi " } ], "index_right": 22461, "ISO3_CODE": "AUS", "COUNTRY_NAME": "Australia", "AREA": 47.926669422558739, "distance": 0.0 }, "geometry": { "type": "MultiPoint", "coordinates": [ [ 13063392.999571457505226, -2562222.12307683005929 ] ] } },
{ "type": "Feature", "properties": { "facility_id": "COM01275.00", "facility_name": "Thalanga", "facility_other_names": "Vomacka, West 45, Waterloo", "facility_type": "Mine", "primary_commodity": "Copper", "commodities_products": "Copper, Lead, Zinc, Gold, Silver", "facility_equipment": null, "production_start": null, "production_end": null, "activity_status": null, "activity_status_year": null, "surface_area_sq_km": null, "concession_area_sq_km": null, "country": "Australia", "GID_0": "AUS", "GID_1": "AUS.7_1", "GID_2": "AUS.7.17_1", "GID_3": null, "GID_4": null, "source_id": "det_1457", "comment": null, "Reserves_data": [ { "id": 928, "year": 2019, "material": "O.bulk", "commodity": "Me.Ag", "mineral_value_tonnes": 1549000.0, "commodity_value_tonnes": NaN, "grade_ppm": NaN, "source_id": "det_2885", "comment": NaN }, { "id": 929, "year": 2019, "material": "O.bulk", "commodity": "Me.Au", "mineral_value_tonnes": 1549000.0, "commodity_value_tonnes": NaN, "grade_ppm": NaN, "source_id": "det_2885", "comment": NaN }, { "id": 930, "year": 2019, "material": "O.bulk", "commodity": "Me.Cu", "mineral_value_tonnes": 1549000.0, "commodity_value_tonnes": NaN, "grade_ppm": NaN, "source_id": "det_2885", "comment": NaN }, { "id": 931, "year": 2019, "material": "O.bulk", "commodity": "Me.Pb", "mineral_value_tonnes": 1549000.0, "commodity_value_tonnes": NaN, "grade_ppm": NaN, "source_id": "det_2885", "comment": NaN }, { "id": 932, "year": 2019, "material": "O.bulk", "commodity": "Me.Zn", "mineral_value_tonnes": 1549000.0, "commodity_value_tonnes": NaN, "grade_ppm": NaN, "source_id": "det_2885", "comment": NaN } ], "index_right": 22760, "ISO3_CODE": "AUS", "COUNTRY_NAME": "Australia", "AREA": 3.8479936954406733, "distance": 0.0 }, "geometry": { "type": "MultiPoint", "coordinates": [ [ 16227390.035212269052863, -2312962.736779287457466 ] ] } },
{ "type": "Feature", "properties": { "facility_id": "COM01193.00", "facility_name": "Silvertip", "facility_other_names": null, "facility_type": "Mine", "primary_commodity": "Zinc", "commodities_products": "Gold, Silver, Lead, Zinc", "facility_equipment": null, "production_start": null, "production_end": null, "activity_status": null, "activity_status_year": null, "surface_area_sq_km": null, "concession_area_sq_km": null, "country": "Canada", "GID_0": "CAN", "GID_1": "CAN.2_1", "GID_2": "CAN.2.26_1", "GID_3": "CAN.2.26.6_1", "GID_4": null, "source_id": "det_1477", "comment": null, "Reserves_data": [ { "id": 865, "year": 2019, "material": "O.bulk", "commodity": "Me.Ag", "mineral_value_tonnes": 1812000.0, "commodity_value_tonnes": 424.562456448, "grade_ppm": 234.1670610538, "source_id": "det_1477", "comment": NaN }, { "id": 866, "year": 2019, "material": "O.bulk", "commodity": "Me.Pb", "mineral_value_tonnes": 1812000.0, "commodity_value_tonnes": 89113.66419494001, "grade_ppm": 54200.0, "source_id": "det_1477", "comment": NaN }, { "id": 867, "year": 2019, "material": "O.bulk", "commodity": "Me.Zn", "mineral_value_tonnes": 1812000.0, "commodity_value_tonnes": 134002.07231488, "grade_ppm": 81500.0, "source_id": "det_1477", "comment": NaN } ], "index_right": 24299, "ISO3_CODE": "CAN", "COUNTRY_NAME": "Canada", "AREA": 1.2989194092121732, "distance": 0.0 }, "geometry": { "type": "MultiPoint", "coordinates": [ [ -14509101.290038555860519, 8383751.842347491532564 ] ] } },
{ "type": "Feature", "properties": { "facility_id": "COM00789.00", "facility_name": "Meliadine", "facility_other_names": null, "facility_type": "Mine", "primary_commodity": "Gold", "commodities_products": "Gold, Silver", "facility_equipment": "Open pit, Underground", "production_start": 2019.0, "production_end": null, "activity_status": null, "activity_status_year": null, "surface_area_sq_km": null, "concession_area_sq_km": null, "country": "Canada", "GID_0": "CAN", "GID_1": "CAN.8_1", "GID_2": "CAN.8.2_1", "GID_3": "CAN.8.2.1_1", "GID_4": null, "source_id": "det_1351", "comment": null, "Reserves_data": [ { "id": 547, "year": 2019, "material": "O.Au", "commodity": "Me.Au", "mineral_value_tonnes": 20749000.0, "commodity_value_tonnes": 115.297510041, "grade_ppm": 6.1, "source_id": "det_1632", "comment": NaN } ], "index_right": 24912, "ISO3_CODE": "CAN", "COUNTRY_NAME": "Canada", "AREA": 3.2785975380462808, "distance": 0.0 }, "geometry": { "type": "MultiPoint", "coordinates": [ [ -10266033.777928004041314, 9108311.834009252488613 ] ] } },
{ "type": "Feature", "properties": { "facility_id": "COM00376.00", "facility_name": "El Penon", "facility_other_names": null, "facility_type": "Mine", "primary_commodity": "Gold", "commodities_products": "Gold, Silver", "facility_equipment": "Underground", "production_start": null, "production_end": null, "activity_status": null, "activity_status_year": null, "surface_area_sq_km": null, "concession_area_sq_km": null, "country": "Chile", "GID_0": "CHL", "GID_1": "CHL.2_1", "GID_2": "CHL.2.1_1", "GID_3": "CHL.2.1.1_1", "GID_4": null, "source_id": "det_1210", "comment": null, "Reserves_data": [ { "id": 262, "year": 2019, "material": "O.Au", "commodity": "Me.Ag", "mineral_value_tonnes": 6397000.0, "commodity_value_tonnes": 857.232876474, "grade_ppm": 147.0, "source_id": "det_1917", "comment": NaN }, { "id": 263, "year": 2019, "material": "O.Au", "commodity": "Me.Au", "mineral_value_tonnes": 6397000.0, "commodity_value_tonnes": 25.968163068000003, "grade_ppm": 4.45, "source_id": "det_1917", "comment": NaN } ], "index_right": 25769, "ISO3_CODE": "CHL", "COUNTRY_NAME": "Chile", "AREA": 11.42373066425932, "distance": 0.0 }, "geometry": { "type": "MultiPoint", "coordinates": [ [ -7736320.635812919586897, -2803625.59276662953198 ] ] } },
{ "type": "Feature", "properties": { "facility_id": "COM01131.00", "facility_name": "Santo Domingo", "facility_other_names": null, "facility_type": "Mine", "primary_commodity": "Other mine", "commodities_products": "Copper, Iron, Gold", "facility_equipment": "Open pit", "production_start": null, "production_end": null, "activity_status": null, "activity_status_year": null, "surface_area_sq_km": null, "concession_area_sq_km": null, "country": "Chile", "GID_0": "CHL", "GID_1": "CHL.5_1", "GID_2": "CHL.5.1_1", "GID_3": "CHL.5.1.1_1", "GID_4": null, "source_id": "det_1144", "comment": null, "Reserves_data": [ { "id": 824, "year": 2019, "material": "O.bulk", "commodity": "Me.Au", "mineral_value_tonnes": 392300000.0, "commodity_value_tonnes": 14.3647033041, "grade_ppm": 0.04, "source_id": "det_2850", "comment": NaN }, { "id": 825, "year": 2019, "material": "O.bulk", "commodity": "Me.Cu", "mineral_value_tonnes": 392300000.0, "commodity_value_tonnes": 1167000.0, "grade_ppm": 3000.0, "source_id": "det_2850", "comment": NaN }, { "id": 826, "year": 2019, "material": "O.bulk", "commodity": "Me.Fe", "mineral_value_tonnes": 392300000.0, "commodity_value_tonnes": NaN, "grade_ppm": NaN, "source_id": "det_2850", "comment": NaN } ], "index_right": 26728, "ISO3_CODE": "CHL", "COUNTRY_NAME": "Chile", "AREA": 1.6429539894988807, "distance": 0.0 }, "geometry": { "type": "MultiPoint", "coordinates": [ [ -7793194.968770392239094, -3057084.682152221444994 ] ] } },
{ "type": "Feature", "properties": { "facility_id": "COM00927.00", "facility_name": "NuevaUnion", "facility_other_names": "El Morro, Relincho", "facility_type": "Mine", "primary_commodity": "Other mine", "commodities_products": "Copper, Molybdenum, Gold", "facility_equipment": null, "production_start": null, "production_end": null, "activity_status": null, "activity_status_year": null, "surface_area_sq_km": null, "concession_area_sq_km": null, "country": "Chile", "GID_0": "CHL", "GID_1": "CHL.5_1", "GID_2": "CHL.5.3_1", "GID_3": "CHL.5.3.4_1", "GID_4": null, "source_id": "det_1087", "comment": null, "Reserves_data": [ { "id": 654, "year": 2018, "material": "O.bulk", "commodity": "Me.Au", "mineral_value_tonnes": 576700000.0, "commodity_value_tonnes": NaN, "grade_ppm": NaN, "source_id": "det_1602", "comment": NaN }, { "id": 655, "year": 2018, "material": "O.bulk", "commodity": "Me.Cu", "mineral_value_tonnes": 2028800000.0, "commodity_value_tonnes": NaN, "grade_ppm": NaN, "source_id": "det_1602", "comment": NaN }, { "id": 656, "year": 2018, "material": "O.bulk", "commodity": "Me.Mo", "mineral_value_tonnes": 1452100000.0, "commodity_value_tonnes": NaN, "grade_ppm": NaN, "source_id": "det_1602", "comment": NaN } ], "index_right": 26804, "ISO3_CODE": "CHL", "COUNTRY_NAME": "Chile", "AREA": 3.4699378500518296, "distance": 0.0 }, "geometry": { "type": "MultiPoint", "coordinates": [ [ -7827117.354339138604701, -3314114.047313441522419 ] ] } },
{ "type": "Feature", "properties": { "facility_id": "COM00733.00", "facility_name": "Lobo Marte", "facility_other_names": null, "facility_type": "Mine", "primary_commodity": "Other mine", "commodities_products": "Gold", "facility_equipment": null, "production_start": null, "production_end": null, "activity_status": null, "activity_status_year": null, "surface_area_sq_km": null, "concession_area_sq_km": null, "country": "Chile", "GID_0": "CHL", "GID_1": "CHL.5_1", "GID_2": "CHL.5.2_1", "GID_3": "CHL.5.2.2_1", "GID_4": null, "source_id": "det_1055", "comment": null, "Reserves_data": [ { "id": 505, "year": 2012, "material": "O.Au", "commodity": "Me.Au", "mineral_value_tonnes": 164230000.0, "commodity_value_tonnes": 170.890924644, "grade_ppm": 1.14, "source_id": "det_2857", "comment": NaN } ], "index_right": 26850, "ISO3_CODE": "CHL", "COUNTRY_NAME": "Chile", "AREA": 1.5588431051261995, "distance": 0.0 }, "geometry": { "type": "MultiPoint", "coordinates": [ [ -7684172.865397986955941, -3145647.99262134032324 ] ] } },
{ "type": "Feature", "properties": { "facility_id": "COM01183.00", "facility_name": "Shuguang", "facility_other_names": "Jilin Hunchun Shuguang, Jilin Hunchun Zijin Mining Co, Hunchun Zijin, Hunchun", "facility_type": "Mine", "primary_commodity": "Gold", "commodities_products": "Gold, Copper", "facility_equipment": "Open Pit, Underground", "production_start": 2003.0, "production_end": null, "activity_status": null, "activity_status_year": null, "surface_area_sq_km": null, "concession_area_sq_km": null, "country": "China", "GID_0": "CHN", "GID_1": "CHN.17_1", "GID_2": "CHN.17.9_1", "GID_3": "CHN.17.9.4_1", "GID_4": null, "source_id": "det_1317", "comment": null, "Reserves_data": [ { "id": 855, "year": 2018, "material": "O.bulk", "commodity": "Me.Au", "mineral_value_tonnes": NaN, "commodity_value_tonnes": 12.864, "grade_ppm": 0.5, "source_id": "det_1332", "comment": NaN }, { "id": 856, "year": 2018, "material": "O.bulk", "commodity": "Me.Cu", "mineral_value_tonnes": NaN, "commodity_value_tonnes": 54728.0, "grade_ppm": 2100.0, "source_id": "det_1332", "comment": NaN } ], "index_right": 27864, "ISO3_CODE": "CHN", "COUNTRY_NAME": "China", "AREA": 2.9154897802538993, "distance": 0.0 }, "geometry": { "type": "MultiPoint", "coordinates": [ [ 14570637.832177078351378, 5344711.494420018047094 ] ] } },
{ "type": "Feature", "properties": { "facility_id": "COM00432.00", "facility_name": "Fruta del Norte", "facility_other_names": null, "facility_type": "Mine", "primary_commodity": "Other mine", "commodities_products": "Gold", "facility_equipment": null, "production_start": null, "production_end": null, "activity_status": null, "activity_status_year": null, "surface_area_sq_km": null, "concession_area_sq_km": null, "country": "Ecuador", "GID_0": "ECU", "GID_1": "ECU.24_1", "GID_2": "ECU.24.8_1", "GID_3": "ECU.24.8.2_1", "GID_4": null, "source_id": "det_1055", "comment": null, "Reserves_data": [ { "id": 298, "year": 2012, "material": "O.Au", "commodity": "Me.Au", "mineral_value_tonnes": 50880000.0, "commodity_value_tonnes": 445.626152037, "grade_ppm": 6.26, "source_id": "det_2857", "comment": NaN } ], "index_right": 29601, "ISO3_CODE": "ECU", "COUNTRY_NAME": "Ecuador", "AREA": 0.11264394832885866, "distance": 3218.1147745653775 }, "geometry": { "type": "MultiPoint", "coordinates": [ [ -8750154.951799605041742, -427139.737835500622168 ] ] } },
{ "type": "Feature", "properties": { "facility_id": "COM01041.00", "facility_name": "PT Multi Tambangjaya Utama", "facility_other_names": "MUTO", "facility_type": "Mine", "primary_commodity": "Coal", "commodities_products": "Bituminous thermal coal, Bituminous coking coal", "facility_equipment": "Open pit", "production_start": 2016.0, "production_end": null, "activity_status": null, "activity_status_year": null, "surface_area_sq_km": null, "concession_area_sq_km": 249.7, "country": "Indonesia", "GID_0": "IDN", "GID_1": "IDN.14_1", "GID_2": "IDN.14.1_1", "GID_3": "IDN.14.1.4_1", "GID_4": "IDN.14.1.4.20_1", "source_id": "det_1514", "comment": null, "Reserves_data": [ { "id": 741, "year": 2020, "material": "F.coal", "commodity": NaN, "mineral_value_tonnes": 40600000.0, "commodity_value_tonnes": NaN, "grade_ppm": NaN, "source_id": "det_1514", "comment": NaN } ], "index_right": 30730, "ISO3_CODE": "IDN", "COUNTRY_NAME": "Indonesia", "AREA": 25.632922658757103, "distance": 327.45304781993724 }, "geometry": { "type": "MultiPoint", "coordinates": [ [ 12825674.584865970537066, -182399.951490562554682 ] ] } },
{ "type": "Feature", "properties": { "facility_id": "COM01028.00", "facility_name": "PT Central Omega Resources Tbk", "facility_other_names": null, "facility_type": "Company", "primary_commodity": "Other (poly)-metallic", "commodities_products": "Nickel", "facility_equipment": null, "production_start": null, "production_end": null, "activity_status": null, "activity_status_year": null, "surface_area_sq_km": null, "concession_area_sq_km": null, "country": "Indonesia", "GID_0": "IDN", "GID_1": "IDN.27_1 ; IDN.28_1", "GID_2": "IDN.27.5_1 ; IDN.28.9_1", "GID_3": "IDN.27.5.12_1 ; IDN.28.9.6_1", "GID_4": "IDN.27.5.12.2_1 ; IDN.27.5.12.6_1 ; IDN.28.9.6.6_1", "source_id": "det_1525", "comment": null, "Reserves_data": [ { "id": 732, "year": 2019, "material": "O.Ni", "commodity": NaN, "mineral_value_tonnes": 19634877.0, "commodity_value_tonnes": NaN, "grade_ppm": NaN, "source_id": "det_1525", "comment": " 8.874.134 + 1.804.918" } ], "index_right": 30928, "ISO3_CODE": "IDN", "COUNTRY_NAME": "Indonesia", "AREA": 8.0816511922735863, "distance": 0.0 }, "geometry": { "type": "MultiPoint", "coordinates": [ [ 13505960.366238685324788, -209482.834581512230216 ] ] } },
{ "type": "Feature", "properties": { "facility_id": "COM00983.00", "facility_name": "Pilares", "facility_other_names": null, "facility_type": "Mine", "primary_commodity": "Other mine", "commodities_products": "Copper", "facility_equipment": null, "production_start": null, "production_end": null, "activity_status": "in development", "activity_status_year": null, "surface_area_sq_km": null, "concession_area_sq_km": null, "country": "Mexico", "GID_0": "MEX", "GID_1": "MEX.26_1", "GID_2": "MEX.26.41_1", "GID_3": null, "GID_4": null, "source_id": "det_1014", "comment": null, "Reserves_data": [ { "id": 698, "year": 2018, "material": "O.sul", "commodity": "Me.Cu", "mineral_value_tonnes": 44473000.0, "commodity_value_tonnes": NaN, "grade_ppm": NaN, "source_id": "det_2840", "comment": NaN } ], "index_right": 31419, "ISO3_CODE": "MEX", "COUNTRY_NAME": "Mexico", "AREA": 0.37319619521720787, "distance": 0.0 }, "geometry": { "type": "MultiPoint", "coordinates": [ [ -12204033.558992363512516, 3546067.054876198526472 ] ] } },
{ "type": "Feature", "properties": { "facility_id": "COM01059.00", "facility_name": "Quellaveco", "facility_other_names": null, "facility_type": "Mine", "primary_commodity": "Other mine", "commodities_products": "Copper", "facility_equipment": null, "production_start": null, "production_end": null, "activity_status": null, "activity_status_year": null, "surface_area_sq_km": null, "concession_area_sq_km": null, "country": "Peru", "GID_0": "PER", "GID_1": "PER.19_1", "GID_2": "PER.19.3_1", "GID_3": "PER.19.3.6_1", "GID_4": null, "source_id": "det_1114", "comment": null, "Reserves_data": [ { "id": 762, "year": 2014, "material": "O.Cu", "commodity": "Me.Cu", "mineral_value_tonnes": 1332000000.0, "commodity_value_tonnes": NaN, "grade_ppm": NaN, "source_id": "det_1114", "comment": NaN }, { "id": 763, "year": 2014, "material": "O.Cu", "commodity": "Me.Mo", "mineral_value_tonnes": 1332000000.0, "commodity_value_tonnes": NaN, "grade_ppm": NaN, "source_id": "det_1114", "comment": NaN } ], "index_right": 33546, "ISO3_CODE": "PER", "COUNTRY_NAME": "Peru", "AREA": 7.217011297718698, "distance": 0.0 }, "geometry": { "type": "MultiPoint", "coordinates": [ [ -7860506.349400597624481, -1932698.079095731955022 ] ] } },
{ "type": "Feature", "properties": { "facility_id": "COM01020.00", "facility_name": "PT Atlas Resources Tbk", "facility_other_names": null, "facility_type": "Company", "primary_commodity": "Coal", "commodities_products": "Coal", "facility_equipment": null, "production_start": null, "production_end": null, "activity_status": null, "activity_status_year": null, "surface_area_sq_km": null, "concession_area_sq_km": null, "country": "Indonesia", "GID_0": "IDN", "GID_1": "IDN.15_1 ; IDN.23_1 ; IDN.31_1", "GID_2": "IDN.15.2_1 ; IDN.15.5_1 ; IDN.15.6_1 ; IDN.23.13_1 ; IDN.31.7_1 ; IDN.31.12_1 ; IDN.31.10_1 ; IDN.31.11_1", "GID_3": "IDN.15.2.9_1 ; IDN.15.5.20_1 ; IDN.15.6.10_1 ; IDN.15.6.13_1 ; IDN.15.6.16_1 ; IDN.23.13.4_1 ; IDN.23.13.6_1 ; IDN.31.7.11_1 ; IDN.31.12.4_1 ; IDN.31.10.5_1 ; IDN.31.11.10_1", "GID_4": "IDN.15.2.9.9_1 ; IDN.15.5.20.13_1 ; IDN.15.6.10.17_1 ; IDN.15.6.13.4_1 ; IDN.15.6.16.10_1 ; IDN.23.13.4.4_1 ; IDN.23.13.6.5_1 ; IDN.31.7.11.5_1 ; IDN.31.12.4.2_1 ; IDN.31.10.5.8_1 ; IDN.31.11.10.11_1", "source_id": "det_1516", "comment": null, "Reserves_data": [ { "id": 727, "year": 2018, "material": "F.coal", "commodity": NaN, "mineral_value_tonnes": 305140000.0, "commodity_value_tonnes": NaN, "grade_ppm": NaN, "source_id": "det_1516", "comment": NaN } ], "index_right": 34336, "ISO3_CODE": "IDN", "COUNTRY_NAME": "Indonesia", "AREA": 0.026252668471563087, "distance": 3972.7547575558574 }, "geometry": { "type": "MultiPoint", "coordinates": [ [ 11483027.598559295758605, -279290.111761246866081 ] ] } },
{ "type": "Feature", "properties": { "facility_id": "COM00817.00", "facility_name": "MIMOSA Unit Mines", "facility_other_names": null, "facility_type": "Mine", "primary_commodity": "Coal", "commodities_products": "Thermal coal, Metallurgical coal", "facility_equipment": "Open pit, Underground", "production_start": null, "production_end": null, "activity_status": null, "activity_status_year": null, "surface_area_sq_km": null, "concession_area_sq_km": null, "country": "Mexico", "GID_0": "MEX", "GID_1": "MEX.7_1", "GID_2": "MEX.7.23_1", "GID_3": null, "GID_4": null, "source_id": "det_1372", "comment": null, "Reserves_data": [ { "id": 563, "year": 2018, "material": "F.coal", "commodity": NaN, "mineral_value_tonnes": 188500000.0, "commodity_value_tonnes": NaN, "grade_ppm": NaN, "source_id": "det_1371", "comment": NaN } ], "index_right": 36163, "ISO3_CODE": "MEX", "COUNTRY_NAME": "Mexico", "AREA": 0.4960483405335645, "distance": 5844.6004140187042 }, "geometry": { "type": "MultiPoint", "coordinates": [ [ -11283309.068294672295451, 3239328.205969168338925 ] ] } },
{ "type": "Feature", "properties": { "facility_id": "COM00374.00", "facility_name": "El Arco", "facility_other_names": null, "facility_type": "Mine", "primary_commodity": "Other mine", "commodities_products": "Copper", "facility_equipment": null, "production_start": null, "production_end": null, "activity_status": "in development", "activity_status_year": null, "surface_area_sq_km": null, "concession_area_sq_km": null, "country": "Mexico", "GID_0": "MEX", "GID_1": "MEX.3_1", "GID_2": "MEX.3.1_1", "GID_3": null, "GID_4": null, "source_id": "det_1021", "comment": null, "Reserves_data": [ { "id": 260, "year": 2018, "material": "O.sul", "commodity": "Me.Cu", "mineral_value_tonnes": 2353337000.0, "commodity_value_tonnes": NaN, "grade_ppm": NaN, "source_id": "det_2840", "comment": NaN }, { "id": 261, "year": 2018, "material": "O.sul", "commodity": "Me.Mo", "mineral_value_tonnes": 2353337000.0, "commodity_value_tonnes": NaN, "grade_ppm": NaN, "source_id": "det_2840", "comment": NaN } ], "index_right": 36194, "ISO3_CODE": "MEX", "COUNTRY_NAME": "Mexico", "AREA": 3.4185099661573783, "distance": 240.27644246591626 }, "geometry": { "type": "MultiPoint", "coordinates": [ [ -12623566.15040317364037, 3252653.041861376725137 ] ] } },
{ "type": "Feature", "properties": { "facility_id": "COM01103.00", "facility_name": "Ruby Hill", "facility_other_names": null, "facility_type": "Mine", "primary_commodity": "Gold", "commodities_products": "Gold", "facility_equipment": null, "production_start": null, "production_end": null, "activity_status": null, "activity_status_year": null, "surface_area_sq_km": null, "concession_area_sq_km": null, "country": "United States of America", "GID_0": "USA", "GID_1": "USA.29_1", "GID_2": "USA.29.7_1", "GID_3": null, "GID_4": null, "source_id": "det_1041", "comment": null, "Reserves_data": [ { "id": 809, "year": 2007, "material": "O.Au", "commodity": "Me.Au", "mineral_value_tonnes": 18763000.0, "commodity_value_tonnes": 26.365056390000003, "grade_ppm": 1.4174761565000005, "source_id": "det_1041", "comment": NaN } ], "index_right": 36268, "ISO3_CODE": "USA", "COUNTRY_NAME": "United States", "AREA": 0.40950577047855347, "distance": 1236.7827731893371 }, "geometry": { "type": "MultiPoint", "coordinates": [ [ -12912294.386006131768227, 4792254.886731868609786 ] ] } },
{ "type": "Feature", "properties": { "facility_id": "COM00590.00", "facility_name": "Jaurdi", "facility_other_names": null, "facility_type": "Mine", "primary_commodity": "Gold", "commodities_products": "Gold", "facility_equipment": null, "production_start": null, "production_end": null, "activity_status": null, "activity_status_year": null, "surface_area_sq_km": null, "concession_area_sq_km": null, "country": "Australia", "GID_0": "AUS", "GID_1": "AUS.11_1", "GID_2": "AUS.11.28_1", "GID_3": null, "GID_4": null, "source_id": "det_1491", "comment": null, "Reserves_data": [ { "id": 391, "year": 2020, "material": "O.Au", "commodity": "Me.Au", "mineral_value_tonnes": 796000.0, "commodity_value_tonnes": NaN, "grade_ppm": NaN, "source_id": "det_2785", "comment": NaN } ], "index_right": 37321, "ISO3_CODE": "AUS", "COUNTRY_NAME": "Australia", "AREA": 1.6567884161887769, "distance": 0.0 }, "geometry": { "type": "MultiPoint", "coordinates": [ [ 13462923.279261596500874, -3597262.592845705337822 ] ] } },
{ "type": "Feature", "properties": { "facility_id": "COM00981.00", "facility_name": "Phoenix", "facility_other_names": "Phoenix Operation", "facility_type": "Mine", "primary_commodity": "Copper", "commodities_products": "Gold, Copper, Copper cathode", "facility_equipment": "Open pit, SX-EW, carbon-in-leach, copper leach pad", "production_start": 1964.0, "production_end": null, "activity_status": null, "activity_status_year": null, "surface_area_sq_km": null, "concession_area_sq_km": null, "country": "United States of America", "GID_0": "USA", "GID_1": "USA.29_1", "GID_2": "USA.29.8_1 ; USA.29.9_1", "GID_3": null, "GID_4": null, "source_id": "det_1006", "comment": null, "Reserves_data": [ { "id": 693, "year": 2017, "material": "O.bulk", "commodity": "Me.Ag", "mineral_value_tonnes": 249900000.0, "commodity_value_tonnes": 1725.9189602400002, "grade_ppm": 6.8038855512000005, "source_id": "det_2839", "comment": NaN }, { "id": 694, "year": 2017, "material": "O.bulk", "commodity": "Me.Au", "mineral_value_tonnes": 253600000.0, "commodity_value_tonnes": 114.81556815, "grade_ppm": 0.4498698183440812, "source_id": "det_2839", "comment": NaN }, { "id": 695, "year": 2017, "material": "O.bulk", "commodity": "Me.Cu", "mineral_value_tonnes": 394700000.0, "commodity_value_tonnes": 603277.8521, "grade_ppm": NaN, "source_id": "det_2839", "comment": NaN } ], "index_right": 37951, "ISO3_CODE": "USA", "COUNTRY_NAME": "United States", "AREA": 31.697417670376371, "distance": 0.0 }, "geometry": { "type": "MultiPoint", "coordinates": [ [ -13040698.023391703143716, 4939561.676956530660391 ] ] } },
{ "type": "Feature", "properties": { "facility_id": "COM00487.00", "facility_name": "Goldrush - Fourmile", "facility_other_names": null, "facility_type": "Mine", "primary_commodity": "Other mine", "commodities_products": "Gold", "facility_equipment": null, "production_start": null, "production_end": null, "activity_status": "construction", "activity_status_year": 2019.0, "surface_area_sq_km": null, "concession_area_sq_km": null, "country": "United States of America", "GID_0": "USA", "GID_1": "USA.29_1", "GID_2": "USA.29.7_1", "GID_3": null, "GID_4": null, "source_id": "det_1024", "comment": null, "Reserves_data": [ { "id": 320, "year": 2018, "material": "O.Au", "commodity": "Me.Au", "mineral_value_tonnes": 6399000.0, "commodity_value_tonnes": 56.500599339, "grade_ppm": 9.69, "source_id": "det_2858", "comment": NaN } ], "index_right": 37977, "ISO3_CODE": "USA", "COUNTRY_NAME": "United States", "AREA": 3.5215739951002671, "distance": 0.0 }, "geometry": { "type": "MultiPoint", "coordinates": [ [ -12972144.900412436574697, 4885827.082121281884611 ] ] } },
{ "type": "Feature", "properties": { "facility_id": "COM01409.00", "facility_name": "Zafranal", "facility_other_names": null, "facility_type": "Mine", "primary_commodity": "Other mine", "commodities_products": "Gold, Copper", "facility_equipment": null, "production_start": null, "production_end": null, "activity_status": null, "activity_status_year": null, "surface_area_sq_km": null, "concession_area_sq_km": null, "country": "Peru", "GID_0": "PER", "GID_1": "PER.4_1", "GID_2": "PER.4.4_1", "GID_3": "PER.4.4.7_1", "GID_4": null, "source_id": "det_1088", "comment": null, "Reserves_data": [ { "id": 1022, "year": 2018, "material": "O.bulk", "commodity": "Me.Au", "mineral_value_tonnes": 440700000.0, "commodity_value_tonnes": NaN, "grade_ppm": NaN, "source_id": "det_1602", "comment": NaN }, { "id": 1023, "year": 2018, "material": "O.bulk", "commodity": "Me.Cu", "mineral_value_tonnes": 440700000.0, "commodity_value_tonnes": NaN, "grade_ppm": NaN, "source_id": "det_1602", "comment": NaN } ], "index_right": 38204, "ISO3_CODE": "PER", "COUNTRY_NAME": "Peru", "AREA": 2.3520776189733179, "distance": 0.0 }, "geometry": { "type": "MultiPoint", "coordinates": [ [ -8042490.150947103276849, -1810043.751943525392562 ] ] } },
{ "type": "Feature", "properties": { "facility_id": "COM00281.00", "facility_name": "Conga", "facility_other_names": null, "facility_type": "Mine", "primary_commodity": "Other mine", "commodities_products": "Gold, Silver, Copper", "facility_equipment": null, "production_start": 2011.0, "production_end": null, "activity_status": null, "activity_status_year": null, "surface_area_sq_km": null, "concession_area_sq_km": null, "country": "Peru", "GID_0": "PER", "GID_1": "PER.6_1", "GID_2": "PER.6.2_1", "GID_3": "PER.6.2.5_1", "GID_4": null, "source_id": "det_1009", "comment": null, "Reserves_data": [ { "id": 194, "year": 2014, "material": "O.bulk", "commodity": "Me.Ag", "mineral_value_tonnes": 590847127.5559883, "commodity_value_tonnes": 1071.0433226874393, "grade_ppm": 1.7009713878, "source_id": "det_1013", "comment": NaN }, { "id": 195, "year": 2014, "material": "O.bulk", "commodity": "Me.Au", "mineral_value_tonnes": 590847127.5559883, "commodity_value_tonnes": 356.64638477117825, "grade_ppm": 0.59533998573, "source_id": "det_1013", "comment": NaN }, { "id": 196, "year": 2014, "material": "O.bulk", "commodity": "Me.Cu", "mineral_value_tonnes": 590847127.5559883, "commodity_value_tonnes": 1492835.648101266, "grade_ppm": NaN, "source_id": "det_1013", "comment": NaN } ], "index_right": 38237, "ISO3_CODE": "PER", "COUNTRY_NAME": "Peru", "AREA": 0.052106007587257336, "distance": 214.344757813798 }, "geometry": { "type": "MultiPoint", "coordinates": [ [ -8725133.901826342567801, -773284.751844953396358 ] ] } },
{ "type": "Feature", "properties": { "facility_id": "COM00910.00", "facility_name": "Nornickel Taimyr Peninsula", "facility_other_names": "Polar Division, Polar Division and Medvezhy Ruchey", "facility_type": "Mine", "primary_commodity": "Nickel", "commodities_products": "Copper, Nickel, PGM", "facility_equipment": "Underground, Open pit", "production_start": null, "production_end": null, "activity_status": null, "activity_status_year": null, "surface_area_sq_km": null, "concession_area_sq_km": null, "country": "Russian Federation", "GID_0": "RUS", "GID_1": "RUS.35_1", "GID_2": "RUS.35.15_1", "GID_3": "RUS.35.15.1_1", "GID_4": null, "source_id": "det_1201", "comment": null, "Reserves_data": [ { "id": 638, "year": 2019, "material": "O.bulk", "commodity": "Me.Au", "mineral_value_tonnes": 672815000.0, "commodity_value_tonnes": 147.41751960000002, "grade_ppm": 0.2399999999999999, "source_id": "det_1201", "comment": NaN }, { "id": 639, "year": 2019, "material": "O.bulk", "commodity": "Me.Cu", "mineral_value_tonnes": 672815000.0, "commodity_value_tonnes": 11598000.0, "grade_ppm": 17200.0, "source_id": "det_1201", "comment": NaN }, { "id": 640, "year": 2019, "material": "O.bulk", "commodity": "Me.Ni", "mineral_value_tonnes": 672815000.0, "commodity_value_tonnes": 6176000.0, "grade_ppm": 9200.0, "source_id": "det_1201", "comment": NaN }, { "id": 641, "year": 2019, "material": "O.bulk", "commodity": "Me.Pd", "mineral_value_tonnes": 672815000.0, "commodity_value_tonnes": 2568.041540955, "grade_ppm": 4.19, "source_id": "det_1201", "comment": NaN }, { "id": 642, "year": 2019, "material": "O.bulk", "commodity": "Me.Pt", "mineral_value_tonnes": 672815000.0, "commodity_value_tonnes": 679.453017741, "grade_ppm": 1.11, "source_id": "det_1201", "comment": NaN } ], "index_right": 38402, "ISO3_CODE": "RUS", "COUNTRY_NAME": "Russian Federation", "AREA": 1.7010847801695648, "distance": 2180.1493809446188 }, "geometry": { "type": "MultiPoint", "coordinates": [ [ 9833626.790809506550431, 10915730.208871839568019 ] ] } },
{ "type": "Feature", "properties": { "facility_id": "COM00565.00", "facility_name": "Impumelelo", "facility_other_names": null, "facility_type": "Mine", "primary_commodity": "Coal", "commodities_products": "Coal", "facility_equipment": "Underground", "production_start": 2015.0, "production_end": null, "activity_status": null, "activity_status_year": null, "surface_area_sq_km": null, "concession_area_sq_km": null, "country": "South Africa", "GID_0": "ZAF", "GID_1": "ZAF.6_1", "GID_2": "ZAF.6.2_1", "GID_3": "ZAF.6.2.2_1", "GID_4": "ZAF.6.2.2.6_1", "source_id": "det_1581", "comment": "Part of Sasol Secunda Synfuels Complex", "Reserves_data": [ { "id": 377, "year": 2020, "material": "F.coal", "commodity": NaN, "mineral_value_tonnes": 249000000.0, "commodity_value_tonnes": NaN, "grade_ppm": NaN, "source_id": "det_1581", "comment": "205+44" } ], "index_right": 38960, "ISO3_CODE": "ZAF", "COUNTRY_NAME": "South Africa", "AREA": 1.2602141287867903, "distance": 0.0 }, "geometry": { "type": "MultiPoint", "coordinates": [ [ 3215511.426479466725141, -3078657.753992222249508 ] ] } },
{ "type": "Feature", "properties": { "facility_id": "COM00394.00", "facility_name": "Ergo", "facility_other_names": null, "facility_type": "Mine", "primary_commodity": "Gold", "commodities_products": "Gold", "facility_equipment": null, "production_start": null, "production_end": null, "activity_status": null, "activity_status_year": null, "surface_area_sq_km": null, "concession_area_sq_km": null, "country": "South Africa", "GID_0": "ZAF", "GID_1": "ZAF.3_1", "GID_2": "ZAF.3.3_1", "GID_3": "ZAF.3.3.1_1", "GID_4": "ZAF.3.3.1.74_1", "source_id": "det_1062", "comment": null, "Reserves_data": [ { "id": 270, "year": 2002, "material": "O.Au", "commodity": "Me.Au", "mineral_value_tonnes": 65700000.0, "commodity_value_tonnes": 22.679618504000004, "grade_ppm": 0.37, "source_id": "det_2854", "comment": NaN } ], "index_right": 39162, "ISO3_CODE": "ZAF", "COUNTRY_NAME": "South Africa", "AREA": 1.1360863802592358, "distance": 6488.9064295056423 }, "geometry": { "type": "MultiPoint", "coordinates": [ [ 3158620.386584090534598, -3033363.911060716491193 ] ] } },
{ "type": "Feature", "properties": { "facility_id": "COM01267.00", "facility_name": "TauTona", "facility_other_names": null, "facility_type": "Mine", "primary_commodity": "Gold", "commodities_products": "Gold", "facility_equipment": "Underground", "production_start": null, "production_end": 2017.0, "activity_status": null, "activity_status_year": null, "surface_area_sq_km": null, "concession_area_sq_km": null, "country": "South Africa", "GID_0": "ZAF", "GID_1": "ZAF.3_1", "GID_2": "ZAF.3.5_1", "GID_3": "ZAF.3.5.1_1", "GID_4": "ZAF.3.5.1.6_1", "source_id": "det_1057", "comment": null, "Reserves_data": [ { "id": 920, "year": 2014, "material": "O.Au", "commodity": "Me.Au", "mineral_value_tonnes": 4630000.0, "commodity_value_tonnes": 34.019427756, "grade_ppm": 8.09, "source_id": "det_2884", "comment": NaN } ], "index_right": 39178, "ISO3_CODE": "ZAF", "COUNTRY_NAME": "South Africa", "AREA": 0.35233427592824351, "distance": 287.48386387900064 }, "geometry": { "type": "MultiPoint", "coordinates": [ [ 3053563.730342846829444, -3050619.717888459097594 ] ] } },
{ "type": "Feature", "properties": { "facility_id": "COM01301.00", "facility_name": "Tulawaka", "facility_other_names": null, "facility_type": "Mine", "primary_commodity": "Gold", "commodities_products": "Gold", "facility_equipment": "Open Pit, Underground", "production_start": null, "production_end": 2013.0, "activity_status": "inactive", "activity_status_year": 2020.0, "surface_area_sq_km": null, "concession_area_sq_km": null, "country": "Tanzania", "GID_0": "TZA", "GID_1": "TZA.6_1", "GID_2": "TZA.6.1_1", "GID_3": "TZA.6.1.5_1", "GID_4": null, "source_id": "det_1133", "comment": null, "Reserves_data": [ { "id": 956, "year": 2012, "material": "O.Au", "commodity": "Me.Au", "mineral_value_tonnes": 46394.74192924802, "commodity_value_tonnes": 0.6028315348927122, "grade_ppm": 12.98408159354, "source_id": "det_2708", "comment": NaN } ], "index_right": 39611, "ISO3_CODE": "TZA", "COUNTRY_NAME": "United Republic of Tanzania", "AREA": 2.044435926464002, "distance": 647.09138912118658 }, "geometry": { "type": "MultiPoint", "coordinates": [ [ 3509845.024055605288595, -356846.267989999614656 ] ] } },
{ "type": "Feature", "properties": { "facility_id": "COM00526.00", "facility_name": "Haystack", "facility_other_names": null, "facility_type": "Mine", "primary_commodity": "Other mine", "commodities_products": "Sub-bituminous coal", "facility_equipment": null, "production_start": null, "production_end": null, "activity_status": null, "activity_status_year": null, "surface_area_sq_km": null, "concession_area_sq_km": null, "country": "United States of America", "GID_0": "USA", "GID_1": "USA.51_1", "GID_2": "USA.51.21_1", "GID_3": null, "GID_4": null, "source_id": "det_1427", "comment": null, "Reserves_data": [ { "id": 348, "year": 2017, "material": "F.sbc", "commodity": NaN, "mineral_value_tonnes": 11614881.6, "commodity_value_tonnes": NaN, "grade_ppm": NaN, "source_id": "det_1427", "comment": NaN } ], "index_right": 40190, "ISO3_CODE": "USA", "COUNTRY_NAME": "United States", "AREA": 0.18063218856902252, "distance": 0.0 }, "geometry": { "type": "MultiPoint", "coordinates": [ [ -12320480.568085089325905, 5073470.959271638654172 ] ] } },
{ "type": "Feature", "properties": { "facility_id": "COM00263.00", "facility_name": "Cliffs Logan County Coal", "facility_other_names": "CLCC", "facility_type": "Mine", "primary_commodity": "Coal", "commodities_products": "Metallurgical coal, Thermal coal", "facility_equipment": "Open pit, Underground", "production_start": null, "production_end": null, "activity_status": null, "activity_status_year": null, "surface_area_sq_km": null, "concession_area_sq_km": null, "country": "United States of America", "GID_0": "USA", "GID_1": "USA.49_1", "GID_2": "USA.49.3_1 ; USA.49.23_1 ; USA.49.55_1", "GID_3": null, "GID_4": null, "source_id": "det_1237", "comment": null, "Reserves_data": [ { "id": 184, "year": 2019, "material": "F.coal", "commodity": NaN, "mineral_value_tonnes": 86000000.0, "commodity_value_tonnes": NaN, "grade_ppm": NaN, "source_id": "det_1426", "comment": "4.5% - 6.0% moisture basis" } ], "index_right": 40242, "ISO3_CODE": "USA", "COUNTRY_NAME": "United States", "AREA": 0.19441430813210708, "distance": 2288.9487921952241 }, "geometry": { "type": "MultiPoint", "coordinates": [ [ -9091967.049760153517127, 4551231.180834898725152 ] ] } },
{ "type": "Feature", "properties": { "facility_id": "COM01088.00", "facility_name": "River View Complex", "facility_other_names": "River View Coal", "facility_type": "Mine", "primary_commodity": "Coal", "commodities_products": "Coal", "facility_equipment": "Underground", "production_start": 2009.0, "production_end": null, "activity_status": null, "activity_status_year": null, "surface_area_sq_km": null, "concession_area_sq_km": null, "country": "United States of America", "GID_0": "USA", "GID_1": "USA.18_1", "GID_2": "USA.18.113_1", "GID_3": null, "GID_4": null, "source_id": "det_1411", "comment": null, "Reserves_data": [ { "id": 791, "year": 2019, "material": "F.coal", "commodity": NaN, "mineral_value_tonnes": 211105440.0, "commodity_value_tonnes": NaN, "grade_ppm": NaN, "source_id": "det_1411", "comment": NaN } ], "index_right": 40331, "ISO3_CODE": "USA", "COUNTRY_NAME": "United States", "AREA": 0.09745561136725546, "distance": 523.56393257040588 }, "geometry": { "type": "MultiPoint", "coordinates": [ [ -9783641.874260533601046, 4543181.327318235300481 ] ] } },
{ "type": "Feature", "properties": { "facility_id": "COM00791.00", "facility_name": "Merian", "facility_other_names": null, "facility_type": "Mine", "primary_commodity": "Gold", "commodities_products": "Gold", "facility_equipment": "Open pit, Leaching plant", "production_start": 2016.0, "production_end": null, "activity_status": null, "activity_status_year": null, "surface_area_sq_km": null, "concession_area_sq_km": null, "country": "Suriname", "GID_0": "SUR", "GID_1": "SUR.9_1", "GID_2": "SUR.9.6_1", "GID_3": null, "GID_4": null, "source_id": "det_1011", "comment": null, "Reserves_data": [ { "id": 548, "year": 2017, "material": "O.Au", "commodity": "Me.Au", "mineral_value_tonnes": 148800000.0, "commodity_value_tonnes": 150.06347508000002, "grade_ppm": 1.02058283268, "source_id": "det_2839", "comment": NaN } ], "index_right": 42249, "ISO3_CODE": "SUR", "COUNTRY_NAME": "Suriname", "AREA": 238.62910580148221, "distance": 0.0 }, "geometry": { "type": "MultiPoint", "coordinates": [ [ -6072428.874842803925276, 571273.841298046405427 ] ] } },
{ "type": "Feature", "properties": { "facility_id": "COM00793.00", "facility_name": "MetCoal", "facility_other_names": "Adaro Metcoal Companies, AMC, IndoMet", "facility_type": "Mine", "primary_commodity": "Coal", "commodities_products": "Semi-soft coking coal", "facility_equipment": null, "production_start": 2016.0, "production_end": null, "activity_status": null, "activity_status_year": null, "surface_area_sq_km": null, "concession_area_sq_km": null, "country": "Indonesia", "GID_0": "IDN", "GID_1": "IDN.14_1", "GID_2": "IDN.14.10_1", "GID_3": "IDN.14.10.1_1", "GID_4": "IDN.14.10.1.5_1 ; IDN.14.10.1.9_1", "source_id": "det_1509", "comment": "Acquired from BHP in 2016, BHP called it IndoMet", "Reserves_data": [ { "id": 549, "year": 2019, "material": "F.coal", "commodity": NaN, "mineral_value_tonnes": 85400000.0, "commodity_value_tonnes": NaN, "grade_ppm": NaN, "source_id": "det_1508", "comment": NaN } ], "index_right": 43276, "ISO3_CODE": "IDN", "COUNTRY_NAME": "Indonesia", "AREA": 5.5865739939629391, "distance": 0.0 }, "geometry": { "type": "MultiPoint", "coordinates": [ [ 12783087.552136367186904, -35589.80601376209961 ] ] } },
{ "type": "Feature", "properties": { "facility_id": "COM01030.00", "facility_name": "PT Indominco Mandiri", "facility_other_names": "IMM, Indominco", "facility_type": "Mine", "primary_commodity": "Coal", "commodities_products": "Coal", "facility_equipment": "Open pit, Underground", "production_start": null, "production_end": null, "activity_status": null, "activity_status_year": null, "surface_area_sq_km": null, "concession_area_sq_km": 241.21, "country": "Indonesia", "GID_0": "IDN", "GID_1": "IDN.15_1", "GID_2": "IDN.15.7_1", "GID_3": "IDN.15.7.18_1", "GID_4": "IDN.15.7.18.4_1 ; IDN.15.7.18.5_1", "source_id": "det_1531", "comment": null, "Reserves_data": [ { "id": 733, "year": 2020, "material": "F.coal", "commodity": NaN, "mineral_value_tonnes": 37800000.0, "commodity_value_tonnes": NaN, "grade_ppm": NaN, "source_id": "det_1531", "comment": NaN } ], "index_right": 43929, "ISO3_CODE": "IDN", "COUNTRY_NAME": "Indonesia", "AREA": 10.457300343127587, "distance": 29.426998622334647 }, "geometry": { "type": "MultiPoint", "coordinates": [ [ 13056927.919950559735298, 16512.060183324116224 ] ] } },
{ "type": "Feature", "properties": { "facility_id": "COM00551.00", "facility_name": "Hunter Valley Operations", "facility_other_names": "Hunter Valley Operations (HVO), HVO, HVO JV, JVMC, West Pit, Howick, Hunter Valley No. 1, Lemington", "facility_type": "Mine", "primary_commodity": "Coal", "commodities_products": "Thermal coal, Semi-soft coking coal", "facility_equipment": "Open cut", "production_start": null, "production_end": null, "activity_status": null, "activity_status_year": null, "surface_area_sq_km": null, "concession_area_sq_km": null, "country": "Australia", "GID_0": "AUS", "GID_1": "AUS.5_1", "GID_2": "AUS.5.118_1", "GID_3": null, "GID_4": null, "source_id": "det_1487", "comment": null, "Reserves_data": [ { "id": 370, "year": 2020, "material": "F.coal", "commodity": NaN, "mineral_value_tonnes": 900000000.0, "commodity_value_tonnes": NaN, "grade_ppm": NaN, "source_id": "det_1486", "comment": NaN } ], "index_right": 43986, "ISO3_CODE": "AUS", "COUNTRY_NAME": "Australia", "AREA": 46.003957932230406, "distance": 0.0 }, "geometry": { "type": "MultiPoint", "coordinates": [ [ 16806860.309827946126461, -3822204.157766003161669 ] ] } },
{ "type": "Feature", "properties": { "facility_id": "COM00319.00", "facility_name": "Daunia", "facility_other_names": null, "facility_type": "Mine", "primary_commodity": "Coal", "commodities_products": "Metallurgical bituminous coal", "facility_equipment": "Open pit", "production_start": 2013.0, "production_end": null, "activity_status": null, "activity_status_year": null, "surface_area_sq_km": null, "concession_area_sq_km": null, "country": "Australia", "GID_0": "AUS", "GID_1": "AUS.7_1", "GID_2": "AUS.7.34_1", "GID_3": null, "GID_4": null, "source_id": "det_1135", "comment": null, "Reserves_data": [ { "id": 223, "year": 2019, "material": "F.coal", "commodity": NaN, "mineral_value_tonnes": 99000000.0, "commodity_value_tonnes": NaN, "grade_ppm": NaN, "source_id": "det_1135", "comment": NaN } ], "index_right": 43994, "ISO3_CODE": "AUS", "COUNTRY_NAME": "Australia", "AREA": 20.520138446984561, "distance": 0.0 }, "geometry": { "type": "MultiPoint", "coordinates": [ [ 16508416.018569368869066, -2518831.107438602484763 ] ] } },
{ "type": "Feature", "properties": { "facility_id": "COM00837.00", "facility_name": "Moorvale", "facility_other_names": null, "facility_type": "Mine", "primary_commodity": "Coal", "commodities_products": "Thermal coal, Coking coal, Pulverized Coal Injection", "facility_equipment": "Surface", "production_start": null, "production_end": null, "activity_status": null, "activity_status_year": null, "surface_area_sq_km": null, "concession_area_sq_km": null, "country": "Australia", "GID_0": "AUS", "GID_1": "AUS.7_1", "GID_2": "AUS.7.34_1", "GID_3": null, "GID_4": null, "source_id": "det_1390", "comment": null, "Reserves_data": [ { "id": 584, "year": 2019, "material": "F.coc", "commodity": NaN, "mineral_value_tonnes": 9979200.0, "commodity_value_tonnes": NaN, "grade_ppm": NaN, "source_id": "det_2144", "comment": NaN } ], "index_right": 43995, "ISO3_CODE": "AUS", "COUNTRY_NAME": "Australia", "AREA": 19.412016185876187, "distance": 0.0 }, "geometry": { "type": "MultiPoint", "coordinates": [ [ 16516368.687350463122129, -2508018.454565279185772 ] ] } },
{ "type": "Feature", "properties": { "facility_id": "COM00999.00", "facility_name": "Poitrel", "facility_other_names": null, "facility_type": "Mine", "primary_commodity": "Coal", "commodities_products": "Metallurgical bituminous coal", "facility_equipment": "Open pit", "production_start": 2006.0, "production_end": null, "activity_status": null, "activity_status_year": null, "surface_area_sq_km": null, "concession_area_sq_km": null, "country": "Australia", "GID_0": "AUS", "GID_1": "AUS.7_1", "GID_2": "AUS.7.34_1", "GID_3": null, "GID_4": null, "source_id": "det_1135", "comment": null, "Reserves_data": [ { "id": 713, "year": 2019, "material": "F.coc", "commodity": NaN, "mineral_value_tonnes": 61000000.0, "commodity_value_tonnes": NaN, "grade_ppm": NaN, "source_id": "det_1135", "comment": NaN } ], "index_right": 43996, "ISO3_CODE": "AUS", "COUNTRY_NAME": "Australia", "AREA": 25.53730986826714, "distance": 0.0 }, "geometry": { "type": "MultiPoint", "coordinates": [ [ 16504273.056571286171675, -2516483.290522728580981 ] ] } },
{ "type": "Feature", "properties": { "facility_id": "COM01015.00", "facility_name": "Prominent Hill", "facility_other_names": null, "facility_type": "Mine", "primary_commodity": "Copper", "commodities_products": "Copper, Gold, Silver", "facility_equipment": "Underground, Open pit", "production_start": 2009.0, "production_end": null, "activity_status": null, "activity_status_year": null, "surface_area_sq_km": null, "concession_area_sq_km": null, "country": "Australia", "GID_0": "AUS", "GID_1": "AUS.8_1", "GID_2": "AUS.8.61_1", "GID_3": null, "GID_4": null, "source_id": "det_1452", "comment": null, "Reserves_data": [ { "id": 722, "year": 2019, "material": "O.bulk", "commodity": "Me.Ag", "mineral_value_tonnes": 56000000.0, "commodity_value_tonnes": 124.737901772, "grade_ppm": 2.2607142857142857, "source_id": "det_2873", "comment": NaN }, { "id": 723, "year": 2019, "material": "O.bulk", "commodity": "Me.Au", "mineral_value_tonnes": 56000000.0, "commodity_value_tonnes": 33.73593237, "grade_ppm": 0.6678571428571428, "source_id": "det_2873", "comment": NaN }, { "id": 724, "year": 2019, "material": "O.bulk", "commodity": "Me.Cu", "mineral_value_tonnes": 56000000.0, "commodity_value_tonnes": 473000.0, "grade_ppm": 8785.714285714286, "source_id": "det_2873", "comment": NaN } ], "index_right": 44001, "ISO3_CODE": "AUS", "COUNTRY_NAME": "Australia", "AREA": 15.182738025137086, "distance": 0.0 }, "geometry": { "type": "MultiPoint", "coordinates": [ [ 15090989.666603850200772, -3468854.119635038077831 ] ] } },
{ "type": "Feature", "properties": { "facility_id": "COM00579.00", "facility_name": "Isaac Plains", "facility_other_names": null, "facility_type": "Mine", "primary_commodity": "Coal", "commodities_products": "Thermal coal, Metallurgical coal", "facility_equipment": "Open pit", "production_start": null, "production_end": null, "activity_status": null, "activity_status_year": null, "surface_area_sq_km": null, "concession_area_sq_km": null, "country": "Australia", "GID_0": "AUS", "GID_1": "AUS.7_1", "GID_2": "AUS.7.34_1", "GID_3": null, "GID_4": null, "source_id": "det_1162", "comment": null, "Reserves_data": [ { "id": 381, "year": 2013, "material": "F.coal", "commodity": NaN, "mineral_value_tonnes": 10800000.0, "commodity_value_tonnes": NaN, "grade_ppm": NaN, "source_id": "det_1162", "comment": NaN }, { "id": 382, "year": 2020, "material": "F.coal", "commodity": NaN, "mineral_value_tonnes": 49200000.0, "commodity_value_tonnes": NaN, "grade_ppm": NaN, "source_id": "det_1845", "comment": NaN } ], "index_right": 44015, "ISO3_CODE": "AUS", "COUNTRY_NAME": "Australia", "AREA": 22.614709816882161, "distance": 0.0 }, "geometry": { "type": "MultiPoint", "coordinates": [ [ 16489067.118576491251588, -2508730.328031327575445 ] ] } },
{ "type": "Feature", "properties": { "facility_id": "COM00395.00", "facility_name": "Ernest Henry and Mount Isa", "facility_other_names": null, "facility_type": "Mine", "primary_commodity": "Copper", "commodities_products": "Copper, Gold", "facility_equipment": "Underground", "production_start": null, "production_end": null, "activity_status": null, "activity_status_year": null, "surface_area_sq_km": null, "concession_area_sq_km": null, "country": "Australia", "GID_0": "AUS", "GID_1": "AUS.7_1", "GID_2": "AUS.7.19_1 ; AUS.7.46_1 ; AUS.7.67_1", "GID_3": null, "GID_4": null, "source_id": "det_1178", "comment": "From Glencore website: Copper mining and processing operations at our Queensland Metals business involves a three-step process: Firstly, we mine the ore at our two underground copper mines at Mount Isa Mines and Ernest Henry Mining. Secondly, we smelt the ore into copper anode at our Mount Isa Mines copper smelter. This 99.7% pure copper anode is transported by rail and road to our copper refinery in Townsville. Finally, we refine the copper anode at CRL (Townsville) by using the IsaKIDD electrolytic refining process.", "Reserves_data": [ { "id": 271, "year": 2019, "material": "O.bulk", "commodity": "Me.Ag", "mineral_value_tonnes": 79000000.0, "commodity_value_tonnes": NaN, "grade_ppm": NaN, "source_id": "det_2855", "comment": NaN }, { "id": 272, "year": 2019, "material": "O.bulk", "commodity": "Me.Pb", "mineral_value_tonnes": 79000000.0, "commodity_value_tonnes": NaN, "grade_ppm": NaN, "source_id": "det_2855", "comment": NaN }, { "id": 273, "year": 2019, "material": "O.bulk", "commodity": "Me.Zn", "mineral_value_tonnes": 79000000.0, "commodity_value_tonnes": NaN, "grade_ppm": NaN, "source_id": "det_2855", "comment": NaN } ], "index_right": 44024, "ISO3_CODE": "AUS", "COUNTRY_NAME": "Australia", "AREA": 42.180975334265021, "distance": 0.0 }, "geometry": { "type": "MultiPoint", "coordinates": [ [ 15664689.946573069319129, -2325775.363747044932097 ] ] } },
{ "type": "Feature", "properties": { "facility_id": "COM00378.00", "facility_name": "El Romeral", "facility_other_names": "Elqui Valley, Romeral", "facility_type": "Mine", "primary_commodity": "Iron", "commodities_products": "Iron ore", "facility_equipment": null, "production_start": null, "production_end": null, "activity_status": null, "activity_status_year": null, "surface_area_sq_km": null, "concession_area_sq_km": null, "country": "Chile", "GID_0": "CHL", "GID_1": "CHL.7_1", "GID_2": "CHL.7.2_1", "GID_3": "CHL.7.2.4_1", "GID_4": null, "source_id": "det_1369", "comment": null, "Reserves_data": [ { "id": 264, "year": 2020, "material": "O.Fe", "commodity": "Me.Fe", "mineral_value_tonnes": 93500000.0, "commodity_value_tonnes": NaN, "grade_ppm": NaN, "source_id": "det_1369", "comment": NaN } ], "index_right": 44054, "ISO3_CODE": "CHL", "COUNTRY_NAME": "Chile", "AREA": 13.124772829264343, "distance": 0.0 }, "geometry": { "type": "MultiPoint", "coordinates": [ [ -7929660.487234775908291, -3467827.502840804867446 ] ] } },
{ "type": "Feature", "properties": { "facility_id": "COM00491.00", "facility_name": "Gove", "facility_other_names": null, "facility_type": "Mine, Refinery", "primary_commodity": "Aluminium", "commodities_products": "Bauxite, Alumina", "facility_equipment": "Open pit", "production_start": 1970.0, "production_end": null, "activity_status": null, "activity_status_year": null, "surface_area_sq_km": null, "concession_area_sq_km": null, "country": "Australia", "GID_0": "AUS", "GID_1": "AUS.6_1", "GID_2": "AUS.6.7_1", "GID_3": null, "GID_4": null, "source_id": "det_1065", "comment": "Refinery closed in 2014", "Reserves_data": [ { "id": 325, "year": 2018, "material": "O.Al", "commodity": "Me.Al2O3", "mineral_value_tonnes": 142000000.0, "commodity_value_tonnes": NaN, "grade_ppm": NaN, "source_id": "det_1065", "comment": NaN } ], "index_right": 44062, "ISO3_CODE": "AUS", "COUNTRY_NAME": "Australia", "AREA": 9.8641944905846337, "distance": 0.0 }, "geometry": { "type": "MultiPoint", "coordinates": [ [ 15232917.318060278892517, -1375636.204168767901137 ] ] } },
{ "type": "Feature", "properties": { "facility_id": "COM01113.00", "facility_name": "Salvador", "facility_other_names": "División Salvador", "facility_type": "Mine", "primary_commodity": "Copper", "commodities_products": "Copper, Copper cathodes, Molybdenum, Gold, Silver", "facility_equipment": "Open pit, Underground", "production_start": 1959.0, "production_end": null, "activity_status": null, "activity_status_year": null, "surface_area_sq_km": null, "concession_area_sq_km": null, "country": "Chile", "GID_0": "CHL", "GID_1": "CHL.5_1", "GID_2": "CHL.5.1_1", "GID_3": "CHL.5.1.2_1", "GID_4": null, "source_id": "det_1171", "comment": null, "Reserves_data": [ { "id": 815, "year": 2018, "material": "O.bulk", "commodity": "Me.Cu", "mineral_value_tonnes": 581000000.0, "commodity_value_tonnes": 3700000.0, "grade_ppm": 6400.0, "source_id": "det_1171", "comment": NaN } ], "index_right": 44068, "ISO3_CODE": "CHL", "COUNTRY_NAME": "Chile", "AREA": 28.88254707693212, "distance": 0.0 }, "geometry": { "type": "MultiPoint", "coordinates": [ [ -7747496.000382353551686, -3034113.697336681652814 ] ] } },
{ "type": "Feature", "properties": { "facility_id": "COM00955.00", "facility_name": "Pampa Norte", "facility_other_names": null, "facility_type": "Mine", "primary_commodity": "Copper", "commodities_products": "Copper, Copper cathode", "facility_equipment": "Open pit, SX-EW", "production_start": 1994.0, "production_end": null, "activity_status": null, "activity_status_year": null, "surface_area_sq_km": null, "concession_area_sq_km": null, "country": "Chile", "GID_0": "CHL", "GID_1": "CHL.2_1 ; CHL.15_1", "GID_2": "CHL.2.1_1 ; CHL.15.1_1", "GID_3": "CHL.2.1.3_1 ; CHL.15.1.6_1", "GID_4": null, "source_id": "det_1135", "comment": null, "Reserves_data": [ { "id": 676, "year": 2019, "material": "O.Cu", "commodity": "Me.Cu", "mineral_value_tonnes": 1578000000.0, "commodity_value_tonnes": NaN, "grade_ppm": NaN, "source_id": "det_1135", "comment": NaN } ], "index_right": 44072, "ISO3_CODE": "CHL", "COUNTRY_NAME": "Chile", "AREA": 287.26087762016732, "distance": 0.0 }, "geometry": { "type": "MultiPoint", "coordinates": [ [ -7710708.63091832306236, -2606877.632249869871885 ] ] } },
{ "type": "Feature", "properties": { "facility_id": "COM01105.00", "facility_name": "Rustenburg", "facility_other_names": null, "facility_type": "Mine", "primary_commodity": "Other (poly)-metallic", "commodities_products": "PGM, Platinum", "facility_equipment": "Underground, Open pit", "production_start": null, "production_end": null, "activity_status": null, "activity_status_year": null, "surface_area_sq_km": null, "concession_area_sq_km": null, "country": "South Africa", "GID_0": "ZAF", "GID_1": "ZAF.7_1", "GID_2": "ZAF.7.1_1", "GID_3": "ZAF.7.1.5_1", "GID_4": "ZAF.7.1.5.3_1 ; ZAF.7.1.5.15_1 ; ZAF.7.1.5.17_1 ; ZAF.7.1.5.28_1", "source_id": "det_1092", "comment": null, "Reserves_data": [ { "id": 810, "year": 2018, "material": "O.pgm", "commodity": "Me.pgm", "mineral_value_tonnes": 692000000.0, "commodity_value_tonnes": 2146.6258914036, "grade_ppm": 3.3915317919075143, "source_id": "det_1093", "comment": NaN } ], "index_right": 44082, "ISO3_CODE": "ZAF", "COUNTRY_NAME": "South Africa", "AREA": 6.0837933568332918, "distance": 0.0 }, "geometry": { "type": "MultiPoint", "coordinates": [ [ 3042172.166009261738509, -2958436.725013702642173 ] ] } },
{ "type": "Feature", "properties": { "facility_id": "COM00996.00", "facility_name": "Pocos de Caldas", "facility_other_names": null, "facility_type": "Mine, Refinery", "primary_commodity": "Aluminium", "commodities_products": "Bauxite, Alumina", "facility_equipment": "Open pit", "production_start": 1965.0, "production_end": null, "activity_status": null, "activity_status_year": null, "surface_area_sq_km": null, "concession_area_sq_km": null, "country": "Brazil", "GID_0": "BRA", "GID_1": "BRA.13_1", "GID_2": "BRA.13.609_1", "GID_3": "BRA.13.609.1_1", "GID_4": null, "source_id": "det_1270", "comment": null, "Reserves_data": [ { "id": 710, "year": 2019, "material": "O.Al", "commodity": "Me.Al2O3", "mineral_value_tonnes": 1100000.0, "commodity_value_tonnes": NaN, "grade_ppm": NaN, "source_id": "det_1270", "comment": "0.1 (probable) + 1 (proven)" }, { "id": 711, "year": 2019, "material": "O.Al", "commodity": "Nm.SiO2", "mineral_value_tonnes": 1100000.0, "commodity_value_tonnes": NaN, "grade_ppm": NaN, "source_id": "det_1270", "comment": "0.1 (probable) + 1 (proven)" } ], "index_right": 44084, "ISO3_CODE": "BRA", "COUNTRY_NAME": "Brazil", "AREA": 3.3051413807151313, "distance": 0.0 }, "geometry": { "type": "MultiPoint", "coordinates": [ [ -5186480.914456503465772, -2492605.601116763427854 ] ] } },
{ "type": "Feature", "properties": { "facility_id": "COM00213.00", "facility_name": "Catalao Phosphate", "facility_other_names": null, "facility_type": "Mine, Refinery", "primary_commodity": "Other mine", "commodities_products": "Phosphate", "facility_equipment": "Open pit", "production_start": null, "production_end": null, "activity_status": null, "activity_status_year": null, "surface_area_sq_km": null, "concession_area_sq_km": null, "country": "Brazil", "GID_0": "BRA", "GID_1": "BRA.9_1", "GID_2": "BRA.9.59_1", "GID_3": "BRA.9.59.1_1", "GID_4": null, "source_id": "det_1161", "comment": null, "Reserves_data": [ { "id": 131, "year": 2013, "material": "O.P", "commodity": "Nm.PO", "mineral_value_tonnes": 52800000.0, "commodity_value_tonnes": NaN, "grade_ppm": NaN, "source_id": "det_1162", "comment": NaN } ], "index_right": 44105, "ISO3_CODE": "BRA", "COUNTRY_NAME": "Brazil", "AREA": 2.6089947897360299, "distance": 0.0 }, "geometry": { "type": "MultiPoint", "coordinates": [ [ -5330069.089748519472778, -2056766.887160708196461 ] ] } },
{ "type": "Feature", "properties": { "facility_id": "COM00212.00", "facility_name": "Catalao", "facility_other_names": null, "facility_type": "Mine", "primary_commodity": "Other (poly)-metallic", "commodities_products": "Niobium", "facility_equipment": null, "production_start": null, "production_end": null, "activity_status": null, "activity_status_year": null, "surface_area_sq_km": null, "concession_area_sq_km": null, "country": "Brazil", "GID_0": "BRA", "GID_1": "BRA.9_1", "GID_2": "BRA.9.168_1", "GID_3": "BRA.9.168.1_1", "GID_4": null, "source_id": "det_1111", "comment": null, "Reserves_data": [ { "id": 130, "year": 2011, "material": NaN, "commodity": "Me.Nb", "mineral_value_tonnes": 4300000.0, "commodity_value_tonnes": NaN, "grade_ppm": NaN, "source_id": "det_2843", "comment": NaN } ], "index_right": 44106, "ISO3_CODE": "BRA", "COUNTRY_NAME": "Brazil", "AREA": 24.423271330279633, "distance": 0.0 }, "geometry": { "type": "MultiPoint", "coordinates": [ [ -5321135.041356137022376, -2054650.295276053482667 ] ] } },
{ "type": "Feature", "properties": { "facility_id": "COM00244.00", "facility_name": "Chapada", "facility_other_names": null, "facility_type": "Mine", "primary_commodity": "Copper", "commodities_products": "Copper, Gold, Silver", "facility_equipment": "Open pit", "production_start": 2006.0, "production_end": null, "activity_status": null, "activity_status_year": null, "surface_area_sq_km": null, "concession_area_sq_km": null, "country": "Brazil", "GID_0": "BRA", "GID_1": "BRA.9_1", "GID_2": "BRA.9.168_1", "GID_3": "BRA.9.168.1_1", "GID_4": null, "source_id": "det_1202", "comment": null, "Reserves_data": [ { "id": 165, "year": 2019, "material": "O.bulk", "commodity": "Me.Au", "mineral_value_tonnes": 803984000.0, "commodity_value_tonnes": 130.40780639800002, "grade_ppm": 0.1324359688750024, "source_id": "det_2842", "comment": NaN }, { "id": 166, "year": 2019, "material": "O.bulk", "commodity": "Me.Cu", "mineral_value_tonnes": 738789000.0, "commodity_value_tonnes": 1757000.0, "grade_ppm": 2000.0, "source_id": "det_2842", "comment": NaN } ], "index_right": 44106, "ISO3_CODE": "BRA", "COUNTRY_NAME": "Brazil", "AREA": 24.423271330279633, "distance": 0.0 }, "geometry": { "type": "MultiPoint", "coordinates": [ [ -5323694.083636502735317, -2054460.853255782276392 ] ] } },
{ "type": "Feature", "properties": { "facility_id": "COM00286.00", "facility_name": "Copebras", "facility_other_names": null, "facility_type": "Mine", "primary_commodity": "Other mine", "commodities_products": "Sodium tripolyphosphate, Phosphates", "facility_equipment": null, "production_start": null, "production_end": null, "activity_status": null, "activity_status_year": null, "surface_area_sq_km": null, "concession_area_sq_km": null, "country": "Brazil", "GID_0": "BRA", "GID_1": "BRA.9_1", "GID_2": "BRA.9.168_1", "GID_3": "BRA.9.168.1_1", "GID_4": null, "source_id": "det_1113", "comment": null, "Reserves_data": [ { "id": 202, "year": 2011, "material": "O.P", "commodity": "Nm.PO", "mineral_value_tonnes": 239200000.0, "commodity_value_tonnes": NaN, "grade_ppm": NaN, "source_id": "det_2843", "comment": NaN } ], "index_right": 44106, "ISO3_CODE": "BRA", "COUNTRY_NAME": "Brazil", "AREA": 24.423271330279633, "distance": 0.0 }, "geometry": { "type": "MultiPoint", "coordinates": [ [ -5323627.138522740453482, -2054556.827598191564903 ] ] } },
{ "type": "Feature", "properties": { "facility_id": "COM00959.00", "facility_name": "Paracatu", "facility_other_names": null, "facility_type": "Mine", "primary_commodity": "Gold", "commodities_products": "Gold", "facility_equipment": "Open pit", "production_start": null, "production_end": null, "activity_status": null, "activity_status_year": null, "surface_area_sq_km": null, "concession_area_sq_km": null, "country": "Brazil", "GID_0": "BRA", "GID_1": "BRA.13_1", "GID_2": "BRA.13.555_1", "GID_3": "BRA.13.555.1_1", "GID_4": null, "source_id": "det_1047", "comment": null, "Reserves_data": [ { "id": 677, "year": 2018, "material": "O.Au", "commodity": "Me.Au", "mineral_value_tonnes": 590628000.0, "commodity_value_tonnes": 225.038513574, "grade_ppm": 0.4, "source_id": "det_2836", "comment": NaN } ], "index_right": 44111, "ISO3_CODE": "BRA", "COUNTRY_NAME": "Brazil", "AREA": 49.617685648174188, "distance": 0.0 }, "geometry": { "type": "MultiPoint", "coordinates": [ [ -5219222.96423511672765, -1941891.692994785727933 ] ] } },
{ "type": "Feature", "properties": { "facility_id": "COM01053.00", "facility_name": "Puna", "facility_other_names": null, "facility_type": "Mine", "primary_commodity": "Silver", "commodities_products": "Gold, Silver, Lead, Zinc", "facility_equipment": null, "production_start": null, "production_end": null, "activity_status": null, "activity_status_year": null, "surface_area_sq_km": null, "concession_area_sq_km": null, "country": "Argentina", "GID_0": "ARG", "GID_1": "ARG.10_1", "GID_2": "ARG.10.7_1", "GID_3": null, "GID_4": null, "source_id": "det_1387", "comment": null, "Reserves_data": [ { "id": 750, "year": 2019, "material": "O.Au", "commodity": "Me.Ag", "mineral_value_tonnes": 10377000.0, "commodity_value_tonnes": 1409.25478833, "grade_ppm": 149.0, "source_id": "det_1387", "comment": NaN }, { "id": 751, "year": 2019, "material": "O.Au", "commodity": "Me.Pb", "mineral_value_tonnes": 10377000.0, "commodity_value_tonnes": 117934.0162, "grade_ppm": 11399.999999999998, "source_id": "det_1387", "comment": NaN }, { "id": 752, "year": 2019, "material": "O.Au", "commodity": "Me.Zn", "mineral_value_tonnes": 10377000.0, "commodity_value_tonnes": 48987.97596, "grade_ppm": 4700.0, "source_id": "det_1387", "comment": NaN } ], "index_right": 44113, "ISO3_CODE": "ARG", "COUNTRY_NAME": "Argentina", "AREA": 3.679586154711509, "distance": 0.0 }, "geometry": { "type": "MultiPoint", "coordinates": [ [ -7402468.474606934934855, -2595102.155672522261739 ] ] } },
{ "type": "Feature", "properties": { "facility_id": "COM01034.00", "facility_name": "PT Jorong Barutama Greston", "facility_other_names": "JBG, Jorong", "facility_type": "Mine", "primary_commodity": "Coal", "commodities_products": "Coal", "facility_equipment": "Open pit", "production_start": null, "production_end": null, "activity_status": null, "activity_status_year": null, "surface_area_sq_km": null, "concession_area_sq_km": 48.83, "country": "Indonesia", "GID_0": "IDN", "GID_1": "IDN.13_1", "GID_2": "IDN.13.12_1", "GID_3": "IDN.13.12.5_1", "GID_4": "IDN.13.12.5.5_1", "source_id": "det_1531", "comment": null, "Reserves_data": [ { "id": 737, "year": 2020, "material": "F.coal", "commodity": NaN, "mineral_value_tonnes": 9000000.0, "commodity_value_tonnes": NaN, "grade_ppm": NaN, "source_id": "det_1531", "comment": NaN } ], "index_right": 44129, "ISO3_CODE": "IDN", "COUNTRY_NAME": "Indonesia", "AREA": 82.249374214709093, "distance": 0.0 }, "geometry": { "type": "MultiPoint", "coordinates": [ [ 12800973.753215033560991, -434829.435468788200524 ] ] } },
{ "type": "Feature", "properties": { "facility_id": "COM01348.00", "facility_name": "Wahana Baratama", "facility_other_names": "WBM, PT Wahana Baratama Mining", "facility_type": "Mine", "primary_commodity": "Coal", "commodities_products": "Bituminous coal", "facility_equipment": "Open pit", "production_start": 2007.0, "production_end": null, "activity_status": null, "activity_status_year": null, "surface_area_sq_km": null, "concession_area_sq_km": 78.11, "country": "Indonesia", "GID_0": "IDN", "GID_1": "IDN.13_1", "GID_2": "IDN.13.12_1", "GID_3": "IDN.13.12.6_1", "GID_4": "IDN.13.12.6.14_1", "source_id": "det_1520", "comment": null, "Reserves_data": [ { "id": 981, "year": 2019, "material": "F.coal", "commodity": NaN, "mineral_value_tonnes": 13000000.0, "commodity_value_tonnes": NaN, "grade_ppm": NaN, "source_id": "det_1519", "comment": NaN } ], "index_right": 44131, "ISO3_CODE": "IDN", "COUNTRY_NAME": "Indonesia", "AREA": 52.455576219817502, "distance": 0.0 }, "geometry": { "type": "MultiPoint", "coordinates": [ [ 12836234.034994440153241, -415001.560398423171137 ] ] } },
{ "type": "Feature", "properties": { "facility_id": "COM00082.00", "facility_name": "Azul", "facility_other_names": null, "facility_type": "Mine", "primary_commodity": "Other (poly)-metallic", "commodities_products": "Manganese", "facility_equipment": "Open Pit", "production_start": 1985.0, "production_end": null, "activity_status": null, "activity_status_year": null, "surface_area_sq_km": null, "concession_area_sq_km": null, "country": "Brazil", "GID_0": "BRA", "GID_1": "BRA.14_1", "GID_2": "BRA.14.90_1", "GID_3": "BRA.14.90.1_1", "GID_4": null, "source_id": "det_1159", "comment": null, "Reserves_data": [ { "id": 40, "year": 2019, "material": "O.Mn", "commodity": "Me.Mn", "mineral_value_tonnes": 13100000.0, "commodity_value_tonnes": NaN, "grade_ppm": NaN, "source_id": "det_1159", "comment": NaN } ], "index_right": 44133, "ISO3_CODE": "BRA", "COUNTRY_NAME": "Brazil", "AREA": 12.61176932991108, "distance": 0.0 }, "geometry": { "type": "MultiPoint", "coordinates": [ [ -5599320.171925663016737, -680880.932587217539549 ] ] } },
{ "type": "Feature", "properties": { "facility_id": "COM01154.00", "facility_name": "Serra Leste", "facility_other_names": null, "facility_type": "Mine", "primary_commodity": "Iron", "commodities_products": "Iron", "facility_equipment": "Open Pit, Benefication Plant", "production_start": null, "production_end": null, "activity_status": null, "activity_status_year": null, "surface_area_sq_km": null, "concession_area_sq_km": null, "country": "Brazil", "GID_0": "BRA", "GID_1": "BRA.14_1", "GID_2": "BRA.14.42_1", "GID_3": "BRA.14.42.1_1", "GID_4": null, "source_id": "det_1159", "comment": "Part of Vale's Northern System", "Reserves_data": [ { "id": 840, "year": 2019, "material": "O.Fe", "commodity": "Me.Fe", "mineral_value_tonnes": 324500000.0, "commodity_value_tonnes": NaN, "grade_ppm": NaN, "source_id": "det_1159", "comment": NaN } ], "index_right": 44135, "ISO3_CODE": "BRA", "COUNTRY_NAME": "Brazil", "AREA": 4.740513091457526, "distance": 0.0 }, "geometry": { "type": "MultiPoint", "coordinates": [ [ -5524649.605471574701369, -665837.028263967833482 ] ] } },
{ "type": "Feature", "properties": { "facility_id": "COM01112.00", "facility_name": "Salobo", "facility_other_names": null, "facility_type": "Mine", "primary_commodity": "Copper", "commodities_products": "Copper, Gold", "facility_equipment": "Open pit", "production_start": 2012.0, "production_end": null, "activity_status": null, "activity_status_year": null, "surface_area_sq_km": null, "concession_area_sq_km": null, "country": "Brazil", "GID_0": "BRA", "GID_1": "BRA.14_1", "GID_2": "BRA.14.65_1", "GID_3": "BRA.14.65.1_1", "GID_4": null, "source_id": "det_1159", "comment": null, "Reserves_data": [ { "id": 813, "year": 2019, "material": "O.bulk", "commodity": "Me.Au", "mineral_value_tonnes": 1148400000.0, "commodity_value_tonnes": NaN, "grade_ppm": NaN, "source_id": "det_1159", "comment": NaN }, { "id": 814, "year": 2019, "material": "O.bulk", "commodity": "Me.Cu", "mineral_value_tonnes": 1148400000.0, "commodity_value_tonnes": NaN, "grade_ppm": NaN, "source_id": "det_1159", "comment": NaN } ], "index_right": 44137, "ISO3_CODE": "BRA", "COUNTRY_NAME": "Brazil", "AREA": 37.438194754200772, "distance": 0.0 }, "geometry": { "type": "MultiPoint", "coordinates": [ [ -5625564.875909295864403, -645573.763474519364536 ] ] } },
{ "type": "Feature", "properties": { "facility_id": "COM01026.00", "facility_name": "PT Borneo Indobara", "facility_other_names": "BIB", "facility_type": "Mine", "primary_commodity": "Coal", "commodities_products": "Thermal coal", "facility_equipment": "Open pit", "production_start": null, "production_end": null, "activity_status": null, "activity_status_year": null, "surface_area_sq_km": null, "concession_area_sq_km": 241.0, "country": "Indonesia", "GID_0": "IDN", "GID_1": "IDN.13_1", "GID_2": "IDN.13.11_1", "GID_3": "IDN.13.11.8_1", "GID_4": "IDN.13.11.8.9_1", "source_id": "det_1528", "comment": null, "Reserves_data": [ { "id": 731, "year": 2020, "material": "F.coal", "commodity": NaN, "mineral_value_tonnes": 693900000.0, "commodity_value_tonnes": NaN, "grade_ppm": NaN, "source_id": "det_1528", "comment": NaN } ], "index_right": 44141, "ISO3_CODE": "IDN", "COUNTRY_NAME": "Indonesia", "AREA": 23.271598457572995, "distance": 0.0 }, "geometry": { "type": "MultiPoint", "coordinates": [ [ 12873903.565459977835417, -399270.164510481758043 ] ] } },
{ "type": "Feature", "properties": { "facility_id": "COM01155.00", "facility_name": "Serra Norte", "facility_other_names": null, "facility_type": "Mine", "primary_commodity": "Iron", "commodities_products": "Iron", "facility_equipment": "Open Pit, Benefication Plant", "production_start": null, "production_end": null, "activity_status": null, "activity_status_year": null, "surface_area_sq_km": null, "concession_area_sq_km": null, "country": "Brazil", "GID_0": "BRA", "GID_1": "BRA.14_1", "GID_2": "BRA.14.90_1", "GID_3": "BRA.14.90.1_1", "GID_4": null, "source_id": "det_1159", "comment": "Part of Vale's Northern System", "Reserves_data": [ { "id": 841, "year": 2019, "material": "O.Fe", "commodity": "Me.Fe", "mineral_value_tonnes": 2823700000.0, "commodity_value_tonnes": NaN, "grade_ppm": NaN, "source_id": "det_1159", "comment": NaN } ], "index_right": 44143, "ISO3_CODE": "BRA", "COUNTRY_NAME": "Brazil", "AREA": 73.76074122430451, "distance": 0.0 }, "geometry": { "type": "MultiPoint", "coordinates": [ [ -5581746.912880011834204, -677770.002118397969753 ], [ -5585853.71396800223738, -675203.287448936840519 ] ] } },
{ "type": "Feature", "properties": { "facility_id": "COM00180.00", "facility_name": "Bulyanhulu", "facility_other_names": null, "facility_type": "Mine", "primary_commodity": "Gold", "commodities_products": "Gold, Copper", "facility_equipment": "Underground, CIL Circuit", "production_start": null, "production_end": null, "activity_status": null, "activity_status_year": null, "surface_area_sq_km": null, "concession_area_sq_km": null, "country": "Tanzania", "GID_0": "TZA", "GID_1": "TZA.23_1", "GID_2": "TZA.23.2_1", "GID_3": "TZA.23.2.5_1", "GID_4": null, "source_id": "det_1132", "comment": null, "Reserves_data": [ { "id": 102, "year": 2018, "material": "O.Au", "commodity": "Me.Au", "mineral_value_tonnes": 10336463.223787168, "commodity_value_tonnes": 77.50644238028168, "grade_ppm": 8.23, "source_id": "det_1035", "comment": NaN } ], "index_right": 44159, "ISO3_CODE": "TZA", "COUNTRY_NAME": "United Republic of Tanzania", "AREA": 4.4095714373879868, "distance": 0.0 }, "geometry": { "type": "MultiPoint", "coordinates": [ [ 3616066.627636051736772, -359606.329565665742848 ] ] } },
{ "type": "Feature", "properties": { "facility_id": "COM00446.00", "facility_name": "Geita", "facility_other_names": null, "facility_type": "Mine", "primary_commodity": "Gold", "commodities_products": "Gold", "facility_equipment": null, "production_start": null, "production_end": null, "activity_status": null, "activity_status_year": null, "surface_area_sq_km": null, "concession_area_sq_km": null, "country": "Tanzania", "GID_0": "TZA", "GID_1": "TZA.4_1", "GID_2": "TZA.4.3_1", "GID_3": "TZA.4.3.25_1", "GID_4": null, "source_id": "det_1057", "comment": null, "Reserves_data": [ { "id": 306, "year": 2018, "material": "O.Au", "commodity": "Me.Au", "mineral_value_tonnes": 9470000.0, "commodity_value_tonnes": 37.704865762900006, "grade_ppm": 4.38, "source_id": "det_2833", "comment": NaN } ], "index_right": 44167, "ISO3_CODE": "TZA", "COUNTRY_NAME": "United Republic of Tanzania", "AREA": 28.279608763070719, "distance": 0.0 }, "geometry": { "type": "MultiPoint", "coordinates": [ [ 3582984.13363270368427, -319350.438543531054165 ] ] } },
{ "type": "Feature", "properties": { "facility_id": "COM00644.00", "facility_name": "Kideco", "facility_other_names": "PT Kideco Jaya Agung", "facility_type": "Mine", "primary_commodity": "Coal", "commodities_products": "Sub-bituminous coal", "facility_equipment": "Open pit", "production_start": 1982.0, "production_end": null, "activity_status": null, "activity_status_year": null, "surface_area_sq_km": null, "concession_area_sq_km": 509.21, "country": "Indonesia", "GID_0": "IDN", "GID_1": "IDN.15_1", "GID_2": "IDN.15.10_1", "GID_3": "IDN.15.10.2_1", "GID_4": "IDN.15.10.2.7_1", "source_id": "det_1514", "comment": null, "Reserves_data": [ { "id": 434, "year": 2018, "material": "F.coal", "commodity": NaN, "mineral_value_tonnes": 535000000.0, "commodity_value_tonnes": NaN, "grade_ppm": NaN, "source_id": "det_2422", "comment": NaN } ], "index_right": 44174, "ISO3_CODE": "IDN", "COUNTRY_NAME": "Indonesia", "AREA": 161.66356762185839, "distance": 0.0 }, "geometry": { "type": "MultiPoint", "coordinates": [ [ 12898033.027037428691983, -214504.094527084555011 ] ] } },
{ "type": "Feature", "properties": { "facility_id": "COM00916.00", "facility_name": "North Mara", "facility_other_names": null, "facility_type": "Mine", "primary_commodity": "Gold", "commodities_products": "Gold", "facility_equipment": "Open Pit, Underground", "production_start": null, "production_end": null, "activity_status": null, "activity_status_year": null, "surface_area_sq_km": null, "concession_area_sq_km": null, "country": "Tanzania", "GID_0": "TZA", "GID_1": "TZA.12_1", "GID_2": "TZA.12.8_1", "GID_3": "TZA.12.8.13_1", "GID_4": null, "source_id": "det_1132", "comment": null, "Reserves_data": [ { "id": 649, "year": 2018, "material": "O.Au", "commodity": "Me.Au", "mineral_value_tonnes": 26248826.29107981, "commodity_value_tonnes": 61.88980373239437, "grade_ppm": 2.5899999999999994, "source_id": "det_1035", "comment": NaN } ], "index_right": 44178, "ISO3_CODE": "TZA", "COUNTRY_NAME": "United Republic of Tanzania", "AREA": 6.0199551064197445, "distance": 249.98484683622445 }, "geometry": { "type": "MultiPoint", "coordinates": [ [ 3841703.732540337834507, -163327.870549994928297 ] ] } },
{ "type": "Feature", "properties": { "facility_id": "COM01025.00", "facility_name": "PT Bharinto Ekatama", "facility_other_names": "BEK, Bharinto", "facility_type": "Mine", "primary_commodity": "Coal", "commodities_products": "Coal", "facility_equipment": null, "production_start": 2012.0, "production_end": null, "activity_status": null, "activity_status_year": null, "surface_area_sq_km": null, "concession_area_sq_km": 173.11, "country": "Indonesia", "GID_0": "IDN", "GID_1": "IDN.14_1", "GID_2": "IDN.14.3_1", "GID_3": "IDN.14.3.6_1", "GID_4": "IDN.14.3.6.3_1", "source_id": "det_1531", "comment": null, "Reserves_data": [ { "id": 730, "year": 2020, "material": "F.coal", "commodity": NaN, "mineral_value_tonnes": 146000000.0, "commodity_value_tonnes": NaN, "grade_ppm": NaN, "source_id": "det_1531", "comment": NaN } ], "index_right": 44179, "ISO3_CODE": "IDN", "COUNTRY_NAME": "Indonesia", "AREA": 21.905686009468916, "distance": 0.0 }, "geometry": { "type": "MultiPoint", "coordinates": [ [ 12853692.354195889085531, -94507.505622870885418 ] ] } },
{ "type": "Feature", "properties": { "facility_id": "COM01046.00", "facility_name": "PT Trisensa Mineral Utama", "facility_other_names": "TMU", "facility_type": "Mine", "primary_commodity": "Coal", "commodities_products": "Thermal coal", "facility_equipment": "Open pit", "production_start": 2011.0, "production_end": null, "activity_status": null, "activity_status_year": null, "surface_area_sq_km": null, "concession_area_sq_km": 34.14, "country": "Indonesia", "GID_0": "IDN", "GID_1": "IDN.15_1", "GID_2": "IDN.15.6_1", "GID_3": "IDN.15.6.5_1", "GID_4": "IDN.15.6.5.2_1", "source_id": "det_1537", "comment": null, "Reserves_data": [ { "id": 744, "year": 2019, "material": "F.coal", "commodity": NaN, "mineral_value_tonnes": 5800000.0, "commodity_value_tonnes": NaN, "grade_ppm": NaN, "source_id": "det_1537", "comment": NaN }, { "id": 745, "year": 2020, "material": "F.coal", "commodity": NaN, "mineral_value_tonnes": 254000000.0, "commodity_value_tonnes": NaN, "grade_ppm": NaN, "source_id": "det_1538", "comment": NaN } ], "index_right": 44188, "ISO3_CODE": "IDN", "COUNTRY_NAME": "Indonesia", "AREA": 10.502190602383628, "distance": 0.0 }, "geometry": { "type": "MultiPoint", "coordinates": [ [ 13037970.066263150423765, -77725.586836846399819 ] ] } },
{ "type": "Feature", "properties": { "facility_id": "COM01033.00", "facility_name": "PT Internasional Prima Coal", "facility_other_names": "IPC", "facility_type": "Mine", "primary_commodity": "Coal", "commodities_products": "Coal", "facility_equipment": "Open pit", "production_start": 2009.0, "production_end": null, "activity_status": null, "activity_status_year": null, "surface_area_sq_km": null, "concession_area_sq_km": null, "country": "Indonesia", "GID_0": "IDN", "GID_1": "IDN.15_1", "GID_2": "IDN.15.12_1", "GID_3": "IDN.15.12.1_1", "GID_4": "IDN.15.12.1.1_1", "source_id": "det_1512", "comment": null, "Reserves_data": [ { "id": 736, "year": 2020, "material": "F.coal", "commodity": NaN, "mineral_value_tonnes": 114600000.0, "commodity_value_tonnes": NaN, "grade_ppm": NaN, "source_id": "det_1512", "comment": "= 0.0046 + 0.11" } ], "index_right": 44204, "ISO3_CODE": "IDN", "COUNTRY_NAME": "Indonesia", "AREA": 31.571467830599996, "distance": 0.0 }, "geometry": { "type": "MultiPoint", "coordinates": [ [ 13045080.374050535261631, -71380.990044827325619 ] ] } },
{ "type": "Feature", "properties": { "facility_id": "COM01269.00", "facility_name": "Teguh Sinarabadi and Firman Ketaun Perkasa", "facility_other_names": "TSA, PT Teguh Sinarabadi, FKP, PT Firman Ketaun Perkasa, TSA/FKP", "facility_type": "Mine", "primary_commodity": "Coal", "commodities_products": "Bituminous coal", "facility_equipment": "Open pit", "production_start": 2007.0, "production_end": null, "activity_status": null, "activity_status_year": null, "surface_area_sq_km": null, "concession_area_sq_km": 162.15, "country": "Indonesia", "GID_0": "IDN", "GID_1": "IDN.15_1", "GID_2": "IDN.15.5_1", "GID_3": "IDN.15.5.4_1 ; IDN.15.5.15_1", "GID_4": "IDN.15.5.4.14_1 ; IDN.15.5.15.3_1", "source_id": "det_1522", "comment": "Concession Area:   =3505 + 12,710", "Reserves_data": [ { "id": 921, "year": 2019, "material": "F.coal", "commodity": NaN, "mineral_value_tonnes": 13000000.0, "commodity_value_tonnes": NaN, "grade_ppm": NaN, "source_id": "det_1519", "comment": NaN } ], "index_right": 44217, "ISO3_CODE": "IDN", "COUNTRY_NAME": "Indonesia", "AREA": 32.633288466215816, "distance": 0.0 }, "geometry": { "type": "MultiPoint", "coordinates": [ [ 12890009.379064474254847, -42454.306911924395536 ] ] } },
{ "type": "Feature", "properties": { "facility_id": "COM01043.00", "facility_name": "PT Santan Batubara", "facility_other_names": "SBB, SB", "facility_type": "Mine", "primary_commodity": "Coal", "commodities_products": "Thermal coal", "facility_equipment": "Open pit", "production_start": null, "production_end": null, "activity_status": null, "activity_status_year": null, "surface_area_sq_km": null, "concession_area_sq_km": 142.1, "country": "Indonesia", "GID_0": "IDN", "GID_1": "IDN.15_1", "GID_2": "IDN.15.6_1", "GID_3": "IDN.15.6.7_1", "GID_4": "IDN.15.6.7.9_1", "source_id": "det_1530", "comment": null, "Reserves_data": [ { "id": 743, "year": 2019, "material": "F.coal", "commodity": NaN, "mineral_value_tonnes": 16000000.0, "commodity_value_tonnes": NaN, "grade_ppm": NaN, "source_id": "det_2875", "comment": NaN } ], "index_right": 44234, "ISO3_CODE": "IDN", "COUNTRY_NAME": "Indonesia", "AREA": 12.752275084594769, "distance": 0.0 }, "geometry": { "type": "MultiPoint", "coordinates": [ [ 13057477.719875298440456, -7218.171252406852545 ] ] } },
{ "type": "Feature", "properties": { "facility_id": "COM01038.00", "facility_name": "PT Kitadin", "facility_other_names": "KTD, Kitadin", "facility_type": "Mine", "primary_commodity": "Coal", "commodities_products": "Coal", "facility_equipment": null, "production_start": null, "production_end": null, "activity_status": null, "activity_status_year": null, "surface_area_sq_km": null, "concession_area_sq_km": 53.11, "country": "Indonesia", "GID_0": "IDN", "GID_1": "IDN.15_1", "GID_2": "IDN.15.6_1", "GID_3": "IDN.15.6.17_1", "GID_4": "IDN.15.6.17.5_1", "source_id": "det_1531", "comment": null, "Reserves_data": [ { "id": 739, "year": 2020, "material": "F.coal", "commodity": NaN, "mineral_value_tonnes": 1800000.0, "commodity_value_tonnes": NaN, "grade_ppm": NaN, "source_id": "det_1531", "comment": NaN } ], "index_right": 44235, "ISO3_CODE": "IDN", "COUNTRY_NAME": "Indonesia", "AREA": 7.0096174564450546, "distance": 0.0 }, "geometry": { "type": "MultiPoint", "coordinates": [ [ 13034015.832003094255924, -35729.724710990973108 ] ] } },
{ "type": "Feature", "properties": { "facility_id": "COM01246.00", "facility_name": "Tabang Project", "facility_other_names": "Tabang Concessions", "facility_type": "Mine", "primary_commodity": "Coal", "commodities_products": "Sub-bituminous coal", "facility_equipment": "Open pit", "production_start": null, "production_end": null, "activity_status": null, "activity_status_year": null, "surface_area_sq_km": null, "concession_area_sq_km": null, "country": "Indonesia", "GID_0": "IDN", "GID_1": "IDN.15_1", "GID_2": "IDN.15.6_1", "GID_3": "IDN.15.6.16_1", "GID_4": "IDN.15.6.16.18_1", "source_id": "det_1519", "comment": null, "Reserves_data": [ { "id": 899, "year": 2019, "material": "F.coal", "commodity": NaN, "mineral_value_tonnes": 362000000.0, "commodity_value_tonnes": NaN, "grade_ppm": NaN, "source_id": "det_1519", "comment": NaN } ], "index_right": 44238, "ISO3_CODE": "IDN", "COUNTRY_NAME": "Indonesia", "AREA": 27.961087255193082, "distance": 0.0 }, "geometry": { "type": "MultiPoint", "coordinates": [ [ 12926824.908007429912686, 58849.416250279246015 ] ] } },
{ "type": "Feature", "properties": { "facility_id": "COM00553.00", "facility_name": "Iduapriem", "facility_other_names": null, "facility_type": "Mine", "primary_commodity": "Gold", "commodities_products": "Gold", "facility_equipment": "Open pit", "production_start": null, "production_end": null, "activity_status": null, "activity_status_year": null, "surface_area_sq_km": null, "concession_area_sq_km": null, "country": "Ghana", "GID_0": "GHA", "GID_1": "GHA.10_1", "GID_2": "GHA.10.13_1", "GID_3": null, "GID_4": null, "source_id": "det_1057", "comment": null, "Reserves_data": [ { "id": 371, "year": 2018, "material": "O.Au", "commodity": "Me.Au", "mineral_value_tonnes": 39130000.0, "commodity_value_tonnes": 46.2097227019, "grade_ppm": 1.3, "source_id": "det_2833", "comment": NaN } ], "index_right": 44263, "ISO3_CODE": "GHA", "COUNTRY_NAME": "Ghana", "AREA": 7.2990968288635409, "distance": 0.0 }, "geometry": { "type": "MultiPoint", "coordinates": [ [ -227482.047352999274153, 584429.342474001925439 ] ] } },
{ "type": "Feature", "properties": { "facility_id": "COM00368.00", "facility_name": "Edikan", "facility_other_names": "EGM, Edikan Gold Mine, Central Ashanti Gold Project, CAGP", "facility_type": "Mine", "primary_commodity": "Gold", "commodities_products": "Gold", "facility_equipment": "Open pit", "production_start": 2012.0, "production_end": null, "activity_status": null, "activity_status_year": null, "surface_area_sq_km": null, "concession_area_sq_km": null, "country": "Ghana", "GID_0": "GHA", "GID_1": "GHA.3_1", "GID_2": "GHA.3.13_1", "GID_3": null, "GID_4": null, "source_id": "det_1455", "comment": null, "Reserves_data": [ { "id": 256, "year": 2020, "material": "O.Au", "commodity": "Me.Au", "mineral_value_tonnes": 42100000.0, "commodity_value_tonnes": 41.872245471, "grade_ppm": 1.09, "source_id": "det_2853", "comment": NaN } ], "index_right": 44288, "ISO3_CODE": "GHA", "COUNTRY_NAME": "Ghana", "AREA": 303.35025834700605, "distance": 0.0 }, "geometry": { "type": "MultiPoint", "coordinates": [ [ -215196.738945096672978, 664937.136993728927337 ] ] } },
{ "type": "Feature", "properties": { "facility_id": "COM01248.00", "facility_name": "Taganito", "facility_other_names": "TMC", "facility_type": "Mine", "primary_commodity": "Other (poly)-metallic", "commodities_products": "Nickel", "facility_equipment": null, "production_start": null, "production_end": null, "activity_status": null, "activity_status_year": null, "surface_area_sq_km": null, "concession_area_sq_km": null, "country": "Philippines", "GID_0": "PHL", "GID_1": "PHL.74_1", "GID_2": "PHL.74.4_1", "GID_3": "PHL.74.4.13_1", "GID_4": null, "source_id": "det_1443", "comment": null, "Reserves_data": [ { "id": 900, "year": 2019, "material": "O.bulk", "commodity": "Me.Fe", "mineral_value_tonnes": 35092000.0, "commodity_value_tonnes": NaN, "grade_ppm": NaN, "source_id": "det_1447", "comment": NaN }, { "id": 901, "year": 2019, "material": "O.bulk", "commodity": "Me.Ni", "mineral_value_tonnes": 35092000.0, "commodity_value_tonnes": 512330.00000000006, "grade_ppm": 14600.0, "source_id": "det_1447", "comment": NaN }, { "id": 902, "year": 2019, "material": "O.Fe", "commodity": "Me.Fe", "mineral_value_tonnes": 71208000.0, "commodity_value_tonnes": NaN, "grade_ppm": NaN, "source_id": "det_1447", "comment": NaN }, { "id": 903, "year": 2019, "material": "O.Fe", "commodity": "Me.Ni", "mineral_value_tonnes": 71208000.0, "commodity_value_tonnes": 733440.0, "grade_ppm": 10300.0, "source_id": "det_1447", "comment": NaN } ], "index_right": 44339, "ISO3_CODE": "PHL", "COUNTRY_NAME": "Philippines", "AREA": 9.8071953507006295, "distance": 0.0 }, "geometry": { "type": "MultiPoint", "coordinates": [ [ 14005948.437504252418876, 1066468.529299963731319 ] ] } },
{ "type": "Feature", "properties": { "facility_id": "COM01299.00", "facility_name": "Tuhup", "facility_other_names": "PT Asmin Koalindo Tuhup", "facility_type": "Mine", "primary_commodity": "Coal", "commodities_products": "Metallurgical coal", "facility_equipment": null, "production_start": 2009.0, "production_end": null, "activity_status": null, "activity_status_year": null, "surface_area_sq_km": 9.1673, "concession_area_sq_km": 216.3, "country": "Indonesia", "GID_0": "IDN", "GID_1": "IDN.14_1", "GID_2": "IDN.14.10_1", "GID_3": "IDN.14.10.1_1 ; IDN.14.10.2_1", "GID_4": "IDN.14.10.1.7_1 ; IDN.14.10.2.16_1", "source_id": "det_1523", "comment": null, "Reserves_data": [ { "id": 953, "year": 2013, "material": "F.coal", "commodity": NaN, "mineral_value_tonnes": 167800000.0, "commodity_value_tonnes": NaN, "grade_ppm": NaN, "source_id": "det_2441", "comment": NaN } ], "index_right": 44347, "ISO3_CODE": "IDN", "COUNTRY_NAME": "Indonesia", "AREA": 31.029473235680154, "distance": 0.0 }, "geometry": { "type": "MultiPoint", "coordinates": [ [ 12785734.600564839318395, -45889.773510304781666 ] ] } },
{ "type": "Feature", "properties": { "facility_id": "COM00219.00", "facility_name": "CEMESA", "facility_other_names": "CEMESA Unit, Cerro del Mercado", "facility_type": "Mine", "primary_commodity": "Iron", "commodities_products": "Iron ore", "facility_equipment": "Open pit", "production_start": null, "production_end": null, "activity_status": null, "activity_status_year": null, "surface_area_sq_km": null, "concession_area_sq_km": null, "country": "Mexico", "GID_0": "MEX", "GID_1": "MEX.10_1", "GID_2": "MEX.10.5_1", "GID_3": null, "GID_4": null, "source_id": "det_1371", "comment": null, "Reserves_data": [ { "id": 138, "year": 2018, "material": "O.Fe", "commodity": "Me.Fe", "mineral_value_tonnes": 23700000.0, "commodity_value_tonnes": NaN, "grade_ppm": NaN, "source_id": "det_1371", "comment": NaN } ], "index_right": 44379, "ISO3_CODE": "MEX", "COUNTRY_NAME": "Mexico", "AREA": 3.6235396070112729, "distance": 0.0 }, "geometry": { "type": "MultiPoint", "coordinates": [ [ -11652383.26362906396389, 2760177.278268265537918 ] ] } },
{ "type": "Feature", "properties": { "facility_id": "COM00695.00", "facility_name": "La Colorada", "facility_other_names": null, "facility_type": "Mine", "primary_commodity": "Silver", "commodities_products": "Silver, Gold, Zinc, Lead", "facility_equipment": "Underground, Oxide leach plant", "production_start": 1925.0, "production_end": null, "activity_status": null, "activity_status_year": null, "surface_area_sq_km": null, "concession_area_sq_km": 88.4, "country": "Mexico", "GID_0": "MEX", "GID_1": "MEX.26_1", "GID_2": "MEX.26.35_1", "GID_3": null, "GID_4": null, "source_id": "det_1380", "comment": null, "Reserves_data": [ { "id": 471, "year": 2019, "material": "O.bulk", "commodity": "Me.Ag", "mineral_value_tonnes": 9000000.0, "commodity_value_tonnes": NaN, "grade_ppm": NaN, "source_id": "det_1380", "comment": NaN }, { "id": 472, "year": 2019, "material": "O.bulk", "commodity": "Me.Au", "mineral_value_tonnes": 9000000.0, "commodity_value_tonnes": NaN, "grade_ppm": NaN, "source_id": "det_1380", "comment": NaN }, { "id": 473, "year": 2019, "material": "O.bulk", "commodity": "Me.Pb", "mineral_value_tonnes": 9000000.0, "commodity_value_tonnes": NaN, "grade_ppm": NaN, "source_id": "det_1380", "comment": NaN }, { "id": 474, "year": 2019, "material": "O.bulk", "commodity": "Me.Zn", "mineral_value_tonnes": 9000000.0, "commodity_value_tonnes": NaN, "grade_ppm": NaN, "source_id": "det_1380", "comment": NaN } ], "index_right": 44400, "ISO3_CODE": "MEX", "COUNTRY_NAME": "Mexico", "AREA": 4.7396202213917791, "distance": 0.0 }, "geometry": { "type": "MultiPoint", "coordinates": [ [ -12308967.26959041133523, 3350753.320738781709224 ] ] } },
{ "type": "Feature", "properties": { "facility_id": "COM00178.00", "facility_name": "Buenavista", "facility_other_names": "Cananea, Buenavista del Cobre", "facility_type": "Mine", "primary_commodity": "Copper", "commodities_products": "Copper, Molybdenum, Copper Cathode, Silver", "facility_equipment": "Open pit, SX-EW plant", "production_start": 1899.0, "production_end": null, "activity_status": null, "activity_status_year": null, "surface_area_sq_km": null, "concession_area_sq_km": null, "country": "Mexico", "GID_0": "MEX", "GID_1": "MEX.26_1", "GID_2": "MEX.26.18_1", "GID_3": null, "GID_4": null, "source_id": "det_1014", "comment": null, "Reserves_data": [ { "id": 100, "year": 2018, "material": "O.sul", "commodity": "Me.Cu", "mineral_value_tonnes": 4102003000.0, "commodity_value_tonnes": NaN, "grade_ppm": NaN, "source_id": "det_2840", "comment": NaN }, { "id": 101, "year": 2018, "material": "O.sul", "commodity": "Me.Mo", "mineral_value_tonnes": 4102003000.0, "commodity_value_tonnes": NaN, "grade_ppm": NaN, "source_id": "det_2840", "comment": NaN } ], "index_right": 44416, "ISO3_CODE": "MEX", "COUNTRY_NAME": "Mexico", "AREA": 73.073489436922912, "distance": 0.0 }, "geometry": { "type": "MultiPoint", "coordinates": [ [ -12280432.410556897521019, 3630852.603276609443128 ] ] } },
{ "type": "Feature", "properties": { "facility_id": "COM01280.00", "facility_name": "Tianchi", "facility_other_names": "Shanxi Nenghua", "facility_type": "Mine", "primary_commodity": "Coal", "commodities_products": "Thermal coal", "facility_equipment": "Underground", "production_start": 2006.0, "production_end": null, "activity_status": null, "activity_status_year": null, "surface_area_sq_km": null, "concession_area_sq_km": null, "country": "China", "GID_0": "CHN", "GID_1": "CHN.25_1", "GID_2": "CHN.25.4_1", "GID_3": "CHN.25.4.1_1", "GID_4": null, "source_id": "det_1490", "comment": null, "Reserves_data": [ { "id": 940, "year": 2020, "material": "F.coal", "commodity": NaN, "mineral_value_tonnes": 12000000.0, "commodity_value_tonnes": NaN, "grade_ppm": NaN, "source_id": "det_1489", "comment": NaN } ], "index_right": 44459, "ISO3_CODE": "CHN", "COUNTRY_NAME": "China", "AREA": 3.4577028144381892, "distance": 829.88756187897832 }, "geometry": { "type": "MultiPoint", "coordinates": [ [ 12631823.227344894781709, 4472513.249906159937382 ] ] } },
{ "type": "Feature", "properties": { "facility_id": "COM00802.00", "facility_name": "Miaogou & Sanguikou", "facility_other_names": "Wulatehouqi, Wulatehouqi Zijin Mining, Wuhou Zijin", "facility_type": "Mine", "primary_commodity": "Zinc", "commodities_products": "Zinc, Lead, Copper, Sulfur, Silver", "facility_equipment": "Underground", "production_start": null, "production_end": null, "activity_status": null, "activity_status_year": null, "surface_area_sq_km": null, "concession_area_sq_km": null, "country": "China", "GID_0": "CHN", "GID_1": "CHN.19_1", "GID_2": "CHN.19.3_1", "GID_3": "CHN.19.3.4_1", "GID_4": null, "source_id": "det_1329", "comment": null, "Reserves_data": [ { "id": 554, "year": 2018, "material": "O.bulk", "commodity": "Me.Zn", "mineral_value_tonnes": NaN, "commodity_value_tonnes": 1469829.0, "grade_ppm": 23900.0, "source_id": "det_1332", "comment": NaN } ], "index_right": 44463, "ISO3_CODE": "CHN", "COUNTRY_NAME": "China", "AREA": 0.66143030381037737, "distance": 302.392132443766 }, "geometry": { "type": "MultiPoint", "coordinates": [ [ 11921929.656983966007829, 5031874.580388049595058 ] ] } },
{ "type": "Feature", "properties": { "facility_id": "COM00874.00", "facility_name": "Musselwhite", "facility_other_names": null, "facility_type": "Mine", "primary_commodity": "Gold", "commodities_products": "Gold", "facility_equipment": "Underground", "production_start": null, "production_end": null, "activity_status": null, "activity_status_year": null, "surface_area_sq_km": null, "concession_area_sq_km": null, "country": "Canada", "GID_0": "CAN", "GID_1": "CAN.9_1", "GID_2": "CAN.9.20_1", "GID_3": "CAN.9.20.18_1", "GID_4": null, "source_id": "det_1151", "comment": null, "Reserves_data": [ { "id": 611, "year": 2006, "material": "O.Au", "commodity": "Me.Au", "mineral_value_tonnes": 8686520.376175549, "commodity_value_tonnes": 50.21153760188088, "grade_ppm": 6.339999999999999, "source_id": "det_2871", "comment": NaN }, { "id": 612, "year": 2019, "material": "O.Au", "commodity": "Me.Au", "mineral_value_tonnes": 10900000.0, "commodity_value_tonnes": 59.25050307, "grade_ppm": 5.386409394699999, "source_id": "det_1151", "comment": NaN } ], "index_right": 44510, "ISO3_CODE": "CAN", "COUNTRY_NAME": "Canada", "AREA": 11.580224434507832, "distance": 0.0 }, "geometry": { "type": "MultiPoint", "coordinates": [ [ -10059533.328387262299657, 6911464.770461894571781 ] ] } },
{ "type": "Feature", "properties": { "facility_id": "COM01187.00", "facility_name": "Sibirginsky", "facility_other_names": "Sibirginskaya", "facility_type": "Mine", "primary_commodity": "Coal", "commodities_products": "Coking coal, Thermal coal", "facility_equipment": "Open pit, Underground", "production_start": 1970.0, "production_end": null, "activity_status": null, "activity_status_year": null, "surface_area_sq_km": null, "concession_area_sq_km": 18.8, "country": "Russian Federation", "GID_0": "RUS", "GID_1": "RUS.27_1", "GID_2": "RUS.27.20_1", "GID_3": "RUS.27.20.1_1", "GID_4": null, "source_id": "det_1561", "comment": "part of Southern Kuzbass Coal Company PJSC", "Reserves_data": [ { "id": 859, "year": 2020, "material": "F.coal", "commodity": NaN, "mineral_value_tonnes": 203286000.0, "commodity_value_tonnes": NaN, "grade_ppm": NaN, "source_id": "det_1561", "comment": NaN } ], "index_right": 44511, "ISO3_CODE": "RUS", "COUNTRY_NAME": "Russian Federation", "AREA": 27.444678935000628, "distance": 163.96973773619183 }, "geometry": { "type": "MultiPoint", "coordinates": [ [ 9777335.959935942664742, 7097776.453054202720523 ] ] } },
{ "type": "Feature", "properties": { "facility_id": "COM00676.00", "facility_name": "Krasnogorsky", "facility_other_names": null, "facility_type": "Mine", "primary_commodity": "Coal", "commodities_products": "Thermal coal, Anthracite", "facility_equipment": "Open pit", "production_start": 1954.0, "production_end": null, "activity_status": null, "activity_status_year": null, "surface_area_sq_km": null, "concession_area_sq_km": 25.2, "country": "Russian Federation", "GID_0": "RUS", "GID_1": "RUS.27_1", "GID_2": "RUS.27.20_1", "GID_3": "RUS.27.20.1_1", "GID_4": null, "source_id": "det_1561", "comment": "part of Southern Kuzbass Coal Company PJSC", "Reserves_data": [ { "id": 456, "year": 2020, "material": "F.coal", "commodity": NaN, "mineral_value_tonnes": 183961000.0, "commodity_value_tonnes": NaN, "grade_ppm": NaN, "source_id": "det_1561", "comment": NaN } ], "index_right": 44513, "ISO3_CODE": "RUS", "COUNTRY_NAME": "Russian Federation", "AREA": 109.08952901160072, "distance": 0.0 }, "geometry": { "type": "MultiPoint", "coordinates": [ [ 9791006.575526878237724, 7100083.870039079338312 ] ] } },
{ "type": "Feature", "properties": { "facility_id": "COM01288.00", "facility_name": "Tomusinsky", "facility_other_names": null, "facility_type": "Mine", "primary_commodity": "Coal", "commodities_products": "Coking coal, Thermal coal", "facility_equipment": "Open pit", "production_start": 1959.0, "production_end": null, "activity_status": null, "activity_status_year": null, "surface_area_sq_km": null, "concession_area_sq_km": 6.7, "country": "Russian Federation", "GID_0": "RUS", "GID_1": "RUS.27_1", "GID_2": "RUS.27.20_1", "GID_3": "RUS.27.20.1_1", "GID_4": null, "source_id": "det_1561", "comment": "part of Southern Kuzbass Coal Company PJSC", "Reserves_data": [ { "id": 944, "year": 2020, "material": "F.coal", "commodity": NaN, "mineral_value_tonnes": 8603000.0, "commodity_value_tonnes": NaN, "grade_ppm": NaN, "source_id": "det_1561", "comment": NaN } ], "index_right": 44513, "ISO3_CODE": "RUS", "COUNTRY_NAME": "Russian Federation", "AREA": 109.08952901160072, "distance": 0.0 }, "geometry": { "type": "MultiPoint", "coordinates": [ [ 9781370.917815782129765, 7101424.858942104503512 ] ] } },
{ "type": "Feature", "properties": { "facility_id": "COM01234.00", "facility_name": "SUEK Kemerovo", "facility_other_names": null, "facility_type": "Mine", "primary_commodity": "Coal", "commodities_products": "Hard coal", "facility_equipment": null, "production_start": null, "production_end": null, "activity_status": null, "activity_status_year": null, "surface_area_sq_km": null, "concession_area_sq_km": null, "country": "Russian Federation", "GID_0": "RUS", "GID_1": "RUS.27_1", "GID_2": "RUS.27.13_1 ; RUS.27.24_1", "GID_3": "RUS.27.13.1_1 ; RUS.27.24.1_1", "GID_4": null, "source_id": "det_1553", "comment": null, "Reserves_data": [ { "id": 886, "year": 2020, "material": "F.coc", "commodity": NaN, "mineral_value_tonnes": 1966000000.0, "commodity_value_tonnes": NaN, "grade_ppm": NaN, "source_id": "det_2882", "comment": NaN } ], "index_right": 44517, "ISO3_CODE": "RUS", "COUNTRY_NAME": "Russian Federation", "AREA": 176.47982039112196, "distance": 0.0 }, "geometry": { "type": "MultiPoint", "coordinates": [ [ 9688288.096485543996096, 7212849.888375842012465 ] ] } },
{ "type": "Feature", "properties": { "facility_id": "COM00938.00", "facility_name": "Olzherassky", "facility_other_names": "Olzherasskaya-\u0002Novaya", "facility_type": "Mine", "primary_commodity": "Coal", "commodities_products": "Thermal coal, Coking coal", "facility_equipment": "Underground, Open pit", "production_start": 2001.0, "production_end": null, "activity_status": null, "activity_status_year": null, "surface_area_sq_km": null, "concession_area_sq_km": 41.8, "country": "Russian Federation", "GID_0": "RUS", "GID_1": "RUS.27_1", "GID_2": "RUS.27.17_1", "GID_3": "RUS.27.17.1_1", "GID_4": null, "source_id": "det_1561", "comment": "part of Southern Kuzbass Coal Company PJSC", "Reserves_data": [ { "id": 664, "year": 2020, "material": "F.coal", "commodity": NaN, "mineral_value_tonnes": 87867000.0, "commodity_value_tonnes": NaN, "grade_ppm": NaN, "source_id": "det_1561", "comment": NaN } ], "index_right": 44523, "ISO3_CODE": "RUS", "COUNTRY_NAME": "Russian Federation", "AREA": 31.415326727123851, "distance": 0.0 }, "geometry": { "type": "MultiPoint", "coordinates": [ [ 9811324.958334881812334, 7138738.275757006369531 ] ] } },
{ "type": "Feature", "properties": { "facility_id": "COM00399.00", "facility_name": "Estevan", "facility_other_names": "Boundary Dam, Bienfait", "facility_type": "Mine", "primary_commodity": "Coal", "commodities_products": "Lignite, Coal", "facility_equipment": "Surface", "production_start": 1973.0, "production_end": null, "activity_status": null, "activity_status_year": null, "surface_area_sq_km": null, "concession_area_sq_km": null, "country": "Canada", "GID_0": "CAN", "GID_1": "CAN.12_1", "GID_2": "CAN.12.10_1", "GID_3": "CAN.12.10.15_1 ; CAN.12.10.18_1", "GID_4": null, "source_id": "det_1427", "comment": null, "Reserves_data": [ { "id": 279, "year": 2017, "material": "F.lig", "commodity": NaN, "mineral_value_tonnes": 113976979.2, "commodity_value_tonnes": NaN, "grade_ppm": NaN, "source_id": "det_1427", "comment": NaN } ], "index_right": 44537, "ISO3_CODE": "CAN", "COUNTRY_NAME": "Canada", "AREA": 60.829265976939674, "distance": 0.0 }, "geometry": { "type": "MultiPoint", "coordinates": [ [ -11453247.901001192629337, 6290759.487002152949572 ] ] } },
{ "type": "Feature", "properties": { "facility_id": "COM00357.00", "facility_name": "Duobaoshan", "facility_other_names": "Heilongjiang Duobaoshan, Heilongjiang Duobaoshan Copper Co", "facility_type": "Mine", "primary_commodity": "Copper", "commodities_products": "Copper, Copper cathode", "facility_equipment": "Open Pit, Underground", "production_start": null, "production_end": null, "activity_status": null, "activity_status_year": null, "surface_area_sq_km": null, "concession_area_sq_km": null, "country": "China", "GID_0": "CHN", "GID_1": "CHN.11_1", "GID_2": "CHN.11.5_1", "GID_3": "CHN.11.5.4_1", "GID_4": null, "source_id": "det_1325", "comment": null, "Reserves_data": [ { "id": 247, "year": 2018, "material": "O.Cu", "commodity": "Me.Cu", "mineral_value_tonnes": NaN, "commodity_value_tonnes": 549778.0, "grade_ppm": 5000.0, "source_id": "det_1332", "comment": NaN } ], "index_right": 44603, "ISO3_CODE": "CHN", "COUNTRY_NAME": "China", "AREA": 6.1113701267370626, "distance": 0.0 }, "geometry": { "type": "MultiPoint", "coordinates": [ [ 14003377.108800919726491, 6469463.603828201070428 ] ] } },
{ "type": "Feature", "properties": { "facility_id": "COM00332.00", "facility_name": "Diavik", "facility_other_names": null, "facility_type": "Mine", "primary_commodity": "Other mine", "commodities_products": "Diamonds", "facility_equipment": null, "production_start": 2003.0, "production_end": null, "activity_status": null, "activity_status_year": null, "surface_area_sq_km": null, "concession_area_sq_km": null, "country": "Canada", "GID_0": "CAN", "GID_1": "CAN.6_1", "GID_2": "CAN.6.1_1", "GID_3": "CAN.6.1.8_1", "GID_4": null, "source_id": "det_1065", "comment": null, "Reserves_data": [ { "id": 232, "year": 2018, "material": "O.dig", "commodity": "Nm.dia", "mineral_value_tonnes": 12000000.0, "commodity_value_tonnes": NaN, "grade_ppm": NaN, "source_id": "det_1065", "comment": NaN } ], "index_right": 44610, "ISO3_CODE": "CAN", "COUNTRY_NAME": "Canada", "AREA": 15.068013970949405, "distance": 509.3790016301341 }, "geometry": { "type": "MultiPoint", "coordinates": [ [ -12275381.640601953491569, 9474857.696241879835725 ] ] } },
{ "type": "Feature", "properties": { "facility_id": "COM00684.00", "facility_name": "Kupol", "facility_other_names": null, "facility_type": "Mine", "primary_commodity": "Gold", "commodities_products": "Gold, Silver", "facility_equipment": "Underground", "production_start": null, "production_end": null, "activity_status": null, "activity_status_year": null, "surface_area_sq_km": null, "concession_area_sq_km": null, "country": "Russian Federation", "GID_0": "RUS", "GID_1": "RUS.12_1", "GID_2": "RUS.12.1_1", "GID_3": "RUS.12.1.1_1", "GID_4": null, "source_id": "det_1049", "comment": null, "Reserves_data": [ { "id": 459, "year": 2018, "material": "O.Au", "commodity": "Me.Ag", "mineral_value_tonnes": 5100000.0, "commodity_value_tonnes": 428.1344963460001, "grade_ppm": 92.1, "source_id": "det_2836", "comment": NaN }, { "id": 460, "year": 2018, "material": "O.Au", "commodity": "Me.Au", "mineral_value_tonnes": 5100000.0, "commodity_value_tonnes": 38.83884651, "grade_ppm": 8.4, "source_id": "det_2836", "comment": NaN } ], "index_right": 44650, "ISO3_CODE": "RUS", "COUNTRY_NAME": "Russian Federation", "AREA": 8.4978120575634275, "distance": 0.0 }, "geometry": { "type": "MultiPoint", "coordinates": [ [ 18874958.469196029007435, 10095592.258878272026777 ] ] } }
]
}
