Facility_ID,Location [POINT],Area [SQ_KM?],Ecoregion_ID,Country,Commodity_Name,Commodity [kg],Commodity_Price [€/kg],Total commodity price [€],Total facility commodity price [€],Commodity Factor [m2/kg]
COM00001.00,POINT (-101.8794642 54.7748162),6.342012098978308,50609.0,Canada,Silver,20720.0,445.0,9220400.0,232343159.15999997,12.146668721595029
COM00001.00,POINT (-101.8794642 54.7748162),6.342012098978308,50609.0,Canada,Gold,1787.0,35300.0,63081100.0,232343159.15999997,963.5447322973134
COM00001.00,POINT (-101.8794642 54.7748162),6.342012098978308,50609.0,Canada,Copper,15204013.0,5.52,83926151.75999999,232343159.15999997,0.15067328391731358
COM00001.00,POINT (-101.8794642 54.7748162),6.342012098978308,50609.0,Canada,Zinc,35734980.0,2.13,76115507.39999999,232343159.15999997,0.05814023455505036
COM00013.00,POINT (20.963622999999995 67.0750732),32.18933146953547,80608.0,Sweden,Silver,54894.0,445.0,24427830.0,682102830.0,21.000136451483836
COM00013.00,POINT (20.963622999999995 67.0750732),32.18933146953547,80608.0,Sweden,Gold,3150.0,35300.0,111195000.0,682102830.0,1665.8535207581558
COM00013.00,POINT (20.963622999999995 67.0750732),32.18933146953547,80608.0,Sweden,Copper,99000000.0,5.52,546480000.0,682102830.0,0.2604960746341366
COM00014.00,POINT (77.7057287218153 48.6268186061024),5.644400063026411,81318.0,Kazakhstan,Silver,29683.0,445.0,13208935.0,301607647.0,8.327899020566786
COM00014.00,POINT (77.7057287218153 48.6268186061024),5.644400063026411,81318.0,Kazakhstan,Gold,1125.0,35300.0,39712500.0,301607647.0,660.6176076988933
COM00014.00,POINT (77.7057287218153 48.6268186061024),5.644400063026411,81318.0,Kazakhstan,Copper,35541400.0,5.52,196188527.99999997,301607647.0,0.10330337661467112
COM00014.00,POINT (77.7057287218153 48.6268186061024),5.644400063026411,81318.0,Kazakhstan,Zinc,24646800.0,2.13,52497684.0,301607647.0,0.039861629019791574
COM00015.00,POINT (79.9318158 46.9524266),11.477342303648005,81318.0,Kazakhstan,Copper,110600000.0,5.52,610512000.0,759815150.0,0.08338202984783466
COM00015.00,POINT (79.9318158 46.9524266),11.477342303648005,81318.0,Kazakhstan,Copper cathode,25700000.0,5.52,141864000.0,759815150.0,0.08338202984783469
COM00015.00,POINT (79.9318158 46.9524266),11.477342303648005,81318.0,Kazakhstan,Silver,15210.0,445.0,6768450.0,759815150.0,6.721920884472179
COM00015.00,POINT (79.9318158 46.9524266),11.477342303648005,81318.0,Kazakhstan,Gold,19.0,35300.0,670700.0,759815150.0,533.2220387008268
COM00016.00,POINT (-1.0231408999999998 6.3456449),11.203950931722607,30111.0,Ghana,Gold,11963.0,35300.0,422293900.0,422293900.0,936.5502743227123
COM00021.00,POINT (-8.1532132 37.87661669999999),1.0891104694908602,81221.0,Portugal,Zinc,190000.0,2.13,404700.0,404700.0,5.732160365741369
COM00031.00,POINT (-66.6090625 -27.330636800000004),6.362276561546436,61010.0,Argentina,Silver,4423.0,445.0,1968235.0,218106835.0,12.980854405081638
COM00031.00,POINT (-66.6090625 -27.330636800000004),6.362276561546436,61010.0,Argentina,Gold,3402.0,35300.0,120090600.0,218106835.0,1029.7172146053522
COM00031.00,POINT (-66.6090625 -27.330636800000004),6.362276561546436,61010.0,Argentina,Copper,17400000.0,5.52,96048000.0,218106835.0,0.16102093554168684
COM00033.00,POINT (27.3498955 -24.784390800000004),0.2934711007589227,30717.0,South Africa,PGM,18914.0,54375.6,1028460098.4,1550582998.4,10.291398269485164
COM00033.00,POINT (27.3498955 -24.784390800000004),0.2934711007589227,30717.0,South Africa,Palladium,6379.0,28100.0,179249900.0,1550582998.4,5.31834667337065
COM00033.00,POINT (27.3498955 -24.784390800000004),0.2934711007589227,30717.0,South Africa,Platinum,13770.0,24900.0,342873000.0,1550582998.4,4.712698653627372
COM00035.00,POINT (48.31224496291279 -18.8265594469625),7.5823163140906855,30117.0,Madagascar,Cobalt,2900000.0,32.1,93090000.0,514756662.5,0.47282992414364533
COM00035.00,POINT (48.31224496291279 -18.8265594469625),7.5823163140906855,30117.0,Madagascar,Nickel,33733333.0,12.5,421666662.5,514756662.5,0.184123802236622
COM00041.00,POINT (-70.25489939689129 -33.092020302600304),1.9973468811443333,61008.0,Chile,Silver,48883.0,445.0,21752935.0,1195287055.0,0.7436032695169014
COM00041.00,POINT (-70.25489939689129 -33.092020302600304),1.9973468811443333,61008.0,Chile,Copper,195531000.0,5.52,1079331120.0,1195287055.0,0.009224022579175945
COM00041.00,POINT (-70.25489939689129 -33.092020302600304),1.9973468811443333,61008.0,Chile,Molybdenum,3489000.0,27.0,94203000.0,1195287055.0,0.0451175017459693
COM00042.00,POINT (-49.8163888888888 -7.4605556),0.6939604417191704,60180.0,Brazil,Gold,273.0,35300.0,9636900.0,9636900.0,2541.9796399969614
COM00048.00,POINT (-77.03632999999999 -9.565272199999999),39.211936009142285,61003.0,Peru,Copper,446100000.0,5.52,2462472000.0,3459200334.0,0.06257223227085448
COM00048.00,POINT (-77.03632999999999 -9.565272199999999),39.211936009142285,61003.0,Peru,Molybdenum,4626642.0,27.0,124919334.0,3459200334.0,0.3060598317596143
COM00048.00,POINT (-77.03632999999999 -9.565272199999999),39.211936009142285,61003.0,Peru,Zinc,409300000.0,2.13,871809000.0,3459200334.0,0.02414472006103624
COM00050.00,POINT (-75.0710675081742 -13.973847041113698),1.11480952935242,61315.0,Peru,Silver,117.0,445.0,52065.0,616865.0,804.2120084002609
COM00050.00,POINT (-75.0710675081742 -13.973847041113698),1.11480952935242,61315.0,Peru,Gold,16.0,35300.0,564800.0,616865.0,63794.79527309934
COM00051.00,POINT (-49.752962380958095 -6.240522467242941),0.8264501046809886,60140.0,Brazil,Gold,175.0,35300.0,6177500.0,43768700.0,666.5422709662132
COM00051.00,POINT (-49.752962380958095 -6.240522467242941),0.8264501046809886,60140.0,Brazil,Copper,6810000.0,5.52,37591200.0,43768700.0,0.10422983953919254
COM00054.00,POINT (-69.8374174041401 -22.629118315611297),79.82197991643505,61303.0,Chile,Copper,71900000.0,5.52,396887999.99999994,396887999.99999994,1.1101805273495835
COM00069.00,POINT (81.7826042963516 50.60001727404499),1.1526948161795474,80810.0,Kazakhstan,Silver,50920.0,445.0,22659400.0,205236234.0,2.4993110777890153
COM00069.00,POINT (81.7826042963516 50.60001727404499),1.1526948161795474,80810.0,Kazakhstan,Gold,484.0,35300.0,17085200.0,205236234.0,198.2599574066343
COM00069.00,POINT (81.7826042963516 50.60001727404499),1.1526948161795474,80810.0,Kazakhstan,Copper,19373200.0,5.52,106940063.99999999,205236234.0,0.03100269022336037
COM00069.00,POINT (81.7826042963516 50.60001727404499),1.1526948161795474,80810.0,Kazakhstan,Zinc,27489000.0,2.13,58551570.0,205236234.0,0.011962994597057536
COM00072.00,POINT (86.3385483058187 48.2896770021359),0.4181541224930922,81317.0,China,Silver,29545.0,445.0,13147525.0,278114215.0,0.6690725409681991
COM00072.00,POINT (86.3385483058187 48.2896770021359),0.4181541224930922,81317.0,China,Copper,44528000.0,5.52,245794559.99999997,278114215.0,0.008299506575605525
COM00072.00,POINT (86.3385483058187 48.2896770021359),0.4181541224930922,81317.0,China,Zinc,9001000.0,2.13,19172130.0,278114215.0,0.0032025269938477847
COM00084.00,POINT (-113.21113579999998 34.584728199999994),39.24246090062153,51310.0,United States of America,Copper,98883137.0,5.52,545834916.24,545834916.24,0.3968569575277687
COM00088.00,POINT (-115.6136584 39.9428052),2.1906930935776567,51305.0,United States of America,Gold,8852.0,35300.0,312475600.0,312475600.0,247.48001509011036
COM00099.00,POINT (-112.1342076 40.5939721),0.35483436116122663,51305.0,United States of America,Gold,11.0,35300.0,388300.0,388300.0,32257.669196475148
COM00100.00,POINT (-48.943620111886794 -15.0756265720048),2.874691725169271,60704.0,Brazil,Nickel,34900000.0,12.5,436250000.0,436250000.0,0.0823693904059963
COM00104.00,POINT (116.85884343297296 -8.967226650975899),35.203074136928954,10201.0,Indonesia,Gold,1573.0,35300.0,55526900.0,381775934.71999997,3254.968173792786
COM00104.00,POINT (116.85884343297296 -8.967226650975899),35.203074136928954,10201.0,Indonesia,Copper,59103086.0,5.52,326249034.71999997,381775934.71999997,0.5089921903494667
COM00110.00,POINT (26.7844396 -28.258482800000007),10.627610071450027,31009.0,South Africa,Gold,8553.0,35300.0,301920900.0,301920900.0,1242.5593442593274
COM00130.00,POINT (-2.32567933335389 6.464844860614768),1.2504817960220092,30111.0,Ghana,Gold,1049.0,35300.0,37029700.0,37029700.0,1192.070348924699
COM00133.00,POINT (-112.14938619999998 40.522168399999984),42.85898359998436,51305.0,United States of America,Silver,71441.0,445.0,31791245.0,1510752045.0,12.624340152386184
COM00133.00,POINT (-112.14938619999998 40.522168399999984),42.85898359998436,51305.0,United States of America,Gold,5576.0,35300.0,196832800.0,1510752045.0,1001.4364210769266
COM00133.00,POINT (-112.14938619999998 40.522168399999984),42.85898359998436,51305.0,United States of America,Copper,203900000.0,5.52,1125528000.0,1510752045.0,0.15659855649701515
COM00133.00,POINT (-112.14938619999998 40.522168399999984),42.85898359998436,51305.0,United States of America,Molybdenum,5800000.0,27.0,156600000.0,1510752045.0,0.7659712002571393
COM00136.00,POINT (-97.92721199999998 55.70156049999999),0.4483809456609944,50609.0,Canada,Nickel,4277000.0,12.5,53462500.0,53462500.0,0.10483538593897462
COM00139.00,POINT (18.802912119776 -29.2598510348925),1.191474918775654,31314.0,South Africa,Lead,45384200.0,1.64,74430088.0,268047855.76,0.0072898134598085645
COM00139.00,POINT (18.802912119776 -29.2598510348925),1.191474918775654,31314.0,South Africa,Zinc,85198952.0,2.13,181473767.76,268047855.76,0.009467867481336732
COM00139.00,POINT (18.802912119776 -29.2598510348925),1.191474918775654,31314.0,South Africa,Copper,2200000.0,5.52,12143999.999999998,268047855.76,0.024536445303745893
COM00146.00,POINT (-67.29734807630868 52.8512467027102),18.38532876111439,50605.0,Canada,Iron,5248056800.0,0.294,1542928699.1999998,1542928699.1999998,0.0035032640578726948
COM00150.00,POINT (81.1867976 22.415868699999997),7.5059762297589625,40111.0,India,Alumina,211134000.0,0.881,186009054.0,186009054.0,0.0355507697943437
COM00151.00,POINT (116.38264539999997 -32.76360989999999),24.84340572617508,11210.0,Australia,Gold,19930.0,35300.0,703529000.0,879992128.16,996.568257908927
COM00151.00,POINT (116.38264539999997 -32.76360989999999),24.84340572617508,11210.0,Australia,Copper,31967958.0,5.52,176463128.16,879992128.16,0.15583730265318066
COM00157.00,POINT (-107.98930168523198 27.094328767372197),0.06670570222566048,50302.0,Mexico,Silver,19906.0,445.0,8858170.0,67067739.56999999,0.4425978522719864
COM00157.00,POINT (-107.98930168523198 27.094328767372197),0.06670570222566048,50302.0,Mexico,Gold,217.0,35300.0,7660100.0,67067739.56999999,35.10944760719353
COM00157.00,POINT (-107.98930168523198 27.094328767372197),0.06670570222566048,50302.0,Mexico,Copper,8994737.0,5.52,49650948.239999995,67067739.56999999,0.005490202572003067
COM00157.00,POINT (-107.98930168523198 27.094328767372197),0.06670570222566048,50302.0,Mexico,Zinc,421841.0,2.13,898521.33,67067739.56999999,0.002118502079414227
COM00159.00,POINT (-5.36962715699398 6.222222920811481),6.8886341837493035,30111.0,Cote d'Ivoire,Silver,544.0,445.0,242080.0,158068380.0,19.39313992949406
COM00159.00,POINT (-5.36962715699398 6.222222920811481),6.8886341837493035,30111.0,Cote d'Ivoire,Gold,4471.0,35300.0,157826300.0,158068380.0,1538.3771674407644
COM00163.00,POINT (74.2913709 51.8469877),14.131754274564338,80810.0,Kazakhstan,Copper,106400000.0,5.52,587328000.0,723617055.0,0.10780188644889686
COM00163.00,POINT (74.2913709 51.8469877),14.131754274564338,80810.0,Kazakhstan,Silver,22519.0,445.0,10020955.0,723617055.0,8.690550628579546
COM00163.00,POINT (74.2913709 51.8469877),14.131754274564338,80810.0,Kazakhstan,Gold,3577.0,35300.0,126268100.0,723617055.0,689.3852521097933
COM00164.00,POINT (71.06463684472739 41.25868407803739),3.2366644927801924,80808.0,Kyrgyzstan,Silver,7527.0,445.0,3349515.0,88786063.0,16.222317451863876
COM00164.00,POINT (71.06463684472739 41.25868407803739),3.2366644927801924,80808.0,Kyrgyzstan,Gold,1235.0,35300.0,43595500.0,88786063.0,1286.8490023613367
COM00164.00,POINT (71.06463684472739 41.25868407803739),3.2366644927801924,80808.0,Kyrgyzstan,Copper,7579900.0,5.52,41841048.0,88786063.0,0.20122964569503055
COM00165.00,POINT (-77.69449719999999 49.6884188),0.3633825647077158,50602.0,Canada,Copper,5600000.0,5.52,30911999.999999996,124206000.0,0.016149556037442565
COM00165.00,POINT (-77.69449719999999 49.6884188),0.3633825647077158,50602.0,Canada,Zinc,43800000.0,2.13,93294000.0,124206000.0,0.00623162216662186
COM00172.00,POINT (141.45782689999996 -31.977087900000004),5.146172835559416,11309.0,Australia,Silver,38743.0,445.0,17240635.0,17240635.0,132.82845509019478
COM00174.00,POINT (-65.8904789360194 47.47133140338849),9.430495005264078,50410.0,Canada,Silver,37280.0,445.0,16589600.0,166049600.0,25.272992391083836
COM00174.00,POINT (-65.8904789360194 47.47133140338849),9.430495005264078,50410.0,Canada,Copper,3000000.0,5.52,16559999.999999998,166049600.0,0.3134986921320961
COM00174.00,POINT (-65.8904789360194 47.47133140338849),9.430495005264078,50410.0,Canada,Lead,13500000.0,1.64,22140000.0,166049600.0,0.09314091577837638
COM00174.00,POINT (-65.8904789360194 47.47133140338849),9.430495005264078,50410.0,Canada,Zinc,52000000.0,2.13,110760000.0,166049600.0,0.12096960402923275
COM00178.00,POINT (-110.31700129999999 30.985395399999994),73.07348943692291,50302.0,Mexico,Copper,338000000.0,5.52,1865759999.9999998,2656154640.0,0.1518607597680436
COM00178.00,POINT (-110.31700129999999 30.985395399999994),73.07348943692291,50302.0,Mexico,Molybdenum,6120000.0,27.0,165240000.0,2656154640.0,0.7427971945176048
COM00178.00,POINT (-110.31700129999999 30.985395399999994),73.07348943692291,50302.0,Mexico,Copper cathode,100100000.0,5.52,552552000.0,2656154640.0,0.15186075976804364
COM00178.00,POINT (-110.31700129999999 30.985395399999994),73.07348943692291,50302.0,Mexico,Silver,163152.0,445.0,72602640.0,2656154640.0,12.2423982059383
COM00180.00,POINT (32.4836792 -3.2286884999999996),4.409571437387987,30704.0,Tanzania,Gold,1259.0,35300.0,44442700.0,44442700.0,3502.439584899116
COM00185.00,POINT (60.978602108592106 50.8297998516832),1.4930828522575361,80810.0,Russian Federation,Nickel,10727600.0,12.5,134095000.0,134095000.0,0.13918144340370037
COM00186.00,POINT (32.6710224 -3.8639977),10.80466648546099,30704.0,Tanzania,Gold,4523.0,35300.0,159661900.0,159661900.0,2388.827434326993
COM00188.00,POINT (118.55042073316498 51.512118222659),1.83597769706796,80804.0,Russian Federation,Gold,5018.0,35300.0,177135400.0,417194680.0,155.3471695911822
COM00188.00,POINT (118.55042073316498 51.512118222659),1.83597769706796,80804.0,Russian Federation,Copper,43489000.0,5.52,240059279.99999997,417194680.0,0.02429224861595823
COM00196.00,POINT (-78.1316615 48.111824000000006),24.33927341581785,50602.0,Canada,Silver,23870.0,445.0,10622150.0,679133550.0,15.94822795905009
COM00196.00,POINT (-78.1316615 48.111824000000006),24.33927341581785,50602.0,Canada,Gold,18938.0,35300.0,668511400.0,679133550.0,1265.1066223695916
COM00197.00,POINT (-70.28558339999998 -27.515392300000002),22.994328001228812,61201.0,Chile,Silver,36996.0,445.0,16463220.0,912278319.9999999,11.216397163254765
COM00197.00,POINT (-70.28558339999998 -27.515392300000002),22.994328001228812,61201.0,Chile,Gold,2495.0,35300.0,88073500.0,912278319.9999999,889.7501569952656
COM00197.00,POINT (-70.28558339999998 -27.515392300000002),22.994328001228812,61201.0,Chile,Copper,146330000.0,5.52,807741599.9999999,912278319.9999999,0.1391337355981265
COM00198.00,POINT (140.9069551 -21.855914899999995),5.115125933316783,10707.0,Australia,Silver,459080.0,445.0,204290600.0,568311100.0,4.005255291205765
COM00198.00,POINT (140.9069551 -21.855914899999995),5.115125933316783,10707.0,Australia,Lead,124750000.0,1.64,204590000.0,568311100.0,0.014760940848488661
COM00198.00,POINT (140.9069551 -21.855914899999995),5.115125933316783,10707.0,Australia,Zinc,74850000.0,2.13,159430500.0,568311100.0,0.019171221955659054
COM00206.00,POINT (-110.98956 33.38477679999999),21.42100367387624,50503.0,United States of America,Copper,3200000.0,5.52,17664000.0,17664000.0,6.694063648086325
COM00207.00,POINT (-71.0862898 -30.2567165),21.929193337399205,61201.0,Chile,Gold,1690.0,35300.0,59657000.0,526354706.71999997,1470.6822508228904
COM00207.00,POINT (-71.0862898 -30.2567165),21.929193337399205,61201.0,Chile,Copper,63500000.0,5.52,350520000.0,526354706.71999997,0.22997637463292792
COM00207.00,POINT (-71.0862898 -30.2567165),21.929193337399205,61201.0,Chile,Copper cathode,21046686.0,5.52,116177706.71999998,526354706.71999997,0.2299763746329279
COM00208.00,POINT (122.3509579 -30.1535719),6.217894978857618,11310.0,Australia,Gold,6322.0,35300.0,223166600.0,223166600.0,983.5328976364472
COM00210.00,POINT (-43.896237799999994 -20.4861131),22.609921337074617,60104.0,Brazil,Iron,19655125000.0,0.294,5778606750.0,5778606750.0,0.0011503321061084382
COM00211.00,POINT (-69.6300087 -31.2108036),1.0391149008945735,61008.0,Argentina,Silver,4062.0000000000005,445.0,1807590.0000000002,4560990.0,101.3828425184193
COM00211.00,POINT (-69.6300087 -31.2108036),1.0391149008945735,61008.0,Argentina,Gold,78.0,35300.0,2753400.0,4560990.0,8042.27941775326
COM00212.00,POINT (-47.8005693651418 -18.1460478949376),24.423271330279633,60704.0,Brazil,Niobium,4000000.0,45.0,180000000.0,180000000.0,6.105817832569908
COM00216.00,POINT (40.7650358 41.0394863),0.11592172078945713,80422.0,Turkey,Copper,19896000.0,5.52,109825919.99999999,118539749.99999999,0.00539808712906686
COM00216.00,POINT (40.7650358 41.0394863),0.11592172078945713,80422.0,Turkey,Zinc,4091000.0,2.13,8713830.0,118539749.99999999,0.0020829575334986258
COM00220.00,POINT (-69.1288371 -22.9538955),89.00948376184047,61303.0,Chile,Gold,6924.0,35300.0,244417200.0,1782049200.0,1763.1582656601
COM00220.00,POINT (-69.1288371 -22.9538955),89.00948376184047,61303.0,Chile,Copper,195500000.0,5.52,1079160000.0,1782049200.0,0.27571200074911484
COM00220.00,POINT (-69.1288371 -22.9538955),89.00948376184047,61303.0,Chile,Molybdenum,400000.0,27.0,10800000.0,1782049200.0,1.3485913080119747
COM00220.00,POINT (-69.1288371 -22.9538955),89.00948376184047,61303.0,Chile,Copper cathode,81100000.0,5.52,447671999.99999994,1782049200.0,0.2757120007491148
COM00222.00,POINT (33.4154065706735 47.9965114364828),14.374038401874468,80814.0,Ukraine,Iron,3008822500.0,0.294,884593815.0,884593815.0,0.0047772968999914315
COM00223.00,POINT (117.65550029311399 -27.318154057763795),9.800726981762352,11310.0,Australia,Gold,5421.0,35300.0,191361300.0,191361300.0,1807.918646331369
COM00227.00,POINT (-76.26394452964908 -10.671733570269296),10.63948255885594,61003.0,Peru,Silver,94960.0,445.0,42257200.0,197497651.76,23.972790038255052
COM00227.00,POINT (-76.26394452964908 -10.671733570269296),10.63948255885594,61003.0,Peru,Copper,263.0,5.52,1451.76,197497651.76,0.29737033935093904
COM00227.00,POINT (-76.26394452964908 -10.671733570269296),10.63948255885594,61003.0,Peru,Lead,3700000.0,1.64,6068000.0,197497651.76,0.0883491587926703
COM00227.00,POINT (-76.26394452964908 -10.671733570269296),10.63948255885594,61003.0,Peru,Zinc,11200000.0,2.13,23856000.0,197497651.76,0.11474616355389496
COM00227.00,POINT (-76.26394452964908 -10.671733570269296),10.63948255885594,61003.0,Peru,Gold,3550.0,35300.0,125315000.0,197497651.76,1901.66177157394
COM00228.00,POINT (-75.5478954922363 7.922525520623521),10.011429584991877,60137.0,Colombia,Nickel,45496296.0,12.5,568703700.0,568703700.0,0.22004933291694506
COM00229.00,POINT (-66.6537299 -48.13036929999999),0.4412896556130256,60805.0,Argentina,Silver,196641.0,445.0,87505245.0,220127345.0,0.8920922420964846
COM00229.00,POINT (-66.6537299 -48.13036929999999),0.4412896556130256,60805.0,Argentina,Gold,3757.0,35300.0,132622100.0,220127345.0,70.765968867429
COM00230.00,POINT (-70.2202583 -46.8722186),0.9853420254060117,60805.0,Argentina,Silver,131397.0,445.0,58471665.0,588501165.0,0.7450744830822471
COM00230.00,POINT (-70.2202583 -46.8722186),0.9853420254060117,60805.0,Argentina,Gold,15015.0,35300.0,530029500.0,588501165.0,59.10366124225466
COM00232.00,POINT (-68.2626647 -48.3842315),45.913168094039115,60805.0,Argentina,Gold,8643.0,35300.0,305097900.0,305097900.0,5312.179578160259
COM00233.00,POINT (-71.57832979999999 -16.538254499999997),40.538138425561435,61315.0,Peru,Silver,145706.0,445.0,64839170.0,2931343374.4399996,6.153994703135411
COM00233.00,POINT (-71.57832979999999 -16.538254499999997),40.538138425561435,61315.0,Peru,Copper,454953147.0,5.52,2511341371.4399996,2931343374.4399996,0.07633719272203925
COM00233.00,POINT (-71.57832979999999 -16.538254499999997),40.538138425561435,61315.0,Peru,Molybdenum,13154179.0,27.0,355162833.0,2931343374.4399996,0.3733884426621486
COM00250.00,POINT (28.080078199999996 -12.9094858),1.1387714642271618,30704.0,Zambia,Copper,8174000.0,5.52,45120480.0,45120480.0,0.13931630342881843
COM00253.00,POINT (-108.0862584 32.7908875),26.9152978798331,51303.0,United States of America,Copper,79378665.0,5.52,438170230.79999995,438170230.79999995,0.33907471081597435
COM00254.00,POINT (-2.3822910999999998 6.311212599999998),12.288278902208202,30111.0,Ghana,Gold,7050.0,35300.0,248865000.0,248865000.0,1743.0182840011632
COM00257.00,POINT (-76.4244916 -11.0313175),2.6417372167241746,61003.0,Peru,Silver,189247.0,445.0,84214915.0,243649515.0,4.824852868852449
COM00257.00,POINT (-76.4244916 -11.0313175),2.6417372167241746,61003.0,Peru,Copper,1690000.0,5.52,9328800.0,243649515.0,0.0598498603057652
COM00257.00,POINT (-76.4244916 -11.0313175),2.6417372167241746,61003.0,Peru,Lead,16900000.0,1.64,27716000.0,243649515.0,0.017781480235770822
COM00257.00,POINT (-76.4244916 -11.0313175),2.6417372167241746,61003.0,Peru,Zinc,57460000.0,2.13,122389800.0,243649515.0,0.023094239574507226
COM00258.00,POINT (-106.34070109163899 25.048709699288096),0.20896611410253751,50302.0,Mexico,Silver,170069.0,445.0,75680705.0,162888625.0,0.5708803839164901
COM00258.00,POINT (-106.34070109163899 25.048709699288096),0.20896611410253751,50302.0,Mexico,Gold,1892.0,35300.0,66787600.0,162888625.0,45.28556753315079
COM00258.00,POINT (-106.34070109163899 25.048709699288096),0.20896611410253751,50302.0,Mexico,Lead,4799000.0,1.64,7870359.999999999,162888625.0,0.0021039187182540307
COM00258.00,POINT (-106.34070109163899 25.048709699288096),0.20896611410253751,50302.0,Mexico,Zinc,5892000.0,2.13,12549960.0,162888625.0,0.0027325285791957843
COM00264.00,POINT (-106.18316649999998 39.36866369999999),26.91636165271097,50511.0,United States of America,Molybdenum,7711070.0,27.0,208198890.0,208198890.0,3.490613060536472
COM00269.00,POINT (-6.1047285 37.4962712),4.3605508680172,81221.0,Spain,Copper cathode,70738000.0,5.52,390473759.99999994,390473759.99999994,0.061643683282213244
COM00271.00,POINT (123.60918349999999 -16.0939142),1.348996329363193,,Australia,Iron,544000000.0,0.294,159936000.0,159936000.0,0.0024797726642705755
COM00273.00,POINT (-48.340014 -14.156771099999998),0.5314052990494603,60704.0,Brazil,Nickel,8600000.0,12.5,107500000.0,107500000.0,0.0617913138429605
COM00275.00,POINT (-81.36319949999998 46.663431),15.469815345269117,50406.0,Canada,Copper,41876000.0,5.52,231155519.99999997,433648020.0,0.1969186454624779
COM00275.00,POINT (-81.36319949999998 46.663431),15.469815345269117,50406.0,Canada,Nickel,16199400.0,12.5,202492500.0,433648020.0,0.44592084570307505
COM00282.00,POINT (30.693604873485402 -23.902233943008895),5.960098866716287,30725.0,South Africa,Gold,423.0,35300.0,14931900.0,34340513.8,6126.626154180749
COM00282.00,POINT (30.693604873485402 -23.902233943008895),5.960098866716287,30725.0,South Africa,Antimony,3453490.0,5.62,19408613.8,34340513.8,0.9754005378610712
COM00283.00,POINT (-71.79403529999999 -14.463609299999996),23.308545591684926,61003.0,Peru,Silver,70885.0,445.0,31543825.0,713899225.0,14.52908537377918
COM00283.00,POINT (-71.79403529999999 -14.463609299999996),23.308545591684926,61003.0,Peru,Gold,558.0,35300.0,19697400.0,713899225.0,1152.5319408863036
COM00283.00,POINT (-71.79403529999999 -14.463609299999996),23.308545591684926,61003.0,Peru,Copper,113825000.0,5.52,628314000.0,713899225.0,0.1802259578949687
COM00283.00,POINT (-71.79403529999999 -14.463609299999996),23.308545591684926,61003.0,Peru,Molybdenum,1272000.0,27.0,34344000.0,713899225.0,0.8815400114427817
COM00286.00,POINT (-47.8229562548845 -18.14525001728),0.39141450120560045,60704.0,Brazil,Phosphate and Phosphorus oxides,982100000.0,0.99,972279000.0,972279000.0,0.0003985485197083805
COM00288.00,POINT (-81.0672920112873 46.492036912692505),54.51434859867344,50406.0,Canada,Copper,11076800.0,5.52,61143935.99999999,172233936.0,1.7471539654338348
COM00288.00,POINT (-81.0672920112873 46.492036912692505),54.51434859867344,50406.0,Canada,Nickel,8887200.0,12.5,111090000.0,172233936.0,3.9564174941889383
COM00296.00,POINT (120.58184787231899 -27.590126699292604),2.738749079698512,11310.0,Australia,Nickel,11000000.0,12.5,137500000.0,137500000.0,0.2489771890635011
COM00297.00,POINT (147.39957483417396 -33.640608519319194),20.26998877452973,10409.0,Australia,Gold,4852.0,35300.0,171275600.0,171275600.0,4177.656383868452
COM00299.00,POINT (-102.57679770115199 22.80048580138959),0.8065380133056997,51302.0,Mexico,Silver,42487.0,445.0,18906715.0,126569047.03999999,2.835680794907219
COM00299.00,POINT (-102.57679770115199 22.80048580138959),0.8065380133056997,51302.0,Mexico,Copper,16257658.0,5.52,89742272.16,126569047.03999999,0.035175186489635614
COM00299.00,POINT (-102.57679770115199 22.80048580138959),0.8065380133056997,51302.0,Mexico,Zinc,8374675.999999999,2.13,17838059.88,126569047.03999999,0.013573033917196352
COM00299.00,POINT (-102.57679770115199 22.80048580138959),0.8065380133056997,51302.0,Mexico,Lead,50000.0,1.64,82000.0,126569047.03999999,0.010450598884601887
COM00300.00,POINT (150.2987097 -25.295075599999997),0.6513943310292387,10702.0,Australia,Gold,3164.0,35300.0,111689200.0,111689200.0,205.87684292959506
COM00301.00,POINT (-81.1881775764911 46.4738320733445),3.60239598909017,50406.0,Canada,Copper,16367100.0,5.52,90346392.0,295701392.0,0.06724765725748676
COM00301.00,POINT (-81.1881775764911 46.4738320733445),3.60239598909017,50406.0,Canada,Nickel,16428400.000000002,12.5,205355000.00000003,295701392.0,0.15228183255771457
COM00302.00,POINT (-105.146627666937 38.7445379943853),15.076110270328376,50511.0,United States of America,Gold,9129.0,35300.0,322253700.0,322253700.0,1651.4525435785276
COM00304.00,POINT (145.7998809 -31.409105299999997),1.0960615200673391,10803.0,Australia,Silver,13069.0,445.0,5815705.0,245935704.99999997,1.98323125318451
COM00304.00,POINT (145.7998809 -31.409105299999997),1.0960615200673391,10803.0,Australia,Copper,43500000.0,5.52,240119999.99999997,245935704.99999997,0.024600980938378637
COM00305.00,POINT (-70.704952 -17.038403399999996),40.90487480042828,61315.0,Peru,Copper,156400000.0,5.52,863327999.9999999,980270314.9999999,0.23033943336166832
COM00305.00,POINT (-70.704952 -17.038403399999996),40.90487480042828,61315.0,Peru,Molybdenum,3300000.0,27.0,89100000.0,980270314.9999999,1.1266602718777254
COM00305.00,POINT (-70.704952 -17.038403399999996),40.90487480042828,61315.0,Peru,Silver,62567.0,445.0,27842315.0,980270314.9999999,18.569030406873626
COM00310.00,POINT (-106.83752762587 28.2441603514931),0.13522369309503143,50302.0,Mexico,Silver,29113.0,445.0,12955285.0,14158751.2,4.249989464274857
COM00310.00,POINT (-106.83752762587 28.2441603514931),0.13522369309503143,50302.0,Mexico,Gold,15.0,35300.0,529500.0,14158751.2,337.1339957053988
COM00310.00,POINT (-106.83752762587 28.2441603514931),0.13522369309503143,50302.0,Mexico,Lead,410955.0,1.64,673966.2,14158751.2,0.01566288252002419
COM00315.00,POINT (121.27266569999998 -27.896318899999994),4.162691977516745,11310.0,Australia,Gold,1988.0,35300.0,70176400.0,70176400.0,2093.909445430958
COM00325.00,POINT (100.69510107375798 34.1982134668434),0.05844414919458587,81017.0,China,Copper,9767000.0,5.52,53913839.99999999,53913839.99999999,0.005983838353085479
COM00326.00,POINT (116.3743459 -28.661411499999993),0.2885874495112067,11209.0,Australia,Gold,3246.0,35300.0,114583800.0,127588920.0,79.84342972528961
COM00326.00,POINT (116.3743459 -28.661411499999993),0.2885874495112067,11209.0,Australia,Copper,2356000.0,5.52,13005119.999999998,127588920.0,0.012485431503784662
COM00327.00,POINT (119.32292670000001 -25.5399495),7.439254822143766,11310.0,Australia,Gold,1196.0,35300.0,42218800.0,440972559.99999994,595.5148211981149
COM00327.00,POINT (119.32292670000001 -25.5399495),7.439254822143766,11310.0,Australia,Copper,72238000.0,5.52,398753759.99999994,440972559.99999994,0.09312299753579585
COM00333.00,POINT (121.4514903 16.3270296),3.420640022387841,40122.0,Philippines,Silver,2690.0,445.0,1197050.0,150186050.0,10.135327548481294
COM00333.00,POINT (121.4514903 16.3270296),3.420640022387841,40122.0,Philippines,Gold,2610.0,35300.0,92133000.0,150186050.0,803.9933987896399
COM00333.00,POINT (121.4514903 16.3270296),3.420640022387841,40122.0,Philippines,Copper,10300000.0,5.52,56855999.99999999,150186050.0,0.1257236136350938
COM00338.00,POINT (-108.53670669999998 28.989353499999996),10.270869651543688,50302.0,Mexico,Silver,144953.0,445.0,64504085.0,181982485.0,25.115257630078744
COM00338.00,POINT (-108.53670669999998 28.989353499999996),10.270869651543688,50302.0,Mexico,Gold,3328.0,35300.0,117478400.0,181982485.0,1992.2889760489431
COM00344.00,POINT (27.489971899999997 -26.3905704),5.550894780549637,31009.0,South Africa,Gold,9580.0,35300.0,338174000.0,338174000.0,579.4253424373317
COM00352.00,POINT (140.151901686337 -20.2495485641562),1.4803596895977253,10707.0,Australia,Silver,25453.0,445.0,11326585.0,352494705.0,1.868850943082926
COM00352.00,POINT (140.151901686337 -20.2495485641562),1.4803596895977253,10707.0,Australia,Lead,16693000.0,1.64,27376520.0,352494705.0,0.006887450666642694
COM00352.00,POINT (140.151901686337 -20.2495485641562),1.4803596895977253,10707.0,Australia,Zinc,147320000.0,2.13,313791600.0,352494705.0,0.008945286536554232
COM00357.00,POINT (125.79447686125302 50.1337057654023),6.111370126737063,80426.0,China,Copper,39775000.0,5.52,219557999.99999997,221103599.99999997,0.1525744632814146
COM00357.00,POINT (125.79447686125302 50.1337057654023),6.111370126737063,80426.0,China,Copper cathode,280000.0,5.52,1545599.9999999998,221103599.99999997,0.15257446328141464
COM00363.00,POINT (-87.88033751279539 46.7429387110415),0.6362583886331686,50416.0,United States of America,Copper,14297000.0,5.52,78919440.0,247594440.0,0.014185077440572137
COM00363.00,POINT (-87.88033751279539 46.7429387110415),0.6362583886331686,50416.0,United States of America,Nickel,13494000.0,12.5,168675000.0,247594440.0,0.03212200507375936
COM00368.00,POINT (-1.9331451968705902 5.962441130170501),303.35025834700605,30111.0,Ghana,Gold,5338.0,35300.0,188431400.0,188431400.0,56828.44854758449
COM00369.00,POINT (118.6949462 -31.285880999999993),5.985556720787112,11209.0,Australia,Gold,2033.0,35300.0,71764900.0,71764900.0,2944.1990756454065
COM00372.00,POINT (-68.8335152 -21.9216321),11.979401563631503,61001.0,Chile,Copper,81646627.0,5.52,450689381.03999996,450689381.03999996,0.14672255307780813
COM00376.00,POINT (-69.4965507 -24.411447999999996),11.42373066425932,61303.0,Chile,Silver,134268.0,445.0,59749260.0,234872560.0,21.643908277728983
COM00376.00,POINT (-69.4965507 -24.411447999999996),11.42373066425932,61303.0,Chile,Gold,4961.0,35300.0,175123300.0,234872560.0,1716.9212633794002
COM00381.00,POINT (-71.1648889 -32.6520941),15.703882332394235,61201.0,Chile,Copper,45800000.0,5.52,252815999.99999997,253919999.99999997,0.34138874635639643
COM00381.00,POINT (-71.1648889 -32.6520941),15.703882332394235,61201.0,Chile,Copper cathode,200000.0,5.52,1104000.0,253919999.99999997,0.34138874635639643
COM00382.00,POINT (-70.4566518384932 -34.08736540053879),1.642001263073678,60404.0,Chile,Silver,96614.0,445.0,42993230.0,2821442630.0,0.25897764296124876
COM00382.00,POINT (-70.4566518384932 -34.08736540053879),1.642001263073678,60404.0,Chile,Gold,822.0,35300.0,29016600.0,2821442630.0,20.543619767487822
COM00382.00,POINT (-70.4566518384932 -34.08736540053879),1.642001263073678,60404.0,Chile,Copper,465040000.0,5.52,2567020800.0,2821442630.0,0.0032124867171822316
COM00382.00,POINT (-70.4566518384932 -34.08736540053879),1.642001263073678,60404.0,Chile,Molybdenum,6756000.0,27.0,182412000.0,2821442630.0,0.015713250247087005
COM00386.00,POINT (-76.0678333792337 52.7060879054859),5.50701125534093,50616.0,Canada,Gold,10637.0,35300.0,375486100.0,375486100.0,517.7222201129013
COM00388.00,POINT (-81.35172199999998 46.427797999999996),0.37791339043388456,50406.0,Canada,Copper,315000.0,5.52,1738799.9999999998,9988800.0,0.20884209466552967
COM00388.00,POINT (-81.35172199999998 46.427797999999996),0.37791339043388456,50406.0,Canada,Nickel,660000.0,12.5,8250000.0,9988800.0,0.47292141002157995
COM00391.00,POINT (145.6552044 -31.162619099999993),5.399154261283997,10803.0,Australia,Silver,7018.0,445.0,3123010.0,3123010.0,769.3294758170415
COM00396.00,POINT (-90.1651296162565 14.4688981445545),0.3652725029783725,60303.0,Guatemala,Silver,19845.0,445.0,8831025.0,22376325.0,7.264207318466091
COM00396.00,POINT (-90.1651296162565 14.4688981445545),0.3652725029783725,60303.0,Guatemala,Gold,11.0,35300.0,388300.0,22376325.0,576.2393670603439
COM00396.00,POINT (-90.1651296162565 14.4688981445545),0.3652725029783725,60303.0,Guatemala,Lead,100000.0,1.64,164000.0,22376325.0,0.026771460679290763
COM00396.00,POINT (-90.1651296162565 14.4688981445545),0.3652725029783725,60303.0,Guatemala,Zinc,6100000.0,2.13,12993000.0,22376325.0,0.03477025076029837
COM00397.00,POINT (-69.0718966 -24.270757),231.66445277227467,61303.0,Chile,Silver,267421.0,445.0,119002345.0,6831619344.999999,15.090226237372748
COM00397.00,POINT (-69.0718966 -24.270757),231.66445277227467,61303.0,Chile,Gold,7530.0,35300.0,265809000.0,6831619344.999999,1197.0449127623776
COM00397.00,POINT (-69.0718966 -24.270757),231.66445277227467,61303.0,Chile,Copper,1167900000.0,5.52,6446807999.999999,6831619344.999999,0.18718662658493837
COM00398.00,POINT (-130.429281284998 56.65393353038839),0.08492421344913487,50521.0,Canada,Gold,5350.0,35300.0,188855000.0,188855000.0,15.87368475684764
COM00407.00,POINT (-70.3543241076597 18.9295762504892),2.4227154987349055,60127.0,Dominican Republic,Nickel,9400000.0,12.5,117500000.0,117500000.0,0.25773569135477714
COM00410.00,POINT (-39.0777359 -11.452829299999998),5.338487717459183,61304.0,Brazil,Gold,2088.0,35300.0,73706400.0,73706400.0,2556.7469911202984
COM00412.00,POINT (-43.8590275271073 -20.1838329691236),4.909917817727381,60703.0,Brazil,Iron,394670000.0,0.294,116032980.0,116032980.0,0.012440565073928551
COM00417.00,POINT (125.86751601072997 9.495076005694322),11.365910936966928,40129.0,Philippines,Nickel,74678000.0,12.5,933475000.0,933475000.0,0.15219891985547188
COM00418.00,POINT (-147.3607848 64.9968601),20.470756584208083,50607.0,United States of America,Gold,4804.0,35300.0,169581200.0,169581200.0,4261.189963407178
COM00420.00,POINT (-46.7120419393469 -20.8975980421094),1.4321619315462573,60150.0,Brazil,Nickel,6000000.0,12.5,75000000.0,75000000.0,0.23869365525770955
COM00422.00,POINT (118.35625680000001 -25.329328899999993),9.879454208315114,11310.0,Australia,Gold,1892.0,35300.0,66787600.0,66787600.0,5221.698841604182
COM00426.00,POINT (-69.85613039999998 -25.8367925),9.81918481875592,61303.0,Chile,Copper cathode,20200000.0,5.52,111503999.99999999,111503999.99999999,0.4860982583542534
COM00427.00,POINT (31.3087177 -17.2971334),2.4878404232559954,30719.0,Zimbabwe,Gold,255.0,35300.0,9001500.0,9001500.0,9756.23695394508
COM00429.00,POINT (-102.872239051979 23.1620009028247),0.7722685389337461,51307.0,Mexico,Silver,428560.0,445.0,190709200.0,331368680.0,1.037091072775849
COM00429.00,POINT (-102.872239051979 23.1620009028247),0.7722685389337461,51307.0,Mexico,Gold,1197.0,35300.0,42254100.0,331368680.0,82.26812330109544
COM00429.00,POINT (-102.872239051979 23.1620009028247),0.7722685389337461,51307.0,Mexico,Lead,19619000.0,1.64,32175159.999999996,331368680.0,0.003822088447982904
COM00429.00,POINT (-102.872239051979 23.1620009028247),0.7722685389337461,51307.0,Mexico,Zinc,31094000.0,2.13,66230220.0,331368680.0,0.004964053898904626
COM00431.00,POINT (28.483014052171395 -12.7412078739388),13.754433364374478,30704.0,DR Congo,Copper,47508000.0,5.52,262244159.99999997,262244159.99999997,0.28951825722771907
COM00436.00,POINT (-68.7903564 -23.4228811),50.779837520206044,61001.0,Chile,Copper,107247000.0,5.52,592003440.0,592003440.0,0.47348492284358573
COM00438.00,POINT (-115.96738439999999 47.47791219999999),0.33257305080448246,50518.0,United States of America,Silver,58308.0,445.0,25947060.0,25947060.0,5.703729347679263
COM00442.00,POINT (16.2248106754888 60.3257079945592),0.7476985930218991,80436.0,Sweden,Copper,700000.0,5.52,3863999.9999999995,417011600.0,0.009897317564981124
COM00442.00,POINT (16.2248106754888 60.3257079945592),0.7476985930218991,80436.0,Sweden,Lead,35000000.0,1.64,57400000.0,417011600.0,0.002940507392494392
COM00442.00,POINT (16.2248106754888 60.3257079945592),0.7476985930218991,80436.0,Sweden,Zinc,101000000.0,2.13,215130000.0,417011600.0,0.003819073625617717
COM00442.00,POINT (16.2248106754888 60.3257079945592),0.7476985930218991,80436.0,Sweden,Silver,273000.0,445.0,121485000.0,417011600.0,0.7978815790609783
COM00442.00,POINT (16.2248106754888 60.3257079945592),0.7476985930218991,80436.0,Sweden,Gold,542.0,35300.0,19132600.0,417011600.0,63.2926286311293
COM00443.00,POINT (-80.8569717 46.56775650000001),2.6170079973611036,50406.0,Canada,Copper,8461200.0,5.52,46705824.0,188527074.0,0.0766249846185662
COM00443.00,POINT (-80.8569717 46.56775650000001),2.6170079973611036,50406.0,Canada,Nickel,11345700.0,12.5,141821250.0,188527074.0,0.17351672241523142
COM00446.00,POINT (32.1864941 -2.8675759),28.27960876307072,30704.0,Tanzania,Gold,15989.0,35300.0,564411700.0,564411700.0,1768.6915231140608
COM00479.00,POINT (-81.21021698734589 46.4582455392634),0.9612654274464719,50406.0,Canada,Copper,627200.0,5.52,3462143.9999999995,25267144.0,0.2100033608667653
COM00479.00,POINT (-81.21021698734589 46.4582455392634),0.9612654274464719,50406.0,Canada,Nickel,1744400.0,12.5,21805000.0,25267144.0,0.47555108891930564
COM00484.00,POINT (116.94634239999998 -28.745323100000004),5.377712178361034,11209.0,Australia,Silver,43427.0,445.0,19325015.0,318837665.0,7.505643724277871
COM00484.00,POINT (116.94634239999998 -28.745323100000004),5.377712178361034,11209.0,Australia,Gold,767.0,35300.0,27075100.0,318837665.0,595.3915134090087
COM00484.00,POINT (116.94634239999998 -28.745323100000004),5.377712178361034,11209.0,Australia,Copper,26047000.0,5.52,143779440.0,318837665.0,0.09310371541126708
COM00484.00,POINT (116.94634239999998 -28.745323100000004),5.377712178361034,11209.0,Australia,Lead,6847000.0,1.64,11229080.0,318837665.0,0.027661248781608333
COM00484.00,POINT (116.94634239999998 -28.745323100000004),5.377712178361034,11209.0,Australia,Zinc,55131000.0,2.13,117429030.0,318837665.0,0.035925890185869364
COM00485.00,POINT (-112.010167 45.90386099999999),9.635852096290906,50808.0,United States of America,Gold,2115.0,35300.0,74659500.0,74659500.0,4555.958437962603
COM00486.00,POINT (-77.8630862 48.0916336),0.3436845711726893,50602.0,Canada,Gold,3987.0,35300.0,140741100.0,140741100.0,86.20129700844979
COM00496.00,POINT (137.112584544616 -4.05970031721468),19.8290770448716,11002.0,Indonesia,Gold,24466.0,35300.0,863649800.0,2446172370.88,286.1476272140861
COM00496.00,POINT (137.112584544616 -4.05970031721468),19.8290770448716,11002.0,Indonesia,Copper,275330569.0,5.52,1519824740.8799999,2446172370.88,0.04474603122441233
COM00496.00,POINT (137.112584544616 -4.05970031721468),19.8290770448716,11002.0,Indonesia,Silver,140894.0,445.0,62697830.0,2446172370.88,3.6072434592143994
COM00498.00,POINT (26.7851227 -26.9597094),1.9653251187092147,31009.0,South Africa,Gold,2211.0,35300.0,78048300.0,78048300.0,888.8851735455517
COM00507.00,POINT (-69.522433 -25.108197399999998),10.1980980424809,61303.0,Chile,Silver,15393.0,445.0,6849885.0,67459985.0,67.27178532435192
COM00507.00,POINT (-69.522433 -25.108197399999998),10.1980980424809,61303.0,Chile,Gold,1717.0,35300.0,60610100.0,67459985.0,5336.391060560951
COM00508.00,POINT (-14.4176721439726 19.753850114846696),13.30687545729792,81321.0,Mauritania,Gold,1301.0,35300.0,45925300.0,201241540.0,2334.173668332177
COM00508.00,POINT (-14.4176721439726 19.753850114846696),13.30687545729792,81321.0,Mauritania,Copper,28137000.0,5.52,155316240.0,201241540.0,0.36500392773919604
COM00516.00,POINT (-80.53923789999999 34.59772869999999),10.817836136221931,50413.0,United States of America,Gold,4544.0,35300.0,160403200.0,160403200.0,2380.6857694150376
COM00517.00,POINT (127.35678667856799 -18.4086445092129),0.49559722764620806,10706.0,Australia,Gold,1095.0,35300.0,38653500.0,38653500.0,452.60020789608046
COM00529.00,POINT (-85.92394399999999 48.695889),2.6285239863245797,50602.0,Canada,Gold,5319.0,35300.0,187760700.0,187760700.0,494.1763463667193
COM00530.00,POINT (-105.8374706 39.7698159),0.9461229792323046,50511.0,United States of America,Molybdenum,5443108.0,27.0,146963916.0,146963916.0,0.17382035763984557
COM00533.00,POINT (-112.8618622 31.147667400000007),20.0168045122434,51310.0,Mexico,Silver,43176.0,445.0,19213320.0,492904020.0,18.0714249560154
COM00533.00,POINT (-112.8618622 31.147667400000007),20.0168045122434,51310.0,Mexico,Gold,13419.0,35300.0,473690700.0,492904020.0,1433.5310133648172
COM00534.00,POINT (-92.9574488202554 47.47964872608739),67.43826426053431,50416.0,United States of America,Iron,4875000000.0,0.294,1433250000.0,1433250000.0,0.013833490104724988
COM00535.00,POINT (146.6728293 -7.458704100000001),3.9447302478909476,10120.0,Papua New Guinea,Silver,8585.0,445.0,3820325.0,27965525.0,62.770320253650574
COM00535.00,POINT (146.6728293 -7.458704100000001),3.9447302478909476,10120.0,Papua New Guinea,Gold,684.0,35300.0,24145200.0,27965525.0,4979.308550458124
COM00536.00,POINT (121.721674927783 -31.7311941600245),3.3213791671970956,11201.0,Australia,Gold,1069.0,35300.0,37735700.0,37735700.0,3106.996414590361
COM00538.00,POINT (-121.0427056 50.486183200000006),122.14223999349451,50522.0,Canada,Copper,100800000.0,5.52,556416000.0,662964858.0,1.0169847717088039
COM00538.00,POINT (-121.0427056 50.486183200000006),122.14223999349451,50522.0,Canada,Molybdenum,3946254.0,27.0,106548858.0,662964858.0,4.974382035532194
COM00543.00,POINT (-79.74040219999999 48.5131301),0.1377293596215616,50602.0,Canada,Gold,2799.0,35300.0,98804700.0,98804700.0,49.206630804416434
COM00547.00,POINT (-76.4114339 -11.0054463),2.3434688776265378,61003.0,Peru,Silver,107427.0,445.0,47805015.0,135598415.0,7.690677288107012
COM00547.00,POINT (-76.4114339 -11.0054463),2.3434688776265378,61003.0,Peru,Gold,27.0,35300.0,953100.0,135598415.0,610.0694567869158
COM00547.00,POINT (-76.4114339 -11.0054463),2.3434688776265378,61003.0,Peru,Copper,6020000.0,5.52,33230399.999999996,135598415.0,0.09539896321427126
COM00547.00,POINT (-76.4114339 -11.0054463),2.3434688776265378,61003.0,Peru,Lead,9220000.0,1.64,15120800.0,135598415.0,0.028343170230326967
COM00547.00,POINT (-76.4114339 -11.0054463),2.3434688776265378,61003.0,Peru,Zinc,18070000.0,2.13,38489100.0,135598415.0,0.036811556457680764
COM00553.00,POINT (-2.043506 5.242686899999999),7.299096828863541,30111.0,Ghana,Gold,7201.0,35300.0,254195300.0,254195300.0,1013.6226675272242
COM00560.00,POINT (-101.1512942 23.134677599999996),2.254536139800585,51307.0,Mexico,Copper,2160000.0,5.52,11923200.0,109688000.0,0.1134585323070822
COM00560.00,POINT (-101.1512942 23.134677599999996),2.254536139800585,51307.0,Mexico,Lead,700000.0,1.64,1148000.0,109688000.0,0.03370869438108963
COM00560.00,POINT (-101.1512942 23.134677599999996),2.254536139800585,51307.0,Mexico,Zinc,45360000.0,2.13,96616800.0,109688000.0,0.04378019453153715
COM00561.00,POINT (-103.746493023887 23.6638317037104),0.5756288021381807,50302.0,Mexico,Copper,3447840.0,5.52,19032076.799999997,37226591.19999999,0.08535487363674485
COM00561.00,POINT (-103.746493023887 23.6638317037104),0.5756288021381807,50302.0,Mexico,Lead,354860.0,1.64,581970.4,37226591.19999999,0.025359056660192312
COM00561.00,POINT (-103.746493023887 23.6638317037104),0.5756288021381807,50302.0,Mexico,Zinc,8268799.999999999,2.13,17612543.999999996,37226591.19999999,0.03293584797939612
COM00563.00,POINT (-105.816478556178 28.603497893971596),0.3663656546636395,51303.0,Mexico,Lead,5490000.0,1.64,9003600.0,50283000.0,0.011949161220459574
COM00563.00,POINT (-105.816478556178 28.603497893971596),0.3663656546636395,51303.0,Mexico,Zinc,19380000.0,2.13,41279400.0,50283000.0,0.015519337438767617
COM00569.00,POINT (33.219698874397096 47.6799792704322),34.64632934358914,80814.0,Ukraine,Iron,8195565000.0,0.294,2409496110.0,2409496110.0,0.004227448546084271
COM00578.00,POINT (82.351582070288 50.2373847681535),0.4285300432502222,80809.0,Kazakhstan,Silver,33875.0,445.0,15074375.0,117259523.0,1.6262719169201199
COM00578.00,POINT (82.351582070288 50.2373847681535),0.4285300432502222,80809.0,Kazakhstan,Gold,183.0,35300.0,6459900.0,117259523.0,129.00539026355108
COM00578.00,POINT (82.351582070288 50.2373847681535),0.4285300432502222,80809.0,Kazakhstan,Copper,9732800.0,5.52,53725055.99999999,117259523.0,0.02017308085707654
COM00578.00,POINT (82.351582070288 50.2373847681535),0.4285300432502222,80809.0,Kazakhstan,Zinc,19718400.0,2.13,42000192.0,117259523.0,0.007784177939415405
COM00581.00,POINT (-73.3967023817125 -15.807464100365403),0.10165801213235515,61315.0,Peru,Gold,125.0,35300.0,4412500.0,131791440.0,27.22883844559356
COM00581.00,POINT (-73.3967023817125 -15.807464100365403),0.10165801213235515,61315.0,Peru,Copper,22000.0,5.52,121439.99999999999,131791440.0,0.004257880686109813
COM00581.00,POINT (-73.3967023817125 -15.807464100365403),0.10165801213235515,61315.0,Peru,Lead,17143000.0,1.64,28114520.0,131791440.0,0.0012650225226847997
COM00581.00,POINT (-73.3967023817125 -15.807464100365403),0.10165801213235515,61315.0,Peru,Zinc,46546000.0,2.13,99142980.0,131791440.0,0.0016429865690967217
COM00586.00,POINT (40.942249999999994 23.851027999999996),1.1555675129465106,81325.0,Saudi Arabia,Copper,49895161.0,5.52,275421288.71999997,275421288.71999997,0.02315991149816133
COM00588.00,POINT (-40.5202178 -11.258323599999999),0.3394779280252694,61304.0,Brazil,Gold,4971.0,35300.0,175476300.0,175476300.0,68.29167733358868
COM00590.00,POINT (120.939497506892 -30.726360418906594),1.656788416188777,11201.0,Australia,Gold,517.0,35300.0,18250100.0,18250100.0,3204.619760519878
COM00592.00,POINT (-115.90548279999997 41.4075952),5.417938560186916,51305.0,United States of America,Gold,8667.0,35300.0,305945100.0,305945100.0,625.1227137633456
COM00603.00,POINT (-74.8046796 -12.939844200000001),1.0481220206111956,60153.0,Peru,Silver,81140.0,445.0,36107300.0,38889240.0,11.993402266847644
COM00603.00,POINT (-74.8046796 -12.939844200000001),1.0481220206111956,60153.0,Peru,Gold,5.0,35300.0,176500.0,38889240.0,951.3867416173523
COM00603.00,POINT (-74.8046796 -12.939844200000001),1.0481220206111956,60153.0,Peru,Copper,185000.0,5.52,1021199.9999999999,38889240.0,0.14877209104044717
COM00603.00,POINT (-74.8046796 -12.939844200000001),1.0481220206111956,60153.0,Peru,Lead,966000.0,1.64,1584240.0,38889240.0,0.044200403859843
COM00605.00,POINT (120.6199355 -26.358560499999996),24.29238393071692,11310.0,Australia,Gold,9335.0,35300.0,329525500.0,329525500.0,2602.2907263756742
COM00617.00,POINT (121.57608372334398 -30.604924965154602),6.6772980010956,11310.0,Australia,Gold,2981.0,35300.0,105229300.0,105229300.0,2239.9523653457227
COM00618.00,POINT (26.433834887654896 -12.091190060953698),76.45928482967322,30704.0,Zambia,Copper,92117844.0,5.52,508490498.87999994,638394498.8799999,0.6611198138459062
COM00618.00,POINT (26.433834887654896 -12.091190060953698),76.45928482967322,30704.0,Zambia,Gold,3680.0,35300.0,129904000.0,638394498.8799999,4227.813302311683
COM00623.00,POINT (-58.7600994361596 5.4497334493571605),18.412300775505923,60125.0,Guyana,Gold,733.0,35300.0,25874900.0,25874900.0,25119.100648712036
COM00625.00,POINT (74.69223895327589 26.535460217830902),0.4257309126933438,40206.0,India,Lead,10341000.0,1.64,16959240.0,225582090.0,0.003095098094077787
COM00625.00,POINT (74.69223895327589 26.535460217830902),0.4257309126933438,40206.0,India,Zinc,97945000.0,2.13,208622850.0,225582090.0,0.004019853012430296
COM00629.00,POINT (115.437974481598 -0.040833047992289),2.714716367204562,40102.0,Indonesia,Gold,1219.0,35300.0,43030700.0,43030700.0,2227.002762267893
COM00631.00,POINT (-135.05713528975198 58.84935989197141),0.2266417058385041,50520.0,United States of America,Gold,3620.0,35300.0,127786000.0,127786000.0,62.60820603273594
COM00632.00,POINT (76.1036488347813 49.40423039595161),2.969652392573396,80810.0,Kazakhstan,Iron,220000000.0,0.294,64680000.0,64680000.0,0.013498419966242708
COM00635.00,POINT (26.928063599999998 67.6940593),10.54491112525735,80608.0,Finland,Copper,27498000.0,5.52,151788960.0,439103160.0,0.13256089847183194
COM00635.00,POINT (26.928063599999998 67.6940593),10.54491112525735,80608.0,Finland,Nickel,13948000.0,12.5,174350000.0,439103160.0,0.3001831940032426
COM00635.00,POINT (26.928063599999998 67.6940593),10.54491112525735,80608.0,Finland,Gold,630.0,35300.0,22239000.0,439103160.0,847.7173398651571
COM00635.00,POINT (26.928063599999998 67.6940593),10.54491112525735,80608.0,Finland,Cobalt,591000.0,32.1,18971100.0,439103160.0,0.770870442200327
COM00635.00,POINT (26.928063599999998 67.6940593),10.54491112525735,80608.0,Finland,Palladium,1157.0,28100.0,32511700.0,439103160.0,674.8118201192893
COM00635.00,POINT (26.928063599999998 67.6940593),10.54491112525735,80608.0,Finland,Platinum,1576.0,24900.0,39242400.0,439103160.0,597.9649224544593
COM00642.00,POINT (29.593222000000004 3.11375),9.38774934711933,30712.0,DR Congo,Gold,22869.0,35300.0,807275700.0,807275700.0,410.5010864978499
COM00643.00,POINT (-81.37325709999999 48.69004650000001),7.271883375079481,50602.0,Canada,Silver,46890.0,445.0,20866050.0,559534050.0,5.783362249197111
COM00643.00,POINT (-81.37325709999999 48.69004650000001),7.271883375079481,50602.0,Canada,Copper,33500000.0,5.52,184920000.0,559534050.0,0.07173968452936641
COM00643.00,POINT (-81.37325709999999 48.69004650000001),7.271883375079481,50602.0,Canada,Zinc,67600000.0,2.13,143988000.0,559534050.0,0.027682160878179433
COM00643.00,POINT (-81.37325709999999 48.69004650000001),7.271883375079481,50602.0,Canada,Copper cathode,38000000.0,5.52,209759999.99999997,559534050.0,0.07173968452936641
COM00648.00,POINT (27.970171499999996 -12.248818200000002),0.8976315154045431,30704.0,DR Congo,Copper,31059000.0,5.52,171445680.0,171445680.0,0.02890085049114727
COM00649.00,POINT (27.566499699999998 -11.3633772),13.431616470063371,30704.0,DR Congo,Copper cathode,79711000.0,5.52,440004719.99999994,782653200.0,0.09473228105979736
COM00649.00,POINT (27.566499699999998 -11.3633772),13.431616470063371,30704.0,DR Congo,Copper,62074000.0,5.52,342648480.0,782653200.0,0.09473228105979739
COM00651.00,POINT (27.100712282479698 -11.249265167674299),4.71499929412764,30704.0,DR Congo,Copper cathode,9896000.0,5.52,54625919.99999999,282353519.99999994,0.09217804723519854
COM00651.00,POINT (27.100712282479698 -11.249265167674299),4.71499929412764,30704.0,DR Congo,Copper,41255000.0,5.52,227727599.99999997,282353519.99999994,0.09217804723519854
COM00655.00,POINT (25.4018368 67.914508),5.881747833132928,80608.0,Finland,Silver,369.0,445.0,164205.0,186089305.0,14.065170406994392
COM00655.00,POINT (25.4018368 67.914508),5.881747833132928,80608.0,Finland,Gold,5267.0,35300.0,185925100.0,186089305.0,1115.7314952065212
COM00657.00,POINT (27.660550000000004 -26.4024115),3.7319937941808528,31009.0,South Africa,Gold,13835.0,35300.0,488375500.0,488375500.0,269.7501838945322
COM00662.00,POINT (25.401656592684997 -10.710985879888),66.37739714335439,30704.0,DR Congo,Copper,53235000.0,5.52,293857200.0,293857200.0,1.2468751224449026
COM00668.00,POINT (26.744955329727798 -26.9831937848587),1.1131253026463013,31009.0,South Africa,Gold,2580.0,35300.0,91074000.0,91074000.0,431.4439157543803
COM00671.00,POINT (77.7882085284427 48.6062063433528),1.2212326876784945,81318.0,Kazakhstan,Silver,13021.0,445.0,5794345.0,97943940.0,5.548567333690374
COM00671.00,POINT (77.7882085284427 48.6062063433528),1.2212326876784945,81318.0,Kazakhstan,Gold,625.0,35300.0,22062500.0,97943940.0,440.14477950397804
COM00671.00,POINT (77.7882085284427 48.6062063433528),1.2212326876784945,81318.0,Kazakhstan,Copper,8162700.0,5.52,45058104.0,97943940.0,0.06882717231903566
COM00671.00,POINT (77.7882085284427 48.6062063433528),1.2212326876784945,81318.0,Kazakhstan,Zinc,11750700.0,2.13,25028991.0,97943940.0,0.02655831105788876
COM00673.00,POINT (74.9787041037453 46.986981633833),29.25838558544916,81310.0,Kazakhstan,Silver,6831.0,445.0,3039795.0,71402235.0,182.3469753506298
COM00673.00,POINT (74.9787041037453 46.986981633833),29.25838558544916,81310.0,Kazakhstan,Copper,12384500.0,5.52,68362440.0,71402235.0,2.2619220313156774
COM00680.00,POINT (27.3195922955006 -25.7135632267719),0.4814144200585372,30709.0,South Africa,PGM,15863.0,54375.6,862560142.8,862560142.8,30.34825821462127
COM00683.00,POINT (121.23381699999997 -30.699490999999995),5.070733889057712,11201.0,Australia,Gold,3334.0,35300.0,117690200.0,117690200.0,1520.9159835206094
COM00684.00,POINT (169.55663679999998 66.7868346),8.497812057563428,81103.0,Russian Federation,Silver,102828.0,445.0,45758460.0,540593860.0,6.995133769398945
COM00684.00,POINT (169.55663679999998 66.7868346),8.497812057563428,81103.0,Russian Federation,Gold,14018.0,35300.0,494835400.0,540593860.0,554.8948810332197
COM00689.00,POINT (29.3374177 62.85922999999999),0.12908457261439138,80608.0,Finland,Copper,7353000.0,5.52,40588560.0,79497290.0,0.008963158880402593
COM00689.00,POINT (29.3374177 62.85922999999999),0.12908457261439138,80608.0,Finland,Zinc,1011000.0,2.13,2153430.0,79497290.0,0.0034586102201553497
COM00689.00,POINT (29.3374177 62.85922999999999),0.12908457261439138,80608.0,Finland,Gold,605.0,35300.0,21356500.0,79497290.0,57.31875153590789
COM00689.00,POINT (29.3374177 62.85922999999999),0.12908457261439138,80608.0,Finland,Cobalt,278000.0,32.1,8923800.0,79497290.0,0.05212271740234117
COM00689.00,POINT (29.3374177 62.85922999999999),0.12908457261439138,80608.0,Finland,Nickel,518000.0,12.5,6475000.0,79497290.0,0.020297008334245005
COM00690.00,POINT (96.0021126237194 52.0450496151072),1.3238950717403726,80519.0,Russian Federation,Lead,4152000.0,1.64,6809280.0,219634620.0,0.009885453930961388
COM00690.00,POINT (96.0021126237194 52.0450496151072),1.3238950717403726,80519.0,Russian Federation,Zinc,99918000.0,2.13,212825340.0,219634620.0,0.012839034678626684
COM00692.00,POINT (-78.1284556742801 -7.8877169331924),8.371594347328102,60153.0,Peru,Gold,5545.0,35300.0,195738500.0,195738500.0,1509.7555180032646
COM00694.00,POINT (-69.2684026958665 -26.81175530101009),13.023582500011448,61001.0,Chile,Gold,5051.0,35300.0,178300300.0,232031380.0,1981.3374477641948
COM00694.00,POINT (-69.2684026958665 -26.81175530101009),13.023582500011448,61001.0,Chile,Silver,120744.0,445.0,53731080.0,232031380.0,24.977200120540136
COM00695.00,POINT (-110.5733343 28.804237100000005),4.739620221391779,50201.0,Mexico,Silver,232230.0,445.0,103342350.0,170883450.0,12.342511802748259
COM00695.00,POINT (-110.5733343 28.804237100000005),4.739620221391779,50201.0,Mexico,Gold,130.0,35300.0,4589000.0,170883450.0,979.0801497460977
COM00695.00,POINT (-110.5733343 28.804237100000005),4.739620221391779,50201.0,Mexico,Lead,11150000.0,1.64,18286000.0,170883450.0,0.04548700978990369
COM00695.00,POINT (-110.5733343 28.804237100000005),4.739620221391779,50201.0,Mexico,Zinc,20970000.0,2.13,44666100.0,170883450.0,0.059077640763716376
COM00696.00,POINT (-108.88994589999999 28.7058658),3.998173135343795,50302.0,Mexico,Silver,3770.0,445.0,1677650.0,83785450.0,21.235035978537905
COM00696.00,POINT (-108.88994589999999 28.7058658),3.998173135343795,50302.0,Mexico,Gold,2326.0,35300.0,82107800.0,83785450.0,1684.4871236907597
COM00698.00,POINT (-78.88866349999999 -6.8358341000000005),5.896186886974243,61004.0,Peru,Silver,3023.0,445.0,1345235.0,35939235.0,73.00665038372514
COM00698.00,POINT (-78.88866349999999 -6.8358341000000005),5.896186886974243,61004.0,Peru,Gold,980.0,35300.0,34594000.0,35939235.0,5791.314064147185
COM00699.00,POINT (-78.24358299999999 -7.9497500000000025),12.437232564016856,61004.0,Peru,Gold,7620.0,35300.0,268986000.0,268986000.0,1632.1827511833144
COM00701.00,POINT (-100.14884179999999 54.8726234),0.2149176800104934,50609.0,Canada,Silver,39203.0,445.0,17445335.0,406413240.03999996,0.23532296239969114
COM00701.00,POINT (-100.14884179999999 54.8726234),0.2149176800104934,50609.0,Canada,Gold,3319.0,35300.0,117160700.0,406413240.03999996,18.66719229822269
COM00701.00,POINT (-100.14884179999999 54.8726234),0.2149176800104934,50609.0,Canada,Copper,11525850.0,5.52,63622691.99999999,406413240.03999996,0.002919062365047854
COM00701.00,POINT (-100.14884179999999 54.8726234),0.2149176800104934,50609.0,Canada,Zinc,97739208.0,2.13,208184513.04,406413240.03999996,0.0011263773256434653
COM00707.00,POINT (-78.44162679999998 48.24846),5.407745021231789,50602.0,Canada,Gold,9711.0,35300.0,342798300.0,400722355.0,476.3732216773435
COM00707.00,POINT (-78.44162679999998 48.24846),5.407745021231789,50602.0,Canada,Silver,25033.0,445.0,11139685.0,400722355.0,6.00527149139994
COM00707.00,POINT (-78.44162679999998 48.24846),5.407745021231789,50602.0,Canada,Copper,3397000.0,5.52,18751440.0,400722355.0,0.07449235647759027
COM00707.00,POINT (-78.44162679999998 48.24846),5.407745021231789,50602.0,Canada,Zinc,13161000.0,2.13,28032930.0,400722355.0,0.028744333206026675
COM00708.00,POINT (-72.3355683 -14.089334399999998),38.610342379294366,61003.0,Peru,Silver,155191.0,445.0,69059995.0,2357376075.0,7.288443511833806
COM00708.00,POINT (-72.3355683 -14.089334399999998),38.610342379294366,61003.0,Peru,Gold,3052.0,35300.0,107735600.0,2357376075.0,578.1619235229963
COM00708.00,POINT (-72.3355683 -14.089334399999998),38.610342379294366,61003.0,Peru,Copper,385299000.0,5.52,2126850479.9999998,2357376075.0,0.09040945659623056
COM00708.00,POINT (-72.3355683 -14.089334399999998),38.610342379294366,61003.0,Peru,Molybdenum,1990000.0,27.0,53730000.0,2357376075.0,0.4422201681337365
COM00709.00,POINT (-102.365054113762 18.0631283389691),7.949464771859208,60217.0,Mexico,Iron,910000000.0,0.294,267539999.99999997,267539999.99999997,0.008735675573471657
COM00720.00,POINT (125.77829652992901 -18.3201753814685),0.797979348345112,10706.0,Australia,Lead,12400000.0,1.64,20336000.0,109796000.0,0.01191925144163707
COM00720.00,POINT (125.77829652992901 -18.3201753814685),0.797979348345112,10706.0,Australia,Zinc,42000000.0,2.13,89460000.0,109796000.0,0.015480491201638389
COM00721.00,POINT (121.33037917858299 -28.914252245379394),6.584016729017372,11310.0,Australia,Gold,6782.0,35300.0,239404600.0,239404600.0,970.8075389291319
COM00725.00,POINT (152.642080705952 -3.123610482289739),7.105252428126514,10111.0,Papua New Guinea,Silver,1773.0,445.0,788985.0,1049340185.0,3.013167107972996
COM00725.00,POINT (152.642080705952 -3.123610482289739),7.105252428126514,10111.0,Papua New Guinea,Gold,29704.0,35300.0,1048551200.0,1049340185.0,239.02202002572307
COM00728.00,POINT (62.542235498340894 52.535705941202),2.2901492934733474,80810.0,Kazakhstan,Iron,495000000.0,0.294,145530000.0,145530000.0,0.004626564229239086
COM00736.00,POINT (-67.1377778 10.151666700000002),4.447023203503582,61309.0,Venezuela,Nickel,8100000.0,12.5,101250000.0,101250000.0,0.5490152103090842
COM00737.00,POINT (-70.0138928196934 -27.780022658069996),0.5801289249534398,61201.0,Chile,Copper,78900000.0,5.52,435527999.99999994,842501039.9999999,0.003800958709490718
COM00737.00,POINT (-70.0138928196934 -27.780022658069996),0.5801289249534398,61201.0,Chile,Copper cathode,73727000.0,5.52,406973039.99999994,842501039.9999999,0.0038009587094907185
COM00739.00,POINT (-114.49729874630198 41.00999762813),6.442305873449574,51305.0,United States of America,Gold,4819.0,35300.0,170110700.0,170110700.0,1336.8553379227171
COM00741.00,POINT (105.06874700432098 34.35880179230299),0.9974064788357326,80434.0,China,Gold,2927.0,35300.0,103323100.0,103323100.0,340.76066922983694
COM00746.00,POINT (-99.6763802 17.8905403),18.317312275867756,60205.0,Mexico,Gold,8487.0,35300.0,299591100.0,299591100.0,2158.2788118142757
COM00747.00,POINT (-70.48748383232841 -31.715691332597093),20.193436984517987,61008.0,Chile,Gold,1857.0,35300.0,65552100.0,2373920100.0,300.2747756984259
COM00747.00,POINT (-70.48748383232841 -31.715691332597093),20.193436984517987,61008.0,Chile,Copper,363400000.0,5.52,2005967999.9999998,2373920100.0,0.046955149061056974
COM00747.00,POINT (-70.48748383232841 -31.715691332597093),20.193436984517987,61008.0,Chile,Molybdenum,11200000.0,27.0,302400000.0,2373920100.0,0.22967192475517
COM00751.00,POINT (27.767665399999995 -12.297004099999999),0.5998050088956511,30704.0,Zambia,Copper,18299000.0,5.52,101010479.99999999,101010479.99999999,0.03277802114299421
COM00754.00,POINT (25.822027999999996 -12.238471999999998),103.53842332504408,30704.0,Zambia,Copper,101604691.0,5.52,560857894.3199999,560857894.3199999,1.0190319197471314
COM00758.00,POINT (170.428735 -45.359417),18.070774615041,10801.0,New Zealand,Gold,5365.0,35300.0,189384500.0,189489520.0,3366.4043473799884
COM00758.00,POINT (170.428735 -45.359417),18.070774615041,10801.0,New Zealand,Silver,236.0,445.0,105020.0,189489520.0,42.43767520068258
COM00762.00,POINT (83.2960312624179 22.832637918003005),167.1779824800074,40111.0,India,Alumina,256354200.0,0.881,225848050.2,225848050.2,0.6521367017977758
COM00763.00,POINT (-76.87478819999998 -10.681315799999998),0.8469103795174285,61315.0,Peru,Silver,15988.0,445.0,7114660.0,18855810.0,19.987214491727258
COM00763.00,POINT (-76.87478819999998 -10.681315799999998),0.8469103795174285,61315.0,Peru,Lead,1768000.0,1.64,2899520.0,18855810.0,0.0736607455425454
COM00763.00,POINT (-76.87478819999998 -10.681315799999998),0.8469103795174285,61315.0,Peru,Zinc,4151000.0,2.13,8841630.0,18855810.0,0.0956691390278181
COM00766.00,POINT (-69.494 -48.793),1.1231574072553165,60805.0,Argentina,Silver,73552.0,445.0,32730640.0,55110840.0,9.06908779159628
COM00766.00,POINT (-69.494 -48.793),1.1231574072553165,60805.0,Argentina,Gold,634.0,35300.0,22380200.0,55110840.0,719.4130315580869
COM00769.00,POINT (-70.07475009999999 -23.442979000000005),30.45895710199121,61303.0,Chile,Copper cathode,20400000.0,5.52,112607999.99999999,212519999.99999997,0.7911417429088626
COM00769.00,POINT (-70.07475009999999 -23.442979000000005),30.45895710199121,61303.0,Chile,Copper,18100000.0,5.52,99911999.99999999,212519999.99999997,0.7911417429088626
COM00770.00,POINT (-70.3270869 -26.558137899999995),35.31991649394324,61201.0,Chile,Copper cathode,32300000.0,5.52,178296000.0,178296000.0,1.0934958666855492
COM00773.00,POINT (-76.2943766761972 -10.794216594005599),4.021740741614,61003.0,Peru,Silver,43302.0,445.0,19269390.0,279348870.0,6.406593411379219
COM00773.00,POINT (-76.2943766761972 -10.794216594005599),4.021740741614,61003.0,Peru,Gold,582.0,35300.0,20544600.0,279348870.0,508.20842117232905
COM00773.00,POINT (-76.2943766761972 -10.794216594005599),4.021740741614,61003.0,Peru,Copper,43394000.0,5.52,239534879.99999997,279348870.0,0.0794705519793557
COM00775.00,POINT (-69.2970037 -27.551667700000007),5.201692601933234,61008.0,Chile,Gold,1868.0,35300.0,65940400.0,65940400.0,2784.632013882888
COM00776.00,POINT (-117.14910119999996 40.7495727),27.154830783097886,51305.0,United States of America,Gold,6849.0,35300.0,241769700.0,241769700.0,3964.787674565321
COM00779.00,POINT (99.0649813007943 1.5121182718548),3.0286421750995824,40158.0,Indonesia,Gold,9072.0,35300.0,320241600.0,320241600.0,333.84503693778464
COM00780.00,POINT (-69.70110857535998 -48.6928839737868),0.23979729423833196,60805.0,Argentina,Silver,44596.0,445.0,19845220.0,21680820.0,4.921852399312283
COM00780.00,POINT (-69.70110857535998 -48.6928839737868),0.23979729423833196,60805.0,Argentina,Gold,52.0,35300.0,1835600.0,21680820.0,390.43008920387325
COM00785.00,POINT (136.0936584 -16.4344558),33.56906231094456,10704.0,Australia,Silver,47485.0,445.0,21130825.0,689478825.0,21.66597752783826
COM00785.00,POINT (136.0936584 -16.4344558),33.56906231094456,10704.0,Australia,Lead,55300000.0,1.64,90692000.0,689478825.0,0.07984764751832528
COM00785.00,POINT (136.0936584 -16.4344558),33.56906231094456,10704.0,Australia,Zinc,271200000.0,2.13,577656000.0,689478825.0,0.10370456659392245
COM00786.00,POINT (-96.0726469 65.02159879999999),8.428034407998325,51115.0,Canada,Silver,2438.0,445.0,1084910.0,194387710.0,19.293788231566978
COM00786.00,POINT (-96.0726469 65.02159879999999),8.428034407998325,51115.0,Canada,Gold,5476.0,35300.0,193302800.0,194387710.0,1530.4960102793582
COM00789.00,POINT (-92.22135049999999 63.03285609999999),3.278597538046281,51114.0,Canada,Silver,510.0,445.0,226950.0,238396050.0,6.119966771389858
COM00789.00,POINT (-92.22135049999999 63.03285609999999),3.278597538046281,51114.0,Canada,Gold,6747.0,35300.0,238169100.0,238396050.0,485.4715214158696
COM00790.00,POINT (-110.4945843 30.329545199999995),1.5904488203284532,50302.0,Mexico,Silver,12382.0,445.0,5509990.0,121011590.0,5.848611071436725
COM00790.00,POINT (-110.4945843 30.329545199999995),1.5904488203284532,50302.0,Mexico,Gold,3272.0,35300.0,115501600.0,121011590.0,463.9460018465537
COM00791.00,POINT (-54.54955669999999 5.1249924),238.6291058014822,60125.0,Suriname,Gold,14829.0,35300.0,523463700.0,523463700.0,16092.056497503689
COM00800.00,POINT (-110.84683537537599 33.41059980066629),34.44254058758439,50503.0,United States of America,Copper,6803886.0,5.52,37557450.72,37557450.72,5.062186607415878
COM00802.00,POINT (107.09651627066499 41.1322936954404),0.6614303038103774,81314.0,China,Lead,14050000.0,1.64,23042000.0,187729105.0,0.005778249985525786
COM00802.00,POINT (107.09651627066499 41.1322936954404),0.6614303038103774,81314.0,China,Zinc,74435000.0,2.13,158546550.0,187729105.0,0.007504678334859711
COM00802.00,POINT (107.09651627066499 41.1322936954404),0.6614303038103774,81314.0,China,Silver,13799.0,445.0,6140555.0,187729105.0,1.5678788070481555
COM00811.00,POINT (35.4198585988619 52.31192306996759),14.41753447446415,80419.0,Russian Federation,Iron,11077440000.0,0.294,3256767360.0,3256767360.0,0.0013015222356847927
COM00816.00,POINT (29.825327399999995 -20.3279071),0.7887605903911019,30717.0,Zimbabwe,PGM,7776.0,54375.6,422824665.59999996,422824665.59999996,101.4352611099668
COM00822.00,POINT (-71.0267176 -34.0341147),2.4821207988827925,61201.0,Chile,Gold,2275.0,35300.0,80307500.0,86245135.0,1015.9281935214382
COM00822.00,POINT (-71.0267176 -34.0341147),2.4821207988827925,61201.0,Chile,Silver,13343.0,445.0,5937635.0,86245135.0,12.807026802182436
COM00824.00,POINT (-68.9104366998587 -22.3819041962755),178.48700007333392,61303.0,Chile,Silver,143780.0,445.0,63982100.0,1143059300.0,69.4860844337941
COM00824.00,POINT (-68.9104366998587 -22.3819041962755),178.48700007333392,61303.0,Chile,Copper,195485000.0,5.52,1079077200.0,1143059300.0,0.8619397439877382
COM00826.00,POINT (-92.51572811588458 47.5636914717236),5.487155514291062,50416.0,United States of America,Iron,1820000000.0,0.294,535079999.99999994,535079999.99999994,0.003014920612247836
COM00827.00,POINT (-137.246686376656 62.6180939226261),8.147201974393164,50617.0,Canada,Silver,3004.0,445.0,1336780.0,66116547.199999996,54.83506069423055
COM00827.00,POINT (-137.246686376656 62.6180939226261),8.147201974393164,50617.0,Canada,Gold,206.0,35300.0,7271800.0,66116547.199999996,4349.837398890648
COM00827.00,POINT (-137.246686376656 62.6180939226261),8.147201974393164,50617.0,Canada,Copper,10418110.0,5.52,57507967.199999996,66116547.199999996,0.680201202319444
COM00829.00,POINT (26.8022387 -26.987488100000004),0.7581116724276891,31009.0,South Africa,Gold,8335.0,35300.0,294225500.0,294225500.0,90.95520964939281
COM00831.00,POINT (30.128425279185198 -24.640013739015604),0.7228774537912144,30717.0,South Africa,Gold,87.0,35300.0,3071100.0,300148346.0,85.01654085020301
COM00831.00,POINT (30.128425279185198 -24.640013739015604),0.7228774537912144,30717.0,South Africa,Copper,345000.0,5.52,1904399.9999999998,300148346.0,0.013294371260428347
COM00831.00,POINT (30.128425279185198 -24.640013739015604),0.7228774537912144,30717.0,South Africa,Iridium,236.0,92020.0,21716720.0,300148346.0,221.6210223522856
COM00831.00,POINT (30.128425279185198 -24.640013739015604),0.7228774537912144,30717.0,South Africa,Nickel,557000.0,12.5,6962500.0,300148346.0,0.030105007383216368
COM00831.00,POINT (30.128425279185198 -24.640013739015604),0.7228774537912144,30717.0,South Africa,Palladium,3237.0,28100.0,90959700.0,300148346.0,67.67605659747039
COM00831.00,POINT (30.128425279185198 -24.640013739015604),0.7228774537912144,30717.0,South Africa,Platinum,3425.0,24900.0,85282500.0,300148346.0,59.969174707367
COM00831.00,POINT (30.128425279185198 -24.640013739015604),0.7228774537912144,30717.0,South Africa,Rhodium,690.0,118000.0,81420000.0,300148346.0,284.19126969756246
COM00831.00,POINT (30.128425279185198 -24.640013739015604),0.7228774537912144,30717.0,South Africa,Ruthenium,997.0,8858.0,8831426.0,300148346.0,21.333612432042447
COM00832.00,POINT (28.913987 -23.971408999999998),37.569091629808646,30717.0,South Africa,PGM,36752.0,54375.6,1998412051.2,2854601551.2,715.6311878157096
COM00832.00,POINT (28.913987 -23.971408999999998),37.569091629808646,30717.0,South Africa,Palladium,16824.0,28100.0,472754400.0,2854601551.2,369.82095604685634
COM00832.00,POINT (28.913987 -23.971408999999998),37.569091629808646,30717.0,South Africa,Platinum,15399.0,24900.0,383435100.0,2854601551.2,327.70611407710754
COM00834.00,POINT (-67.35099800000002 52.7484905),54.07418017991924,50605.0,Canada,Iron,15470000000.0,0.294,4548180000.0,4548180000.0,0.003495422118934663
COM00835.00,POINT (-82.0932255945585 48.665305892838596),0.8815679628146785,50602.0,Canada,Nickel,2000000.0,12.5,25000000.0,25000000.0,0.44078398140733926
COM00838.00,POINT (28.18003311888 -12.795913441425299),1.486198762475122,30704.0,Zambia,Copper,21600000.0,5.52,119231999.99999999,122441999.99999999,0.06700165930695899
COM00838.00,POINT (28.18003311888 -12.795913441425299),1.486198762475122,30704.0,Zambia,Cobalt,100000.0,32.1,3210000.0,122441999.99999999,0.3896292144480768
COM00840.00,POINT (-109.3353162 33.0634695),90.37135581592749,50503.0,United States of America,Copper,453592370.0,5.52,2503829882.3999996,2565064856.3999996,0.1944784681990623
COM00840.00,POINT (-109.3353162 33.0634695),90.37135581592749,50503.0,United States of America,Molybdenum,2267962.0,27.0,61234974.0,2565064856.3999996,0.9512533770606312
COM00841.00,POINT (-6.846885699999999 11.6809),13.393318104498386,30722.0,Mali,Gold,2126.0,35300.0,75047800.0,75047800.0,6299.773332313446
COM00842.00,POINT (-76.1406631 -11.5967264),29.525874808950064,61003.0,Peru,Silver,75303.0,445.0,33509835.0,109551026.58999999,119.93510877041959
COM00842.00,POINT (-76.1406631 -11.5967264),29.525874808950064,61003.0,Peru,Gold,43.0,35300.0,1517900.0,109551026.58999999,9513.95357212542
COM00842.00,POINT (-76.1406631 -11.5967264),29.525874808950064,61003.0,Peru,Copper,1982665.0,5.52,10944310.799999999,109551026.58999999,1.4877343829499239
COM00842.00,POINT (-76.1406631 -11.5967264),29.525874808950064,61003.0,Peru,Lead,7107259.0,1.64,11655904.76,109551026.58999999,0.44200804131120924
COM00842.00,POINT (-76.1406631 -11.5967264),29.525874808950064,61003.0,Peru,Zinc,24377031.0,2.13,51923076.029999994,109551026.58999999,0.5740714195078511
COM00843.00,POINT (-81.3982342087303 46.63810352715069),1.0397975301880908,50406.0,Canada,Copper,7400000.0,5.52,40848000.0,40848000.0,0.1405131797551474
COM00847.00,POINT (-43.7419114602547 -19.8594172935267),0.8303375602960085,60104.0,Brazil,Gold,5812.0,35300.0,205163600.0,205163600.0,142.86606336820518
COM00849.00,POINT (30.1230897 -24.994282299999995),0.52713049308552,31004.0,South Africa,PGM,6955.0,54375.6,378182298.0,401253798.0,71.43368357555335
COM00849.00,POINT (30.1230897 -24.994282299999995),0.52713049308552,31004.0,South Africa,Palladium,339.0,28100.0,9525900.0,401253798.0,36.91520660871878
COM00849.00,POINT (30.1230897 -24.994282299999995),0.52713049308552,31004.0,South Africa,Platinum,544.0,24900.0,13545600.0,401253798.0,32.71133966395365
COM00851.00,POINT (145.1144367 -17.676125699999996),1.2347966031813569,10705.0,Australia,Silver,3600.0,445.0,1602000.0,123912760.0,4.434446367070702
COM00851.00,POINT (145.1144367 -17.676125699999996),1.2347966031813569,10705.0,Australia,Gold,11.0,35300.0,388300.0,123912760.0,351.7661949608894
COM00851.00,POINT (145.1144367 -17.676125699999996),1.2347966031813569,10705.0,Australia,Copper,10324000.0,5.52,56988479.99999999,123912760.0,0.05500706504770846
COM00851.00,POINT (145.1144367 -17.676125699999996),1.2347966031813569,10705.0,Australia,Lead,924000.0,1.64,1515360.0,123912760.0,0.016342678746058315
COM00851.00,POINT (145.1144367 -17.676125699999996),1.2347966031813569,10705.0,Australia,Zinc,29774000.0,2.13,63418620.0,123912760.0,0.02122555227384403
COM00853.00,POINT (120.556241628459 -27.209570416765995),28.556245793617677,11310.0,Australia,Nickel,155109600.0,12.5,1938870000.0,1938870000.0,0.18410366472234907
COM00855.00,POINT (121.92327110000001 -31.014823899999996),4.223681086790143,11201.0,Australia,Gold,4983.0,35300.0,175899900.0,175899900.0,847.6181189625012
COM00860.00,POINT (27.4315738 -26.436934899999997),1.1613958619494251,31009.0,South Africa,Gold,7513.0,35300.0,265208900.0,265208900.0,154.58483454670906
COM00862.00,POINT (120.01858040000002 -33.561249),3.1067555313097834,11202.0,Australia,Lithium oxide,100535382.0,2.36,237263501.51999998,237391816.07999998,0.030885407824759455
COM00862.00,POINT (120.01858040000002 -33.561249),3.1067555313097834,11202.0,Australia,Tantalum pentoxide,15312.0,8.38,128314.56000000001,237391816.07999998,0.10966937185232384
COM00863.00,POINT (145.579352985561 -42.05981124205529),5.706840186179389,10413.0,Australia,Copper,17839000.0,5.52,98471279.99999999,98471279.99999999,0.3199080770323106
COM00864.00,POINT (117.81681717002999 -28.02735261657139),23.820962358296406,11310.0,Australia,Gold,5209.0,35300.0,183877700.0,183877700.0,4573.03942374667
COM00872.00,POINT (121.895012150019 -28.767619816523897),45.54022136097621,11310.0,Australia,Cobalt,3400000.0,32.1,109140000.0,568296000.0,2.572323411896857
COM00872.00,POINT (121.895012150019 -28.767619816523897),45.54022136097621,11310.0,Australia,Nickel,36600000.0,12.5,457500000.0,568296000.0,1.0016835716109256
COM00872.00,POINT (121.895012150019 -28.767619816523897),45.54022136097621,11310.0,Australia,Copper,300000.0,5.52,1655999.9999999998,568296000.0,0.44234346522338475
COM00874.00,POINT (-90.36632539999998 52.6115436),11.580224434507832,50602.0,Canada,Gold,6376.0,35300.0,225072800.0,225072800.0,1816.2208962527968
COM00876.00,POINT (25.8096099 -10.7874546),33.596518863482885,30704.0,DR Congo,Cobalt,25100000.0,32.1,805710000.0,1375374000.0,0.7841127253516502
COM00876.00,POINT (25.8096099 -10.7874546),33.596518863482885,30704.0,DR Congo,Copper,103200000.0,5.52,569664000.0,1375374000.0,0.13483807613523704
COM00886.00,POINT (15.765852899999999 -21.9838412),7.716336187830537,31316.0,Namibia,Gold,1871.0,35300.0,66046300.0,66046300.0,4124.1775456069145
COM00889.00,POINT (-7.978095800000001 37.57501890000001),1.3530652653811739,81209.0,Portugal,Silver,48364.0,445.0,21521980.0,418536420.0,1.4386180373374013
COM00889.00,POINT (-7.978095800000001 37.57501890000001),1.3530652653811739,81209.0,Portugal,Lead,5474000.0,1.64,8977360.0,418536420.0,0.005301873216254693
COM00889.00,POINT (-7.978095800000001 37.57501890000001),1.3530652653811739,81209.0,Portugal,Copper,41436000.0,5.52,228726719.99999997,418536420.0,0.01784532936202799
COM00889.00,POINT (-7.978095800000001 37.57501890000001),1.3530652653811739,81209.0,Portugal,Zinc,73202000.0,2.13,155920260.0,418536420.0,0.006885969482086888
COM00889.00,POINT (-7.978095800000001 37.57501890000001),1.3530652653811739,81209.0,Portugal,Tin,203000.0,16.7,3390100.0,418536420.0,0.05398858701917889
COM00899.00,POINT (121.570094894842 -21.657073773211703),9.914133182263976,11304.0,Australia,Copper,13080000.0,5.52,72201600.0,72201600.0,0.7579612524666648
COM00902.00,POINT (81.8892914102412 50.5873387232852),4.115072923251987,80810.0,Kazakhstan,Silver,4322.0,445.0,1923290.0,21410678.0,85.52776567127553
COM00902.00,POINT (81.8892914102412 50.5873387232852),4.115072923251987,80810.0,Kazakhstan,Gold,75.0,35300.0,2647500.0,21410678.0,6784.562085833768
COM00902.00,POINT (81.8892914102412 50.5873387232852),4.115072923251987,80810.0,Kazakhstan,Copper,1726400.0,5.52,9529728.0,21410678.0,1.0609286887762719
COM00902.00,POINT (81.8892914102412 50.5873387232852),4.115072923251987,80810.0,Kazakhstan,Zinc,3432000.0,2.13,7310160.0,21410678.0,0.4093800918647571
COM00904.00,POINT (30.593748100000003 -25.723441500000003),10.639348478039764,30725.0,South Africa,Cobalt,820000.0,32.1,26322000.0,411984244.4,0.8289712307868937
COM00904.00,POINT (30.593748100000003 -25.723441500000003),10.639348478039764,30725.0,South Africa,Copper,7163000.0,5.52,39539760.0,411984244.4,0.14255206211662474
COM00904.00,POINT (30.593748100000003 -25.723441500000003),10.639348478039764,30725.0,South Africa,Nickel,14209000.0,12.5,177612500.0,411984244.4,0.3228081116771393
COM00904.00,POINT (30.593748100000003 -25.723441500000003),10.639348478039764,30725.0,South Africa,PGM,3099.0,54375.6,168509984.4,411984244.4,1404.2307805849168
COM00906.00,POINT (-112.6482245 31.025206700000002),2.116233345189966,51310.0,Mexico,Silver,1474.0,445.0,655930.0,167695530.0,5.615676450108926
COM00906.00,POINT (-112.6482245 31.025206700000002),2.116233345189966,51310.0,Mexico,Gold,4732.0,35300.0,167039600.0,167695530.0,445.4682667165058
COM00916.00,POINT (34.51061179999999 -1.4670388999999997),6.0199551064197445,30716.0,Tanzania,Gold,10451.0,35300.0,368920300.0,368920300.0,576.0171377303363
COM00922.00,POINT (148.0636621 -32.937806200000004),22.996934066495665,10409.0,Australia,Gold,1905.0,35300.0,67246500.0,371950500.0,2182.5263645224218
COM00922.00,POINT (148.0636621 -32.937806200000004),22.996934066495665,10409.0,Australia,Copper,55200000.0,5.52,304704000.0,371950500.0,0.341290241704356
COM00928.00,POINT (72.9777717 50.1604341),11.147932461922345,80810.0,Kazakhstan,Silver,5140.0,445.0,2287300.0,129309239.99999999,38.36407936165617
COM00928.00,POINT (72.9777717 50.1604341),11.147932461922345,80810.0,Kazakhstan,Gold,745.0,35300.0,26298500.0,129309239.99999999,3043.2629246437364
COM00928.00,POINT (72.9777717 50.1604341),11.147932461922345,80810.0,Kazakhstan,Copper,18247000.0,5.52,100723439.99999999,129309239.99999999,0.4758870069131282
COM00932.00,POINT (-1.6921037 6.172193),0.8913437534561628,30111.0,Ghana,Gold,85.0,35300.0,3000500.0,3000500.0,10486.397099484268
COM00937.00,POINT (136.870109008325 -30.446427890263795),42.40289943347945,11309.0,Australia,Silver,28709.0,445.0,12775505.0,1015074604.9999999,18.589067399532034
COM00937.00,POINT (136.870109008325 -30.446427890263795),42.40289943347945,11309.0,Australia,Gold,3327.0,35300.0,117443100.0,1015074604.9999999,1474.5934364123166
COM00937.00,POINT (136.870109008325 -30.446427890263795),42.40289943347945,11309.0,Australia,Copper cathode,160300000.0,5.52,884855999.9999999,1015074604.9999999,0.23058798212453216
COM00940.00,POINT (-51.092391 -6.574276299999999),3.0025313144939303,60140.0,Brazil,Nickel,4494000.0,12.5,56175000.0,56175000.0,0.6681200076755519
COM00942.00,POINT (-72.3341999666725 -15.2771896844439),0.9785273060331782,61315.0,Peru,Silver,584.0,445.0,259880.0,46229480.0,9.419198554358914
COM00942.00,POINT (-72.3341999666725 -15.2771896844439),0.9785273060331782,61315.0,Peru,Gold,1296.0,35300.0,45748800.0,46229480.0,747.1858628513924
COM00942.00,POINT (-72.3341999666725 -15.2771896844439),0.9785273060331782,61315.0,Peru,Copper,40000.0,5.52,220799.99999999997,46229480.0,0.1168403955506993
COM00948.00,POINT (-62.0949809042755 56.3386196173858),2.6170207725128916,50606.0,Canada,Copper,25180400.0,5.52,138995808.0,723540808.0,0.01996563912435352
COM00948.00,POINT (-62.0949809042755 56.3386196173858),2.6170207725128916,50606.0,Canada,Nickel,46763600.0,12.5,584545000.0,723540808.0,0.045212045118554166
COM00949.00,POINT (106.8665028 43.02541980000001),27.968466529134954,81314.0,Mongolia,Silver,25911.0,445.0,11530395.0,1175374694.9999998,10.588936156622854
COM00949.00,POINT (106.8665028 43.02541980000001),27.968466529134954,81314.0,Mongolia,Gold,8090.999999999999,35300.0,285612299.99999994,1175374694.9999998,839.9762838849139
COM00949.00,POINT (106.8665028 43.02541980000001),27.968466529134954,81314.0,Mongolia,Copper,159100000.0,5.52,878231999.9999999,1175374694.9999998,0.1313503990664228
COM00950.00,POINT (121.35103229999999 -30.49180220000001),9.817162532492722,11201.0,Australia,Gold,4262.0,35300.0,150448600.0,150448600.0,2303.4168307115724
COM00953.00,POINT (31.1314637153702 -23.992356595688896),117.02257169728735,30725.0,South Africa,Gold,312.0,35300.0,11013600.0,282045600.0,14646.201823089044
COM00953.00,POINT (31.1314637153702 -23.992356595688896),117.02257169728735,30725.0,South Africa,Copper,49100000.0,5.52,271032000.0,282045600.0,2.290284251089278
COM00954.00,POINT (-108.40827569999999 27.3911752),4.600684101746403,60228.0,Mexico,Silver,191372.0,445.0,85160540.0,196990940.0,10.39288621739228
COM00954.00,POINT (-108.40827569999999 27.3911752),4.600684101746403,60228.0,Mexico,Gold,3168.0,35300.0,111830400.0,196990940.0,824.4244572448256
COM00959.00,POINT (-46.885077599999995 -17.1808882),49.61768564817419,60704.0,Brazil,Gold,16221.0,35300.0,572601300.0,572601300.0,3058.8549194361744
COM00966.00,POINT (116.24281049999998 -22.580181600000003),2.77002345695781,11307.0,Australia,Gold,698.0,35300.0,24639400.0,24639400.0,3968.514981314914
COM00970.00,POINT (-104.08909730681998 19.3738581233577),10.851384145606634,60310.0,Mexico,Iron,2535000000.0,0.294,745290000.0,745290000.0,0.00428062490950952
COM00971.00,POINT (-101.7177835 24.6570143),51.58646616263059,51307.0,Mexico,Silver,568945.0,445.0,253180525.0,945762591.48,24.272452356618782
COM00971.00,POINT (-101.7177835 24.6570143),51.58646616263059,51307.0,Mexico,Gold,8460.0,35300.0,298638000.0,945762591.48,1925.4327375025687
COM00971.00,POINT (-101.7177835 24.6570143),51.58646616263059,51307.0,Mexico,Lead,52752793.0,1.64,86514580.52,945762591.48,0.0894535322805726
COM00971.00,POINT (-101.7177835 24.6570143),51.58646616263059,51307.0,Mexico,Zinc,144333092.0,2.13,307429485.96,945762591.48,0.11618050229123147
COM00972.00,POINT (-117.35401069999999 48.87887049999999),0.544135788210249,50518.0,United States of America,Lead,3700000.0,1.64,6068000.0,69329000.0,0.012871708702920976
COM00972.00,POINT (-117.35401069999999 48.87887049999999),0.544135788210249,50518.0,United States of America,Zinc,29700000.0,2.13,63261000.0,69329000.0,0.016717524108062
COM00973.00,POINT (101.98123399999999 4.137054000000001),7.566047321193445,40146.0,Malaysia,Gold,826.0,35300.0,29157800.0,29157800.0,9159.863584979958
COM00982.00,POINT (-77.5877318 -9.4593198),9.451672336902154,61003.0,Peru,Gold,1680.0,35300.0,59304000.0,59304000.0,5625.995438632235
COM00990.00,POINT (-108.303056 28.270556000000003),4.057460482043008,50302.0,Mexico,Silver,77706.0,445.0,34579170.0,237871870.0,7.590514651897
COM00990.00,POINT (-108.303056 28.270556000000003),4.057460482043008,50302.0,Mexico,Gold,5759.0,35300.0,203292700.0,237871870.0,602.1239712628408
COM00994.00,POINT (27.3178787 -25.6482944),7.051757241057582,30709.0,South Africa,PGM,560.0,54375.6,30450336.0,30450336.0,12592.423644745682
COM00995.00,POINT (119.45073539999997 -25.315709499999993),6.169137955089782,11310.0,Australia,Gold,2017.0,35300.0,71200100.0,71200100.0,3058.571122999396
COM00997.00,POINT (-144.9045104 64.4535064),4.3065534330382755,51111.0,United States of America,Gold,5421.0,35300.0,191361300.0,191361300.0,794.4204820214492
COM01007.00,POINT (-81.24191969999998 48.4629544),3.9216328032736594,50602.0,Canada,Gold,8055.999999999999,35300.0,284376799.99999994,284376799.99999994,486.79652473605506
COM01008.00,POINT (143.09275 -5.463639),10.813648459193441,11002.0,Papua New Guinea,Gold,13358.0,35300.0,471537400.0,471537400.0,809.5260113185687
COM01012.00,POINT (16.897789876009895 44.8740544957155),6.116317838851973,80431.0,Bosnia and Herzegovina,Iron,770000000.0,0.294,226380000.0,226380000.0,0.00794326992058698
COM01015.00,POINT (135.5646667 -29.729713399999998),15.182738025137086,11309.0,Australia,Silver,17841.0,445.0,7939245.0,696184925.0,9.704775525247122
COM01015.00,POINT (135.5646667 -29.729713399999998),15.182738025137086,11309.0,Australia,Gold,3472.0,35300.0,122561600.0,696184925.0,769.8394967218503
COM01015.00,POINT (135.5646667 -29.729713399999998),15.182738025137086,11309.0,Australia,Copper,102479000.0,5.52,565684080.0,696184925.0,0.1203828334817171
COM01052.00,POINT (-70.177972 18.94025),7.262878286800283,60127.0,Dominican Republic,Gold,30119.0,35300.0,1063200700.0,1063200700.0,241.13942318138993
COM01054.00,POINT (-71.2257530981167 -30.85848584662461),2.4363131867657475,61201.0,Chile,Silver,1701.0,445.0,756945.0,52120445.0,20.80103821275428
COM01054.00,POINT (-71.2257530981167 -30.85848584662461),2.4363131867657475,61201.0,Chile,Gold,595.0,35300.0,21003500.0,52120445.0,1650.0598851915192
COM01054.00,POINT (-71.2257530981167 -30.85848584662461),2.4363131867657475,61201.0,Chile,Copper,5500000.0,5.52,30359999.999999996,52120445.0,0.2580263616503452
COM01055.00,POINT (26.0403456 63.66103049999999),2.5747981067627004,80608.0,Finland,Copper,11904000.0,5.52,65710079.99999999,114095160.0,0.12457045109827712
COM01055.00,POINT (26.0403456 63.66103049999999),2.5747981067627004,80608.0,Finland,Zinc,22716000.0,2.13,48385080.0,114095160.0,0.048067945804226506
COM01056.00,POINT (-68.80122560529969 -21.003938695271998),18.099103439999894,61001.0,Chile,Copper,21100000.0,5.52,116471999.99999999,116471999.99999999,0.8577774142180045
COM01060.00,POINT (-78.3095598 -8.0023449),2.6182859004938335,61004.0,Peru,Silver,8348.0,445.0,3714860.0,31266260.0,37.265001497453035
COM01060.00,POINT (-78.3095598 -8.0023449),2.6182859004938335,61004.0,Peru,Gold,48.0,35300.0,1694400.0,31266260.0,2956.077646876612
COM01060.00,POINT (-78.3095598 -8.0023449),2.6182859004938335,61004.0,Peru,Copper,1000000.0,5.52,5520000.0,31266260.0,0.4622535017212152
COM01060.00,POINT (-78.3095598 -8.0023449),2.6182859004938335,61004.0,Peru,Lead,2400000.0,1.64,3935999.9999999995,31266260.0,0.1373361852939842
COM01060.00,POINT (-78.3095598 -8.0023449),2.6182859004938335,61004.0,Peru,Zinc,7700000.0,2.13,16401000.0,31266260.0,0.17836955772938196
COM01061.00,POINT (74.131346 24.947337799999996),1.0278571027372723,40206.0,India,Lead,117529000.0,1.64,192747560.0,657771290.0,0.00256272305300696
COM01061.00,POINT (74.131346 24.947337799999996),1.0278571027372723,40206.0,India,Zinc,218321000.0,2.13,465023730.0,657771290.0,0.003328414696893186
COM01062.00,POINT (74.74172369999998 25.831140099999995),9.302523572109633,40206.0,India,Lead,34622000.0,1.64,56780080.0,818406310.0,0.018641276920579705
COM01062.00,POINT (74.74172369999998 25.831140099999995),9.302523572109633,40206.0,India,Zinc,357571000.0,2.13,761626230.0,818406310.0,0.024210926732216326
COM01066.00,POINT (120.40169070578399 -33.64495814863619),24.388734710028558,11202.0,Australia,Nickel,17837000.0,12.5,222962500.0,222962500.0,1.3673114711010015
COM01067.00,POINT (146.89745964573 -20.113653934709596),3.7558767164752176,10705.0,Australia,Gold,1528.0,35300.0,53938400.0,53938400.0,2458.0345003110065
COM01069.00,POINT (-118.38684651275497 39.0043233320473),8.233728965796512,51305.0,United States of America,Gold,539.0,35300.0,19026700.0,19026700.0,15275.93500147776
COM01071.00,POINT (-74.9503175405851 -13.094855155387398),1.0177552100772012,61003.0,Peru,Silver,14379.0,445.0,6398655.0,21689025.0,20.88157805546144
COM01071.00,POINT (-74.9503175405851 -13.094855155387398),1.0177552100772012,61003.0,Peru,Lead,3036000.0,1.64,4979040.0,21689025.0,0.07695682699091405
COM01071.00,POINT (-74.9503175405851 -13.094855155387398),1.0177552100772012,61003.0,Peru,Zinc,4841000.0,2.13,10311330.0,21689025.0,0.09995002529917496
COM01072.00,POINT (-162.8561111 68.0755556),9.44821359614705,51104.0,United States of America,Lead,98400000.0,1.64,161376000.0,1403592000.0,0.011039582939829496
COM01072.00,POINT (-162.8561111 68.0755556),9.44821359614705,51104.0,United States of America,Zinc,583200000.0,2.13,1242216000.0,1403592000.0,0.014337994915754165
COM01074.00,POINT (-93.74358649999999 51.0611857),3.1304661879916202,50609.0,Canada,Gold,8585.0,35300.0,303050500.0,303050500.0,364.64370273635643
COM01081.00,POINT (145.43580429999997 -41.79523509999999),3.722221200642685,10413.0,Australia,Tin,7182000.0,16.7,119939400.0,121672680.0,0.5108878513297549
COM01081.00,POINT (145.43580429999997 -41.79523509999999),3.722221200642685,10413.0,Australia,Copper,314000.0,5.52,1733279.9999999998,121672680.0,0.16886831972097285
COM01091.00,POINT (-115.010938888696 39.26439211535731),38.981365300256286,51305.0,United States of America,Copper,48000000.0,5.52,264959999.99999997,264959999.99999997,0.8121117770886727
COM01093.00,POINT (-118.15413149999999 40.285508699999994),7.509071101791987,51305.0,United States of America,Silver,106438.0,445.0,47364910.0,82735510.0,40.388179637708575
COM01093.00,POINT (-118.15413149999999 40.285508699999994),7.509071101791987,51305.0,United States of America,Gold,1002.0,35300.0,35370600.0,82735510.0,3203.8263847440735
COM01097.00,POINT (145.54031309999996 -41.77915860000001),1.0328508665356944,10413.0,Australia,Silver,82602.0,445.0,36757890.0,287193880.0,1.6003775415004802
COM01097.00,POINT (145.54031309999996 -41.77915860000001),1.0328508665356944,10413.0,Australia,Gold,961.0,35300.0,33923300.0,287193880.0,126.9512971122853
COM01097.00,POINT (145.54031309999996 -41.77915860000001),1.0328508665356944,10413.0,Australia,Copper,1465000.0,5.52,8086799.999999999,287193880.0,0.01985187422265764
COM01097.00,POINT (145.54031309999996 -41.77915860000001),1.0328508665356944,10413.0,Australia,Lead,28744000.0,1.64,47140160.0,287193880.0,0.0058980206023837925
COM01097.00,POINT (145.54031309999996 -41.77915860000001),1.0328508665356944,10413.0,Australia,Zinc,75721000.0,2.13,161285730.0,287193880.0,0.007660234075047243
COM01101.00,POINT (-117.10340890000002 38.708353499999994),31.2596317076197,51305.0,United States of America,Gold,4468.0,35300.0,157720400.0,157720400.0,6996.3365504968
COM01102.00,POINT (27.5539872 -11.6112544),14.94635604165674,30704.0,DR Congo,Cobalt,5070000.0,32.1,162747000.0,349455480.0,1.372930334179282
COM01102.00,POINT (27.5539872 -11.6112544),14.94635604165674,30704.0,DR Congo,Copper,33824000.0,5.52,186708480.0,349455480.0,0.23609269298036248
COM01104.00,POINT (16.1067580683387 51.50090823595071),0.9487945227621358,80412.0,Poland,Copper,186200000.0,5.52,1027823999.9999999,1027823999.9999999,0.005095566717304704
COM01106.00,POINT (-11.647074199999999 13.8695281),4.018031720639898,30722.0,Mali,Gold,4080.0,35300.0,144024000.0,144024000.0,984.811696235269
COM01107.00,POINT (-109.6496429 32.94617079999999),4.094469902059768,51303.0,United States of America,Copper,49895161.0,5.52,275421288.71999997,275421288.71999997,0.08206146287532308
COM01112.00,POINT (-50.53530909835259 -5.7894109699844485),37.43819475420077,60180.0,Brazil,Gold,11446.0,35300.0,404043800.0,1447323800.0,913.1116857356227
COM01112.00,POINT (-50.53530909835259 -5.7894109699844485),37.43819475420077,60180.0,Brazil,Copper,189000000.0,5.52,1043279999.9999999,1447323800.0,0.14278686983741182
COM01113.00,POINT (-69.5969407079833 -26.282513202488293),28.88254707693212,61201.0,Chile,Silver,35497.0,445.0,15796165.0,390940165.0,32.87647215587274
COM01113.00,POINT (-69.5969407079833 -26.282513202488293),28.88254707693212,61201.0,Chile,Gold,354.0,35300.0,12496200.0,390940165.0,2607.953858656871
COM01113.00,POINT (-69.5969407079833 -26.282513202488293),28.88254707693212,61201.0,Chile,Copper,60840000.0,5.52,335836800.0,390940165.0,0.40781601415824165
COM01113.00,POINT (-69.5969407079833 -26.282513202488293),28.88254707693212,61201.0,Chile,Molybdenum,993000.0,27.0,26811000.0,390940165.0,1.9947522431653122
COM01116.00,POINT (-88.9393737734875 14.760847895776402),1.84108936833756,60303.0,Honduras,Gold,1485.0,35300.0,52420500.0,52420500.0,1239.7908204293333
COM01117.00,POINT (-65.7354975758606 -19.6316513890288),32.27331493194744,61002.0,Bolivia,Silver,120831.0,445.0,53769795.0,53769795.0,267.09466057507956
COM01119.00,POINT (-105.9267467 24.1105291),5.622130879339553,60228.0,Mexico,Silver,159030.0,445.0,70768350.0,165937150.0,15.077083349365111
COM01119.00,POINT (-105.9267467 24.1105291),5.622130879339553,60228.0,Mexico,Gold,2696.0,35300.0,95168800.0,165937150.0,1196.0023420957043
COM01123.00,POINT (-106.500856072769 26.0320372172371),1.548229314104586,50302.0,Mexico,Silver,414754.0,445.0,184565530.0,323737680.0,2.12814907667387
COM01123.00,POINT (-106.500856072769 26.0320372172371),1.548229314104586,50302.0,Mexico,Gold,2330.0,35300.0,82249000.0,323737680.0,168.8172188912081
COM01123.00,POINT (-106.500856072769 26.0320372172371),1.548229314104586,50302.0,Mexico,Lead,6101000.0,1.64,10005640.0,323737680.0,0.007843066260101452
COM01123.00,POINT (-106.500856072769 26.0320372172371),1.548229314104586,50302.0,Mexico,Zinc,22027000.0,2.13,46917510.0,323737680.0,0.010186421423180544
COM01126.00,POINT (-87.0875387112218 14.694193503675098),2.367855013080574,60303.0,Honduras,Gold,2779.0,35300.0,98098700.0,98098700.0,852.0529014323764
COM01128.00,POINT (-66.3170479 -21.268716399999995),0.9178563912451516,61001.0,Bolivia,Silver,105097.0,445.0,46768165.0,66401418.519999996,6.1511651890549475
COM01128.00,POINT (-66.3170479 -21.268716399999995),0.9178563912451516,61001.0,Bolivia,Gold,14.0,35300.0,494200.0,66401418.519999996,487.9463621879543
COM01128.00,POINT (-66.3170479 -21.268716399999995),0.9178563912451516,61001.0,Bolivia,Copper,894737.0,5.52,4938948.239999999,66401418.519999996,0.07630209403052428
COM01128.00,POINT (-66.3170479 -21.268716399999995),0.9178563912451516,61001.0,Bolivia,Lead,442105.0,1.64,725052.2,66401418.519999996,0.022669462719213742
COM01128.00,POINT (-66.3170479 -21.268716399999995),0.9178563912451516,61001.0,Bolivia,Zinc,6326316.0,2.13,13475053.08,66401418.519999996,0.02944265584873492
COM01129.00,POINT (119.233660468615 -28.06806687928359),1.6094153884794036,11310.0,Australia,Gold,929.0,35300.0,32793700.0,32793700.0,1732.4169951339113
COM01132.00,POINT (-59.652968389473806 -14.848272902116197),6.706431620246691,60212.0,Brazil,Gold,2362.0,35300.0,83378600.0,83378600.0,2839.302125421969
COM01138.00,POINT (-102.9258891 23.127227700000002),2.4054362976468373,50302.0,Mexico,Silver,560782.0,445.0,249547990.0,435552250.0,2.4576136444085472
COM01138.00,POINT (-102.9258891 23.127227700000002),2.4054362976468373,50302.0,Mexico,Gold,2436.0,35300.0,85990800.0,435552250.0,194.95227336544207
COM01138.00,POINT (-102.9258891 23.127227700000002),2.4054362976468373,50302.0,Mexico,Lead,22662000.0,1.64,37165680.0,435552250.0,0.009057272756921387
COM01138.00,POINT (-102.9258891 23.127227700000002),2.4054362976468373,50302.0,Mexico,Zinc,29506000.0,2.13,62847780.0,435552250.0,0.01176340912941619
COM01140.00,POINT (27.4030727 -26.422493099999993),0.8071312239916427,31009.0,South Africa,Gold,1049.0,35300.0,37029700.0,37029700.0,769.429193509669
COM01141.00,POINT (77.40954123073509 46.9967554750577),9.401093917543655,81318.0,Kazakhstan,Silver,6936.0,445.0,3086520.0,90209720.0,46.375122251869605
COM01141.00,POINT (77.40954123073509 46.9967554750577),9.401093917543655,81318.0,Kazakhstan,Gold,574.0,35300.0,20262200.0,90209720.0,3678.7456527887575
COM01141.00,POINT (77.40954123073509 46.9967554750577),9.401093917543655,81318.0,Kazakhstan,Copper,12112500.0,5.52,66860999.99999999,90209720.0,0.5752599434389217
COM01143.00,POINT (-103.620726952156 55.6842228091855),0.441307939828276,50609.0,Canada,Gold,3487.0,35300.0,123091100.0,123091100.0,126.5580555859696
COM01150.00,POINT (25.301002499999996 -12.281384399999999),20.46894584347428,30704.0,Zambia,Copper,223656000.0,5.52,1234581120.0,1234581120.0,0.09151977073485298
COM01151.00,POINT (106.00035816775099 16.9596326797247),10.851709800040625,40136.0,Laos,Copper cathode,62941000.0,5.52,347434320.0,347796220.0,0.17223142360841143
COM01151.00,POINT (106.00035816775099 16.9596326797247),10.851709800040625,40136.0,Laos,Silver,20.0,445.0,8900.0,347796220.0,13.88459846118534
COM01151.00,POINT (106.00035816775099 16.9596326797247),10.851709800040625,40136.0,Laos,Gold,10.0,35300.0,353000.0,347796220.0,1101.4074734378485
COM01153.00,POINT (-49.9664197390533 -14.575291582930102),0.7082348319654894,60704.0,Brazil,Gold,3685.0,35300.0,130080500.0,130080500.0,192.19398425115045
COM01164.00,POINT (-78.21221918543169 -7.6272023160927285),3.232226179088841,60153.0,Peru,Gold,2240.0,35300.0,79072000.0,79072000.0,1442.9581156646611
COM01166.00,POINT (111.55216356076498 34.1769072338953),0.0548792135540176,80434.0,China,Gold,1833.0,35300.0,64704900.0,64704900.0,29.93956004038058
COM01171.00,POINT (74.2621995636675 43.6166343035107),4.602316955290457,81310.0,Kazakhstan,Silver,1142.0,445.0,508190.0,62998913.99999999,32.5089896804293
COM01171.00,POINT (74.2621995636675 43.6166343035107),4.602316955290457,81310.0,Kazakhstan,Gold,161.0,35300.0,5683300.0,62998913.99999999,2578.8030016160774
COM01171.00,POINT (74.2621995636675 43.6166343035107),4.602316955290457,81310.0,Kazakhstan,Copper,10291200.0,5.52,56807423.99999999,62998913.99999999,0.40325757985611177
COM01183.00,POINT (130.89026664014798 43.2147184055476),2.9154897802538993,80426.0,China,Gold,3111.0,35300.0,109818300.0,193622940.0,531.5320036095034
COM01183.00,POINT (130.89026664014798 43.2147184055476),2.9154897802538993,80426.0,China,Copper,15182000.0,5.52,83804640.0,193622940.0,0.08311775240579203
COM01185.00,POINT (125.57809640000002 9.5392957),2.086512234094018,40129.0,Philippines,Silver,1184.0,445.0,526880.0,45957980.0,20.203193094471036
COM01185.00,POINT (125.57809640000002 9.5392957),2.086512234094018,40129.0,Philippines,Gold,1287.0,35300.0,45431100.0,45957980.0,1602.6353173816349
COM01188.00,POINT (-69.36080186763 -22.877928314028598),287.2608776201673,61303.0,Chile,Copper,96900000.0,5.52,534887999.99999994,861882732.0,1.839786302231338
COM01188.00,POINT (-69.36080186763 -22.877928314028598),287.2608776201673,61303.0,Chile,Molybdenum,12110916.0,27.0,326994732.0,861882732.0,8.998954739175025
COM01190.00,POINT (-111.1012802 31.875774300000003),87.54614551878224,51303.0,United States of America,Copper,72574779.0,5.52,400612780.08,400612780.08,1.2062888337390907
COM01191.00,POINT (-9.35316856114314 11.5568304908159),15.677011777550165,30722.0,Guinea,Gold,8071.0,35300.0,284906300.0,284906300.0,1942.3877806405853
COM01193.00,POINT (-130.337474476799 59.9281194815848),1.2989194092121732,50613.0,Canada,Silver,32883.0,445.0,14632935.0,43473004.86,13.29604748880055
COM01193.00,POINT (-130.337474476799 59.9281194815848),1.2989194092121732,50613.0,Canada,Lead,7509498.0,1.64,12315576.719999999,43473004.86,0.049001163778950335
COM01193.00,POINT (-130.337474476799 59.9281194815848),1.2989194092121732,50613.0,Canada,Zinc,7757978.0,2.13,16524493.139999999,43473004.86,0.06364175539583183
COM01197.00,POINT (120.858030982134 -28.3605953895877),1.5039210922952329,11310.0,Australia,Nickel,6000000.0,12.5,75000000.0,75000000.0,0.2506535153825388
COM01201.00,POINT (16.6021639821642 -27.812910523073096),10.771347681896236,31322.0,Namibia,Zinc,59367710.0,2.13,126453222.3,126453222.3,0.1814344478150873
COM01208.00,POINT (121.3795978 -2.5686792),61.07671641331471,10123.0,Indonesia,Nickel,81005400.0,12.5,1012567500.0,1012567500.0,0.7539832704154873
COM01209.00,POINT (-50.05010035147399 -6.41172186735979),28.454625242013062,60140.0,Brazil,Gold,1337.0,35300.0,47196100.0,411516100.0,2440.8480519791597
COM01209.00,POINT (-50.05010035147399 -6.41172186735979),28.454625242013062,60140.0,Brazil,Copper,66000000.0,5.52,364320000.0,411516100.0,0.38168502115934744
COM01212.00,POINT (121.61526031424899 -31.0386301325927),16.296431697038322,11201.0,Australia,Gold,2454.0,35300.0,86626200.0,86626200.0,6640.762712729554
COM01216.00,POINT (33.3083106909521 47.837935134191994),72.4368986390131,80814.0,Ukraine,Iron,7579379500.0,0.294,2228337573.0,2228337573.0,0.00955710142749985
COM01227.00,POINT (-109.87504597970299 45.38915738164109),1.3423315235771158,50528.0,United States of America,PGM,18444.0,54375.6,1002903566.4,1002903566.4,72.77876401957903
COM01229.00,POINT (37.78823330532399 51.24433665671341),3.1527190278821977,80419.0,Russian Federation,Iron,884000000.0,0.294,259896000.0,259896000.0,0.0035664242396857442
COM01241.00,POINT (34.7149193 24.944876599999997),20.05429947248516,81333.0,Egypt,Gold,14692.0,35300.0,518627600.0,518627600.0,1364.9809061043534
COM01243.00,POINT (122.41739469999997 -29.077361000000003),17.09772698598278,11310.0,Australia,Gold,8193.0,35300.0,289212900.0,289212900.0,2086.8701313295232
COM01251.00,POINT (-76.2718514841061 -10.751867606244899),5.506384707659667,61003.0,Peru,Silver,92494.0,445.0,41159830.0,172687590.0,14.189445778405684
COM01251.00,POINT (-76.2718514841061 -10.751867606244899),5.506384707659667,61003.0,Peru,Lead,23599000.0,1.64,38702360.0,172687590.0,0.05229368781255128
COM01251.00,POINT (-76.2718514841061 -10.751867606244899),5.506384707659667,61003.0,Peru,Zinc,43580000.0,2.13,92825400.0,172687590.0,0.06791802136630137
COM01253.00,POINT (75.66743604831689 42.68333750720231),1.4387503696910584,80818.0,Kyrgyzstan,Gold,3237.0,35300.0,114266100.0,114266100.0,444.4703026540186
COM01255.00,POINT (-71.9155418 -15.4692313),1.1086327487302496,61002.0,Peru,Silver,79504.0,445.0,35379280.0,177420660.0,2.78063204806566
COM01255.00,POINT (-71.9155418 -15.4692313),1.1086327487302496,61002.0,Peru,Gold,3087.0,35300.0,108971100.0,177420660.0,220.57598044206244
COM01255.00,POINT (-71.9155418 -15.4692313),1.1086327487302496,61002.0,Peru,Lead,7603000.0,1.64,12468920.0,177420660.0,0.010247722604107152
COM01255.00,POINT (-71.9155418 -15.4692313),1.1086327487302496,61002.0,Peru,Zinc,9672000.0,2.13,20601360.0,177420660.0,0.013309542162651362
COM01258.00,POINT (-78.69728519999998 -6.740413200000001),13.35071315842172,61004.0,Peru,Silver,23459.0,445.0,10439255.0,188492455.0,31.518860293361165
COM01258.00,POINT (-78.69728519999998 -6.740413200000001),13.35071315842172,61004.0,Peru,Gold,5044.0,35300.0,178053200.0,188492455.0,2500.2601536081997
COM01261.00,POINT (-6.7204865 53.65447859999999),0.4279710481207789,80409.0,Ireland,Silver,1160.0,445.0,516200.0,309556200.0,0.6152263027319325
COM01261.00,POINT (-6.7204865 53.65447859999999),0.4279710481207789,80409.0,Ireland,Lead,17000000.0,1.64,27880000.0,309556200.0,0.0022673508684952115
COM01261.00,POINT (-6.7204865 53.65447859999999),0.4279710481207789,80409.0,Ireland,Zinc,132000000.0,2.13,281160000.0,309556200.0,0.002944791067009025
COM01265.00,POINT (-15.510972 20.5501513),17.862180747042498,81321.0,Mauritania,Gold,6985.0,35300.0,246570500.0,246570500.0,2557.2198635708655
COM01266.00,POINT (26.6164087727796 -26.998154391715794),1.1018857679640564,31009.0,South Africa,Gold,2679.0,35300.0,94568700.0,94568700.0,411.3048779261129
COM01270.00,POINT (122.21440879999999 -21.730009),68.29681598115113,11304.0,Australia,Silver,6438.0,445.0,2864910.0,558909910.0,54.377427502783505
COM01270.00,POINT (122.21440879999999 -21.730009),68.29681598115113,11304.0,Australia,Gold,13250.0,35300.0,467725000.0,558909910.0,4313.535260333164
COM01270.00,POINT (122.21440879999999 -21.730009),68.29681598115113,11304.0,Australia,Copper,16000000.0,5.52,88320000.0,558909910.0,0.6745244939671122
COM01273.00,POINT (26.1873685574028 -10.5635519404217),23.90823925852264,30704.0,DR Congo,Cobalt,16014000.0,32.1,514049400.0,1639930680.0,0.46797982960997886
COM01273.00,POINT (26.1873685574028 -10.5635519404217),23.90823925852264,30704.0,DR Congo,Copper,203964000.0,5.52,1125881280.0,1639930680.0,0.08047503611984683
COM01275.00,POINT (145.7731249 -20.336717899999996),3.8479936954406733,10705.0,Australia,Silver,7055.0,445.0,3139475.0,31659664.159999996,54.08639794210312
COM01275.00,POINT (145.7731249 -20.336717899999996),3.8479936954406733,10705.0,Australia,Gold,24.0,35300.0,847200.0,31659664.159999996,4290.449095182562
COM01275.00,POINT (145.7731249 -20.336717899999996),3.8479936954406733,10705.0,Australia,Copper,143976.0,5.52,794747.5199999999,31659664.159999996,0.6709144194166498
COM01275.00,POINT (145.7731249 -20.336717899999996),3.8479936954406733,10705.0,Australia,Lead,3326874.0,1.64,5456073.359999999,31659664.159999996,0.19932964634842495
COM01275.00,POINT (145.7731249 -20.336717899999996),3.8479936954406733,10705.0,Australia,Zinc,10057356.0,2.13,21422168.279999997,31659664.159999996,0.25888545531838114
COM01277.00,POINT (-97.85078539999999 55.712833800000006),13.66570613016417,50609.0,Canada,Nickel,15290200.0,12.5,191127500.0,191127500.0,0.8937558782857103
COM01278.00,POINT (121.00078429999999 -28.1792647),6.32818955847608,11310.0,Australia,Gold,5739.0,35300.0,202586700.0,202586700.0,1102.6641502833384
COM01284.00,POINT (-81.17427156593111 48.5554329196463),4.466168626571822,50602.0,Canada,Gold,5194.0,35300.0,183348200.0,183348200.0,859.8707405798656
COM01290.00,POINT (-70.603973 -17.252818999999995),47.32121977487716,61315.0,Peru,Copper,231700000.0,5.52,1278984000.0,1664417880.0,0.1569396341484399
COM01290.00,POINT (-70.603973 -17.252818999999995),47.32121977487716,61315.0,Peru,Molybdenum,7300000.0,27.0,197100000.0,1664417880.0,0.7676395148564994
COM01290.00,POINT (-70.603973 -17.252818999999995),47.32121977487716,61315.0,Peru,Copper cathode,26300000.0,5.52,145176000.0,1664417880.0,0.1569396341484399
COM01290.00,POINT (-70.603973 -17.252818999999995),47.32121977487716,61315.0,Peru,Silver,96984.0,445.0,43157880.0,1664417880.0,12.651836448560825
COM01292.00,POINT (-62.91736640116831 44.986457510825794),2.521816345498403,50410.0,Canada,Gold,3182.0,35300.0,112324600.0,112324600.0,792.5255642672543
COM01294.00,POINT (-71.0090234128994 -31.722284761927703),0.40710568346706144,61201.0,Chile,Copper,11000000.0,5.52,60719999.99999999,60719999.99999999,0.037009607587914675
COM01295.00,POINT (146.72236799999996 -31.397238),4.409486462100547,10803.0,Australia,Copper,25004000.0,5.52,138022080.0,142827790.0,0.1704175725942061
COM01295.00,POINT (146.72236799999996 -31.397238),4.409486462100547,10803.0,Australia,Silver,3898.0,445.0,1734610.0,142827790.0,13.738373152974948
COM01295.00,POINT (146.72236799999996 -31.397238),4.409486462100547,10803.0,Australia,Gold,87.0,35300.0,3071100.0,142827790.0,1089.8080276404846
COM01296.00,POINT (124.5402997 -29.2404609),22.88053476673139,11305.0,Australia,Gold,13608.0,35300.0,480362400.0,480362400.0,1681.403201552865
COM01300.00,POINT (114.03946044462 -8.624340971419096),1.5724005321317285,40113.0,Indonesia,Silver,11589.0,445.0,5157105.0,227970705.0,3.0693340041152175
COM01300.00,POINT (114.03946044462 -8.624340971419096),1.5724005321317285,40113.0,Indonesia,Gold,6312.0,35300.0,222813600.0,227970705.0,243.4775063938589
COM01310.00,POINT (30.104568200000003 -24.935206600000004),0.4277251042478479,31004.0,South Africa,Gold,66.0,35300.0,2329800.0,305207534.0,49.47026038993202
COM01310.00,POINT (30.104568200000003 -24.935206600000004),0.4277251042478479,31004.0,South Africa,Copper,240000.0,5.52,1324800.0,305207534.0,0.007735859415082854
COM01310.00,POINT (30.104568200000003 -24.935206600000004),0.4277251042478479,31004.0,South Africa,Iridium,287.0,92020.0,26409740.0,305207534.0,128.9590187275225
COM01310.00,POINT (30.104568200000003 -24.935206600000004),0.4277251042478479,31004.0,South Africa,Nickel,552000.0,12.5,6900000.0,305207534.0,0.017517797588502842
COM01310.00,POINT (30.104568200000003 -24.935206600000004),0.4277251042478479,31004.0,South Africa,Palladium,2433.0,28100.0,68367300.0,305207534.0,39.380008978954386
COM01310.00,POINT (30.104568200000003 -24.935206600000004),0.4277251042478479,31004.0,South Africa,Platinum,4167.0,24900.0,103758300.0,305207534.0,34.89545279629766
COM01310.00,POINT (30.104568200000003 -24.935206600000004),0.4277251042478479,31004.0,South Africa,Rhodium,725.0,118000.0,85550000.0,305207534.0,165.3680092354668
COM01310.00,POINT (30.104568200000003 -24.935206600000004),0.4277251042478479,31004.0,South Africa,Ruthenium,1193.0,8858.0,10567594.0,305207534.0,12.413812083116651
COM01311.00,POINT (-108.36782630000002 32.643966799999994),37.105292726424004,50503.0,United States of America,Copper,21772434.0,5.52,120183835.67999999,120183835.67999999,1.704232642359784
COM01314.00,POINT (-76.6906538953377 -10.623623402097701),1.8429823124110571,61003.0,Peru,Silver,330932.0,445.0,147264740.0,216962860.0,3.780034652119355
COM01314.00,POINT (-76.6906538953377 -10.623623402097701),1.8429823124110571,61003.0,Peru,Lead,17635000.0,1.64,28921400.0,216962860.0,0.013930914223540996
COM01314.00,POINT (-76.6906538953377 -10.623623402097701),1.8429823124110571,61003.0,Peru,Zinc,19144000.0,2.13,40776720.0,216962860.0,0.018093199570818487
COM01320.00,POINT (30.094857199999996 -19.622660199999995),0.7280238356621582,30719.0,Zimbabwe,PGM,6099.0,54375.6,331636784.4,464148384.4,85.28895975713591
COM01320.00,POINT (30.094857199999996 -19.622660199999995),0.7280238356621582,30719.0,Zimbabwe,Palladium,2348.0,28100.0,65978800.0,464148384.4,44.075279521982644
COM01320.00,POINT (30.094857199999996 -19.622660199999995),0.7280238356621582,30719.0,Zimbabwe,Platinum,2672.0,24900.0,66532800.0,464148384.4,39.05603060844725
COM01325.00,POINT (166.912907824585 -22.336325996903696),17.48081642478438,10113.0,New Caledonia,Nickel,38423000.0,12.5,480287500.0,480287500.0,0.4549570940526346
COM01331.00,POINT (-69.95186099999998 -29.378722000000003),12.027520529705846,61008.0,Argentina,Gold,17294.0,35300.0,610478200.0,610478200.0,695.4736052796256
COM01350.00,POINT (175.84204161529996 -37.3865483488914),0.6178537669709429,10406.0,New Zealand,Gold,2118.0,35300.0,74765400.0,74765400.0,291.71565957079457
COM01366.00,POINT (126.329575878024 -7.706117418790139),1.2105028503453108,10204.0,Indonesia,Copper,16777000.0,5.52,92609040.0,92609040.0,0.07215252132951724
COM01367.00,POINT (-103.8458114 44.3471028),11.21959260196084,50528.0,United States of America,Gold,2382.0,35300.0,84084600.0,84084600.0,4710.156423996995
COM01368.00,POINT (117.8339159 -20.8378973),0.16015830162470046,11307.0,Australia,Copper,1275000.0,5.52,7037999.999999999,7037999.999999999,0.12561435421545133
COM01374.00,POINT (120.255726473644 -26.629212723683903),13.336554421593588,11310.0,Australia,Gold,1925.0,35300.0,67952500.0,67952500.0,6928.080219009656
COM01388.00,POINT (-78.49792479999999 -6.9729494999999995),61.24899938737847,61004.0,Peru,Silver,22928.0,445.0,10202960.0,537584960.0,50.700459937315614
COM01388.00,POINT (-78.49792479999999 -6.9729494999999995),61.24899938737847,61004.0,Peru,Gold,14940.0,35300.0,527382000.0,537584960.0,4021.8567096342504
COM01397.00,POINT (-11.754167995482797 14.084742015471699),10.160635422483784,30722.0,Mali,Gold,780.0,35300.0,27534000.0,27534000.0,13026.455669851004
COM01398.00,POINT (-76.0912018083864 -11.682531892123702),3.7102424493862034,61003.0,Peru,Silver,230641.0,445.0,102635245.0,473587487.0,3.4862785341641858
COM01398.00,POINT (-76.0912018083864 -11.682531892123702),3.7102424493862034,61003.0,Peru,Copper,6406000.0,5.52,35361120.0,473587487.0,0.043245522491205175
COM01398.00,POINT (-76.0912018083864 -11.682531892123702),3.7102424493862034,61003.0,Peru,Lead,22421000.0,1.64,36770440.0,473587487.0,0.012848307406807336
COM01398.00,POINT (-76.0912018083864 -11.682531892123702),3.7102424493862034,61003.0,Peru,Zinc,140291400.0,2.13,298820682.0,473587487.0,0.01668713096128026
COM01399.00,POINT (-75.72189999999999 -12.310499999999998),0.07876217109110593,61003.0,Peru,Silver,55955.0,445.0,24899975.0,183751741.33999997,0.1907419536813525
COM01399.00,POINT (-75.72189999999999 -12.310499999999998),0.07876217109110593,61003.0,Peru,Gold,130.0,35300.0,4589000.0,183751741.33999997,15.130766213374704
COM01399.00,POINT (-75.72189999999999 -12.310499999999998),0.07876217109110593,61003.0,Peru,Copper,9098609.0,5.52,50224321.68,183751741.33999997,0.0023660574928563278
COM01399.00,POINT (-75.72189999999999 -12.310499999999998),0.07876217109110593,61003.0,Peru,Lead,15670709.0,1.64,25699962.759999998,183751741.33999997,0.0007029591101964451
COM01399.00,POINT (-75.72189999999999 -12.310499999999998),0.07876217109110593,61003.0,Peru,Zinc,36778630.0,2.13,78338481.89999999,183751741.33999997,0.000912989576047822
COM01403.00,POINT (113.598869017118 39.3641593637489),1.0437020613082713,80411.0,China,Gold,1355.0,35300.0,47831500.0,56760425.0,649.0910306640934
COM01403.00,POINT (113.598869017118 39.3641593637489),1.0437020613082713,80411.0,China,Silver,20065.0,445.0,8928925.0,56760425.0,8.182592312904292
COM01416.00,POINT (73.7216854965904 24.362835590388595),1.3676240200052292,40206.0,India,Lead,44698000.0,1.64,73304720.0,189732650.0,0.01182138863716169
COM01416.00,POINT (73.7216854965904 24.362835590388595),1.3676240200052292,40206.0,India,Zinc,54661000.0,2.13,116427930.0,189732650.0,0.0153533889007039
COM01421.00,POINT (67.49154579334979 47.8843678454444),4.773309777164513,81318.0,Kazakhstan,Silver,17600.0,445.0,7832000.0,52649984.0,40.34422595148763
COM01421.00,POINT (67.49154579334979 47.8843678454444),4.773309777164513,81318.0,Kazakhstan,Copper,8119200.0,5.52,44817984.0,52649984.0,0.5004497241622735
COM01423.00,POINT (67.45704285282169 47.90149487740079),16.37731156945986,81318.0,Kazakhstan,Silver,9032.0,445.0,4019240.0,61043047.99999999,119.38957649050616
COM01423.00,POINT (67.45704285282169 47.90149487740079),16.37731156945986,81318.0,Kazakhstan,Copper,10330400.0,5.52,57023807.99999999,61043047.99999999,1.4809673308485254
COM01425.00,POINT (67.38471679584218 47.8243241673754),12.511847032153064,81318.0,Kazakhstan,Silver,100784.0,445.0,44848880.0,315391256.0,17.6535392893331
COM01425.00,POINT (67.38471679584218 47.8243241673754),12.511847032153064,81318.0,Kazakhstan,Copper,49011300.0,5.52,270542376.0,315391256.0,0.21898322893734543
COM01426.00,POINT (67.4446704114473 47.8696587288877),1.3366298650213595,81318.0,Kazakhstan,Silver,26687.0,445.0,11875715.0,182115827.0,3.2660549043576808
COM01426.00,POINT (67.4446704114473 47.8696587288877),1.3366298650213595,81318.0,Kazakhstan,Copper,30840600.0,5.52,170240112.0,182115827.0,0.040513759712481785
COM01430.00,POINT (116.40543743353699 25.1897949289825),18.908501605018234,40118.0,China,Silver,29976.0,445.0,13339320.0,550749740.0,15.277870515623148
COM01430.00,POINT (116.40543743353699 25.1897949289825),18.908501605018234,40118.0,China,Gold,3241.0,35300.0,114407300.0,550749740.0,1211.9299532617913
COM01430.00,POINT (116.40543743353699 25.1897949289825),18.908501605018234,40118.0,China,Copper,57400000.0,5.52,316848000.0,550749740.0,0.18951425898031413
COM01430.00,POINT (116.40543743353699 25.1897949289825),18.908501605018234,40118.0,China,Copper cathode,19231000.0,5.52,106155119.99999999,550749740.0,0.1895142589803141
COM01432.00,POINT (15.1034572 58.81643669999998),0.22172359224185895,80436.0,Sweden,Copper,2906000.0,5.52,16041119.999999998,259365315.0,0.004718881663784
COM01432.00,POINT (15.1034572 58.81643669999998),0.22172359224185895,80436.0,Sweden,Lead,27703000.0,1.64,45432920.0,259365315.0,0.0014019865812691594
COM01432.00,POINT (15.1034572 58.81643669999998),0.22172359224185895,80436.0,Sweden,Zinc,78313000.0,2.13,166806690.0,259365315.0,0.0018208728159166525
COM01432.00,POINT (15.1034572 58.81643669999998),0.22172359224185895,80436.0,Sweden,Silver,69853.0,445.0,31084585.0,259365315.0,0.38041709064925366
COM00007.00,POINT (-0.0003929147341517 -0.0001784748117674),1.0843522363765428,,Brazil,Gold,10319.0,35300.0,364260700.0,364260700.0,105.08307359012916
COM00009.00,POINT (-2.121207999638812e-5 6.288053807856697e-5),29.481406994479656,,Ghana,Gold,18229.0,35300.0,643483700.0,643483700.0,1617.2805416906938
COM00086.00,POINT (0.0011167141182028 5.14410365982918e-6),3.658615079213981,,Indonesia,Gold,2370.0,35300.0,83661000.0,83661000.0,1543.7194427063212
COM00098.00,POINT (0.0002791258266687 -0.0002311546633211),2.1868695009686707,,South Africa,Gold,2948.0,35300.0,104064400.0,104064400.0,741.8146204099969
COM00190.00,POINT (0.0013384588739873 -0.0003005579702298),31.07616681510019,,Australia,Silver,11166.0,445.0,4968870.0,1005977470.0,13.746723604773758
COM00190.00,POINT (0.0013384588739873 -0.0003005579702298),31.07616681510019,,Australia,Gold,18662.0,35300.0,658768600.0,1005977470.0,1090.4704342663229
COM00190.00,POINT (0.0013384588739873 -0.0003005579702298),31.07616681510019,,Australia,Copper,62000000.0,5.52,342240000.0,1005977470.0,0.17052115572663176
COM00205.00,POINT (-0.0010437087559321 0.0003663609992772),62.97186043180411,,United States of America,Gold,26280.0,35300.0,927684000.0,927684000.0,2396.189514147797
COM00276.00,POINT (-0.0006172016800264 -0.0001882475053224),57.42338464799151,,Chile,Copper,565400000.0,5.52,3121007999.9999995,3121559999.9999995,0.10154444676921576
COM00276.00,POINT (-0.0006172016800264 -0.0001882475053224),57.42338464799151,,Chile,Copper cathode,100000.0,5.52,552000.0,3121559999.9999995,0.10154444676921577
COM00285.00,POINT (0.0002491872268368 -0.000235832498553),3.455754051993895,,South Africa,Gold,1276.0,35300.0,45042800.0,45042800.0,2708.271200622175
COM00294.00,POINT (-0.0010484046781432 0.0003615620772025),38.991317147920405,,United States of America,Gold,32939.0,35300.0,1162746700.0,1162746700.0,1183.743196451635
COM00354.00,POINT (0.001099210835396 -0.0002505901989311),42.26621653587972,,Australia,Gold,10948.0,35300.0,386464400.0,386464400.0,3860.6335893203986
COM00395.00,POINT (0.0012640940323858 -0.0001836569980178),69.21471443190781,,Australia,Silver,35893.0,445.0,15972385.0,1974347384.9999998,15.600369092189407
COM00395.00,POINT (0.0012640940323858 -0.0001836569980178),69.21471443190781,,Australia,Lead,158000000.0,1.64,259119999.99999997,1974347384.9999998,0.05749349508132724
COM00395.00,POINT (0.0012640940323858 -0.0001836569980178),69.21471443190781,,Australia,Zinc,326400000.0,2.13,695232000.0,1974347384.9999998,0.07467142958733355
COM00395.00,POINT (0.0012640940323858 -0.0001836569980178),69.21471443190781,,Australia,Gold,3110.0,35300.0,109783000.0,1974347384.9999998,1237.512424616373
COM00395.00,POINT (0.0012640940323858 -0.0001836569980178),69.21471443190781,,Australia,Copper cathode,151100000.0,5.52,834071999.9999999,1974347384.9999998,0.19351469076154046
COM00395.00,POINT (0.0012640940323858 -0.0001836569980178),69.21471443190781,,Australia,Copper,10900000.0,5.52,60167999.99999999,1974347384.9999998,0.19351469076154043
COM00402.00,POINT (0.0007868417404809 0.0004771558340222),0.21534764689174668,,Russian Federation,Iron,3151800000.0,0.294,926629200.0,926629200.0,6.832528932411533e-05
COM00488.00,POINT (-0.0010452885317536 0.0003681037954874),81.59465500309095,,United States of America,Gold,34089.0,35300.0,1203341700.0,1203341700.0,2393.577253750211
COM00562.00,POINT (-0.0009504525304614 0.0002409734533148),1.6828599836472375,,Mexico,Copper,4276800.0,5.52,23607936.0,127232736.0,0.07301098287890902
COM00562.00,POINT (-0.0009504525304614 0.0002409734533148),1.6828599836472375,,Mexico,Lead,18300000.0,1.64,30012000.0,127232736.0,0.021691668826342533
COM00562.00,POINT (-0.0009504525304614 0.0002409734533148),1.6828599836472375,,Mexico,Zinc,34560000.0,2.13,73612800.0,127232736.0,0.028172716219579022
COM00583.00,POINT (-0.0003882352924242 -0.000176077667271),56.415642302702224,,Brazil,Gold,30.0,35300.0,1059000.0,1059000.0,1880521.4100900742
COM00611.00,POINT (0.0010915033381319 -0.0002764801777349),34.59700568157859,,Australia,Gold,12927.0,35300.0,456323100.0,456323100.0,2676.3367897871576
COM00624.00,POINT (0.000228138568923 -9.592322902656981e-5),4.853018641992628,,DR Congo,Cobalt,17100000.0,32.1,548910000.0,1843350000.0,0.08451021152139493
COM00624.00,POINT (0.000228138568923 -9.592322902656981e-5),4.853018641992628,,DR Congo,Copper,234500000.0,5.52,1294440000.0,1843350000.0,0.014532597121436137
COM00670.00,POINT (0.0009354658249334 0.0005080836467865),6.7855951188191845,,Russian Federation,Iron,1862000000.0,0.294,547428000.0,547428000.0,0.0036442508693980582
COM00693.00,POINT (-0.0009841605943107 0.0002724750582935),19.000081336525476,,Mexico,Copper,107200000.0,5.52,591744000.0,1034840265.0,0.10134940872021503
COM00693.00,POINT (-0.0009841605943107 0.0002724750582935),19.000081336525476,,Mexico,Molybdenum,10200000.0,27.0,275400000.0,1034840265.0,0.49573080352279086
COM00693.00,POINT (-0.0009841605943107 0.0002724750582935),19.000081336525476,,Mexico,Copper cathode,25930000.0,5.52,143133600.0,1034840265.0,0.10134940872021503
COM00693.00,POINT (-0.0009841605943107 0.0002724750582935),19.000081336525476,,Mexico,Silver,55197.0,445.0,24562665.0,1034840265.0,8.170378058060813
COM00744.00,POINT (-0.0006317464189983 -0.0002979499415791),38.48139125732042,,Chile,Copper,285400000.0,5.52,1575407999.9999998,1792343999.9999998,0.11851367803301639
COM00744.00,POINT (-0.0006317464189983 -0.0002979499415791),38.48139125732042,,Chile,Copper cathode,39300000.0,5.52,216935999.99999997,1792343999.9999998,0.11851367803301638
COM00807.00,POINT (0.0012319065145987 -0.000294145714401),31.749924723953907,,Australia,Iron,5810770000.0,0.294,1708366380.0,1708366380.0,0.005463978908811381
COM00909.00,POINT (0.0002716881956769 0.0006235371054352),3.210541445721571,,Russian Federation,Copper,11565600.0,5.52,63842111.99999999,442055086.0,0.04009045329790204
COM00909.00,POINT (0.0002716881956769 0.0006235371054352),3.210541445721571,,Russian Federation,Nickel,26820500.0,12.5,335256250.0,442055086.0,0.09078454098256802
COM00909.00,POINT (0.0002716881956769 0.0006235371054352),3.210541445721571,,Russian Federation,PGM,790.0,54375.6,42956724.0,442055086.0,394.91711093213814
COM00910.00,POINT (0.0007933159766765 0.0006249504407134),14.119272497439479,,Russian Federation,Copper,385410080.0,5.52,2127463641.6,10494261293.6,0.007426762304212607
COM00910.00,POINT (0.0007933159766765 0.0006249504407134),14.119272497439479,,Russian Federation,Nickel,198799120.0,12.5,2484989000.0,10494261293.6,0.016817849420771306
COM00910.00,POINT (0.0007933159766765 0.0006249504407134),14.119272497439479,,Russian Federation,PGM,108170.0,54375.6,5881808652.0,10494261293.6,73.15845223712738
COM00919.00,POINT (0.0003011752724416 0.0004326261648272),66.50185871589193,,Ukraine,Iron,7003620000.0,0.294,2059064280.0,2059064280.0,0.009495355075788225
COM00920.00,POINT (0.0010892071114411 -0.0002760997378894),1.3099977967464576,,Australia,Gold,9913.0,35300.0,349928900.0,349928900.0,132.14948015196788
COM00955.00,POINT (-0.0006221934493385 -0.0001800966621917),25.27157556192059,,Chile,Copper cathode,246500000.0,5.52,1360680000.0,1360680000.0,0.10252160471367378
COM00981.00,POINT (-0.0010523456644043 0.0003638601821755),47.803543194796035,,United States of America,Gold,7.0,35300.0,247100.0,80369657.11999999,20996.295557871355
COM00981.00,POINT (-0.0010523456644043 0.0003638601821755),47.803543194796035,,United States of America,Copper,14514956.0,5.52,80122557.11999999,80369657.11999999,3.283273413015577
COM01003.00,POINT (0.0009573185621842 -5.982788582320739e-5),0.24653913640915706,,Indonesia,Gold,1963.0,35300.0,69293900.0,69293900.0,125.59303943410956
COM01053.00,POINT (-0.0005973572573469 -0.0002038671946195),5.016224903507324,,Argentina,Silver,238688.0,445.0,106216160.0,132145512.78999999,16.89213681896341
COM01053.00,POINT (-0.0005973572573469 -0.0002038671946195),5.016224903507324,,Argentina,Lead,10866712.0,1.64,17821407.68,132145512.78999999,0.062254167153033696
COM01053.00,POINT (-0.0005973572573469 -0.0002038671946195),5.016224903507324,,Argentina,Zinc,3806547.0,2.13,8107945.109999999,132145512.78999999,0.08085449758290353
COM01105.00,POINT (0.00024549427366 -0.0002306099429516),10.675596829279455,,South Africa,PGM,24230.0,54375.6,1317520788.0,1609772088.0,360.6050740209927
COM01105.00,POINT (0.00024549427366 -0.0002306099429516),10.675596829279455,,South Africa,Platinum,11737.0,24900.0,292251300.0,1609772088.0,165.130432457255
COM01276.00,POINT (0.000166725885483 0.0005844875279204),4.421022348341939,,Sweden,Copper,5000000.0,5.52,27599999.999999996,285393859.5,0.0855100505862408
COM01276.00,POINT (0.000166725885483 0.0005844875279204),4.421022348341939,,Sweden,Lead,3000000.0,1.64,4920000.0,285393859.5,0.025405159956781692
COM01276.00,POINT (0.000166725885483 0.0005844875279204),4.421022348341939,,Sweden,Zinc,57000000.0,2.13,121410000.0,285393859.5,0.03299572604142988
COM01276.00,POINT (0.000166725885483 0.0005844875279204),4.421022348341939,,Sweden,Silver,72154.0,445.0,32108530.0,285393859.5,6.893473280956007
COM01276.00,POINT (0.000166725885483 0.0005844875279204),4.421022348341939,,Sweden,Gold,2752.0,35300.0,97145600.0,285393859.5,546.8305771185328
COM01276.00,POINT (0.000166725885483 0.0005844875279204),4.421022348341939,,Sweden,Tellurium,44641.0,49.5,2209729.5,285393859.5,0.7668020840613985
COM01308.00,POINT (-0.0010525386620532 0.0003702851935989),54.79673936004624,,United States of America,Gold,19481.0,35300.0,687679300.0,687679300.0,2812.8299040114084
COM01418.00,POINT (0.0006083141728433 0.0003535293310338),7.8102091749562526,,Tajikistan,Gold,4567.0,35300.0,161215100.0,161215100.0,1710.1399551031866
